event_date,channel,impressions
2023-01-01,Affiliate,9726
2023-01-06,Affiliate,4929
2023-01-09,Affiliate,6888
2023-01-10,Affiliate,8406
2023-01-17,Affiliate,9510
2023-01-22,Affiliate,4256
2023-01-28,Affiliate,16179
2023-02-02,Affiliate,8299
2023-02-04,Affiliate,10203.5
2023-02-07,Affiliate,7645.5
2023-02-08,Affiliate,9280
2023-02-09,Affiliate,4683
2023-02-10,Affiliate,4767
2023-02-13,Affiliate,6623
2023-02-16,Affiliate,3704
2023-02-18,Affiliate,10002
2023-02-20,Affiliate,7094
2023-02-22,Affiliate,11229
2023-03-09,Affiliate,10524
2023-03-10,Affiliate,10630
2023-03-11,Affiliate,4309
2023-03-13,Affiliate,12260
2023-03-18,Affiliate,5750
2023-03-24,Affiliate,6119
2023-03-25,Affiliate,8662
2023-03-29,Affiliate,8926
2023-03-30,Affiliate,3836
2023-04-03,Affiliate,8607
2023-04-07,Affiliate,17565
2023-04-08,Affiliate,5692
2023-04-09,Affiliate,6684
2023-04-14,Affiliate,7159
2023-04-16,Affiliate,9482.5
2023-04-21,Affiliate,9555.5
2023-04-28,Affiliate,8190
2023-05-05,Affiliate,5413
2023-05-06,Affiliate,6952.5
2023-05-09,Affiliate,5871
2023-05-11,Affiliate,7478.5
2023-05-12,Affiliate,9403
2023-05-14,Affiliate,5131
2023-05-19,Affiliate,9133.5
2023-05-21,Affiliate,7034
2023-05-24,Affiliate,5761
2023-05-25,Affiliate,6358
2023-06-02,Affiliate,6845
2023-06-16,Affiliate,6282
2023-06-21,Affiliate,5732
2023-06-23,Affiliate,4399
2023-06-26,Affiliate,10386
2023-07-03,Affiliate,7098
2023-07-04,Affiliate,4353.5
2023-07-10,Affiliate,5448
2023-07-12,Affiliate,5396.66666666667
2023-07-14,Affiliate,6130
2023-07-15,Affiliate,11230
2023-07-16,Affiliate,6416
2023-07-17,Affiliate,5115
2023-07-24,Affiliate,4422
2023-07-31,Affiliate,4900
2023-08-03,Affiliate,11220.5
2023-08-04,Affiliate,6097
2023-08-11,Affiliate,5192
2023-08-14,Affiliate,4468
2023-08-18,Affiliate,3786
2023-08-19,Affiliate,6326.5
2023-08-22,Affiliate,6795.5
2023-08-24,Affiliate,6884
2023-08-26,Affiliate,5428
2023-08-27,Affiliate,5286
2023-08-31,Affiliate,4572.5
2023-09-01,Affiliate,3895
2023-09-10,Affiliate,5497.5
2023-09-15,Affiliate,6447
2023-09-19,Affiliate,4176
2023-09-23,Affiliate,3582.5
2023-09-24,Affiliate,3077
2023-09-26,Affiliate,5435
2023-09-28,Affiliate,5121
2023-09-30,Affiliate,3284
2023-10-02,Affiliate,3958
2023-10-10,Affiliate,4305
2023-10-19,Affiliate,5533
2023-10-22,Affiliate,5123
2023-10-23,Affiliate,3831
2023-10-24,Affiliate,8352
2023-10-27,Affiliate,9315
2023-10-28,Affiliate,4740
2023-10-30,Affiliate,5025
2023-11-02,Affiliate,4907
2023-11-03,Affiliate,5674
2023-11-04,Affiliate,4790
2023-11-07,Affiliate,4051
2023-11-08,Affiliate,5917.66666666667
2023-11-10,Affiliate,4804
2023-11-13,Affiliate,6566
2023-11-21,Affiliate,3136
2023-11-22,Affiliate,5058
2023-11-23,Affiliate,4926
2023-11-24,Affiliate,3454
2023-11-26,Affiliate,8460
2023-12-04,Affiliate,7426
2023-12-10,Affiliate,8418
2023-12-16,Affiliate,9792
2023-12-18,Affiliate,3684
2023-12-20,Affiliate,8297
2023-12-23,Affiliate,11635
2023-12-25,Affiliate,7371
2023-12-26,Affiliate,8253
2023-12-28,Affiliate,8631
2023-12-31,Affiliate,6132
2024-01-03,Affiliate,10154
2024-01-04,Affiliate,4861
2024-01-08,Affiliate,10538
2024-01-15,Affiliate,5452
2024-01-16,Affiliate,4039
2024-01-18,Affiliate,3090
2024-01-19,Affiliate,8554
2024-01-29,Affiliate,7131
2024-01-30,Affiliate,9342
2024-02-01,Affiliate,12838.5
2024-02-04,Affiliate,9620
2024-02-05,Affiliate,6992
2024-02-15,Affiliate,9488
2024-02-18,Affiliate,10788
2024-02-19,Affiliate,6408.5
2024-02-21,Affiliate,7219
2024-02-24,Affiliate,4805
2024-02-27,Affiliate,6558
2024-03-01,Affiliate,5872
2024-03-11,Affiliate,8733
2024-03-13,Affiliate,4724
2024-03-16,Affiliate,11945
2024-03-18,Affiliate,7958
2024-03-21,Affiliate,8651.66666666667
2024-03-23,Affiliate,5983
2024-03-29,Affiliate,11871
2024-03-30,Affiliate,5528
2024-04-01,Affiliate,9109
2024-04-03,Affiliate,7524
2024-04-06,Affiliate,12436
2024-04-07,Affiliate,9260
2024-04-16,Affiliate,6044
2024-04-23,Affiliate,9419
2024-04-24,Affiliate,9805
2024-04-25,Affiliate,14920
2024-04-26,Affiliate,9231.5
2024-04-27,Affiliate,6863
2024-04-29,Affiliate,10417
2024-04-30,Affiliate,4997
2024-05-04,Affiliate,5674.33333333333
2024-05-06,Affiliate,7961
2024-05-07,Affiliate,8174
2024-05-08,Affiliate,11013
2024-05-12,Affiliate,3839
2024-05-13,Affiliate,3958
2024-05-18,Affiliate,7039
2024-05-21,Affiliate,5990
2024-05-22,Affiliate,8612
2024-05-23,Affiliate,11551
2024-05-25,Affiliate,9566
2024-06-04,Affiliate,10342
2024-06-05,Affiliate,6601
2024-06-06,Affiliate,3529
2024-06-07,Affiliate,13500
2024-06-08,Affiliate,8965
2024-06-09,Affiliate,4675
2024-06-11,Affiliate,4076
2024-06-13,Affiliate,9248
2024-06-19,Affiliate,5760
2024-06-20,Affiliate,5728
2024-06-23,Affiliate,5460
2024-06-27,Affiliate,9205
2024-06-30,Affiliate,5276
2024-07-05,Affiliate,7164
2024-07-10,Affiliate,8441
2024-07-15,Affiliate,5061
2024-07-17,Affiliate,12934.5
2024-07-18,Affiliate,5710
2024-07-20,Affiliate,6134
2024-07-26,Affiliate,9347
2024-07-27,Affiliate,6794
2024-08-02,Affiliate,5621
2024-08-05,Affiliate,11062
2024-08-08,Affiliate,5379
2024-08-10,Affiliate,8685
2024-08-11,Affiliate,3132
2024-08-14,Affiliate,3938
2024-08-15,Affiliate,6284
2024-08-25,Affiliate,3249.5
2024-08-29,Affiliate,7074
2024-08-30,Affiliate,5692
2024-09-15,Affiliate,4931
2024-09-16,Affiliate,6009
2024-09-17,Affiliate,3971
2024-09-21,Affiliate,4531
2024-09-23,Affiliate,6183
2024-09-24,Affiliate,6174.5
2024-09-29,Affiliate,3060
2024-09-30,Affiliate,5388
2024-10-03,Affiliate,6771
2024-10-08,Affiliate,3466
2024-10-09,Affiliate,4946
2024-10-12,Affiliate,6557
2024-10-14,Affiliate,5106
2024-10-18,Affiliate,8489
2024-10-21,Affiliate,4166.66666666667
2024-10-22,Affiliate,2745
2024-10-25,Affiliate,5456
2024-10-27,Affiliate,4766
2024-11-01,Affiliate,6107
2024-11-04,Affiliate,6926
2024-11-11,Affiliate,4891
2024-11-12,Affiliate,4323
2024-11-13,Affiliate,9340
2024-11-19,Affiliate,3052
2024-11-23,Affiliate,6536.75
2024-12-04,Affiliate,4659.5
2024-12-06,Affiliate,9076
2024-12-12,Affiliate,2706
2024-12-17,Affiliate,7537.5
2024-12-19,Affiliate,5062
2024-12-20,Affiliate,8256.5
2024-12-22,Affiliate,7986
2024-12-24,Affiliate,5140
2024-12-29,Affiliate,9912
2025-01-05,Affiliate,1473
2025-01-21,Affiliate,12771
2025-01-24,Affiliate,9125
2025-01-26,Affiliate,9868
2025-02-01,Affiliate,6697
2025-02-10,Affiliate,17183
2025-02-17,Affiliate,10251
2025-02-18,Affiliate,14109
2025-02-19,Affiliate,11685
2025-02-22,Affiliate,8373
2025-02-25,Affiliate,8550.5
2025-02-27,Affiliate,7165
2025-03-01,Affiliate,10484
2025-03-04,Affiliate,14739
2025-03-05,Affiliate,12959
2025-03-09,Affiliate,14940
2025-03-10,Affiliate,7295
2025-03-12,Affiliate,10689
2025-03-13,Affiliate,7533
2025-03-14,Affiliate,5724
2025-03-19,Affiliate,14133.5
2025-03-20,Affiliate,11099
2025-03-22,Affiliate,6815
2025-03-29,Affiliate,11076
2025-03-30,Affiliate,8954
2025-04-01,Affiliate,10510
2025-04-06,Affiliate,24427
2025-04-13,Affiliate,8470
2025-04-15,Affiliate,13783
2025-04-17,Affiliate,7094
2025-04-21,Affiliate,7885
2025-04-22,Affiliate,14168
2025-04-25,Affiliate,2967
2025-04-27,Affiliate,8574
2025-05-02,Affiliate,17413
2025-05-04,Affiliate,5071
2025-05-08,Affiliate,6758
2025-05-09,Affiliate,5426
2025-05-12,Affiliate,9113
2025-05-13,Affiliate,13297
2025-05-14,Affiliate,7637.33333333333
2025-05-15,Affiliate,9944
2025-05-20,Affiliate,10395
2025-05-23,Affiliate,15574
2025-05-27,Affiliate,5355
2025-05-28,Affiliate,14322
2025-05-30,Affiliate,14249
2025-06-01,Affiliate,5206
2025-06-02,Affiliate,7386
2025-06-05,Affiliate,4140
2025-06-07,Affiliate,7777
2025-06-08,Affiliate,7182
2025-06-14,Affiliate,9114
2025-06-25,Affiliate,8817
2025-06-26,Affiliate,4031
2025-06-27,Affiliate,8205
2025-06-29,Affiliate,3207
2025-06-30,Affiliate,4957
2025-07-02,Affiliate,4297
2025-07-11,Affiliate,5996
2025-07-13,Affiliate,12112
2025-07-16,Affiliate,10569
2025-07-19,Affiliate,6158
2025-07-21,Affiliate,6597
2025-07-27,Affiliate,7138
2025-07-28,Affiliate,7590
2025-07-30,Affiliate,4786
2025-08-05,Affiliate,4436
2025-08-07,Affiliate,3903
2025-08-08,Affiliate,4683
2025-08-11,Affiliate,7148
2025-08-14,Affiliate,4322
2025-08-16,Affiliate,9283
2025-08-17,Affiliate,10342
2025-08-20,Affiliate,8074
2025-08-21,Affiliate,54622
2025-08-23,Affiliate,8393
2025-08-27,Affiliate,7980
2025-08-30,Affiliate,3941
2025-08-31,Affiliate,3816
2025-09-01,Affiliate,9714
2025-09-05,Affiliate,8543.5
2025-09-06,Affiliate,6120.5
2025-09-10,Affiliate,7319
2025-09-13,Affiliate,3516
2025-09-17,Affiliate,9265
2025-09-18,Affiliate,7305
2025-09-22,Affiliate,7052
2025-09-25,Affiliate,5268
2025-09-29,Affiliate,4838
2025-09-30,Affiliate,6786
2025-10-01,Affiliate,7141
2025-10-03,Affiliate,4660
2025-10-04,Affiliate,7156
2025-10-07,Affiliate,4312
2025-10-10,Affiliate,6749
2025-10-15,Affiliate,9775
2025-10-20,Affiliate,8772
2025-10-22,Affiliate,7522
2025-10-25,Affiliate,4861.5
2025-10-31,Affiliate,7377
2025-11-08,Affiliate,7959
2025-11-10,Affiliate,7428.5
2025-11-12,Affiliate,10927
2025-11-13,Affiliate,8120
2025-11-14,Affiliate,6844
2025-11-18,Affiliate,9133
2025-11-27,Affiliate,7610
2025-11-28,Affiliate,9344
2025-11-30,Affiliate,10440
2025-12-03,Affiliate,7177
2025-12-08,Affiliate,8158
2025-12-13,Affiliate,6165
2025-12-14,Affiliate,13579
2025-12-15,Affiliate,8632
2025-12-16,Affiliate,8953
2025-12-23,Affiliate,7491
2025-12-24,Affiliate,3771
2025-12-26,Affiliate,11736
2025-12-30,Affiliate,10535
2025-12-31,Affiliate,7997
2023-01-01,Direct,13211
2023-01-04,Direct,10551
2023-01-05,Direct,10333
2023-01-06,Direct,13851
2023-01-09,Direct,7711
2023-01-10,Direct,20377
2023-01-12,Direct,11017.3333333333
2023-01-15,Direct,11698
2023-01-16,Direct,9686.66666666667
2023-01-17,Direct,18093
2023-01-19,Direct,8329
2023-01-21,Direct,16089.5
2023-01-24,Direct,10869
2023-01-25,Direct,7648
2023-01-27,Direct,7779
2023-01-28,Direct,8567
2023-01-29,Direct,7178
2023-02-05,Direct,17283
2023-02-06,Direct,11218.5
2023-02-07,Direct,7653
2023-02-09,Direct,10583.5
2023-02-10,Direct,20192
2023-02-11,Direct,13211
2023-02-12,Direct,12108
2023-02-13,Direct,11008
2023-02-16,Direct,9646
2023-02-17,Direct,15187.75
2023-02-18,Direct,12874
2023-02-21,Direct,12359.5
2023-02-25,Direct,13550.25
2023-02-26,Direct,8044
2023-03-02,Direct,9621
2023-03-03,Direct,13248
2023-03-07,Direct,11692
2023-03-08,Direct,10675.5
2023-03-09,Direct,13134.5
2023-03-10,Direct,9249
2023-03-11,Direct,15273.6666666667
2023-03-13,Direct,13960
2023-03-14,Direct,10894
2023-03-18,Direct,10008
2023-03-23,Direct,10005.5
2023-03-24,Direct,22140
2023-03-26,Direct,8066.75
2023-03-27,Direct,4538
2023-03-28,Direct,12224
2023-03-29,Direct,18155
2023-03-30,Direct,14338
2023-03-31,Direct,10585.5
2023-04-01,Direct,12632
2023-04-02,Direct,12493
2023-04-03,Direct,13881
2023-04-05,Direct,10146
2023-04-06,Direct,13779
2023-04-08,Direct,5502.5
2023-04-17,Direct,10924
2023-04-20,Direct,11853
2023-04-21,Direct,21268
2023-04-22,Direct,9426.5
2023-05-01,Direct,8684
2023-05-02,Direct,10317
2023-05-05,Direct,13422
2023-05-06,Direct,16518
2023-05-09,Direct,20882
2023-05-13,Direct,14779
2023-05-14,Direct,22360
2023-05-15,Direct,8107
2023-05-17,Direct,7157
2023-05-19,Direct,7909
2023-05-20,Direct,15260
2023-05-21,Direct,11722
2023-05-24,Direct,10854
2023-05-25,Direct,9358
2023-05-26,Direct,6429
2023-05-28,Direct,13863
2023-05-29,Direct,16158
2023-05-31,Direct,12936
2023-06-01,Direct,14461
2023-06-02,Direct,12185
2023-06-03,Direct,8147
2023-06-04,Direct,13594
2023-06-05,Direct,6433
2023-06-06,Direct,7828.66666666667
2023-06-07,Direct,8057.33333333333
2023-06-08,Direct,5928
2023-06-10,Direct,14824
2023-06-14,Direct,8064
2023-06-15,Direct,7930
2023-06-18,Direct,15565
2023-06-20,Direct,8218.5
2023-06-21,Direct,12842.3333333333
2023-06-23,Direct,13497
2023-06-24,Direct,13383
2023-06-26,Direct,7433
2023-06-27,Direct,8372
2023-06-28,Direct,15564
2023-06-30,Direct,9143.5
2023-07-01,Direct,10574.3333333333
2023-07-02,Direct,9757
2023-07-06,Direct,8587
2023-07-07,Direct,7809
2023-07-08,Direct,6352
2023-07-09,Direct,12456
2023-07-10,Direct,9116
2023-07-13,Direct,3036
2023-07-14,Direct,12728
2023-07-15,Direct,5172
2023-07-16,Direct,9386
2023-07-17,Direct,5743.5
2023-07-19,Direct,8440.5
2023-07-20,Direct,9559
2023-07-22,Direct,8380
2023-07-23,Direct,5179
2023-07-24,Direct,11246
2023-07-25,Direct,8086
2023-07-27,Direct,7506
2023-07-29,Direct,5400
2023-07-30,Direct,9918.5
2023-07-31,Direct,11562
2023-08-01,Direct,6226
2023-08-03,Direct,9260
2023-08-07,Direct,6389
2023-08-08,Direct,8992
2023-08-15,Direct,4429
2023-08-17,Direct,12131.5
2023-08-18,Direct,14522
2023-08-19,Direct,9195
2023-08-20,Direct,8937
2023-08-21,Direct,9006.5
2023-08-23,Direct,6091
2023-08-27,Direct,8730
2023-08-28,Direct,7358
2023-08-31,Direct,7512
2023-09-02,Direct,4619.33333333333
2023-09-05,Direct,8265
2023-09-06,Direct,4311
2023-09-10,Direct,7593
2023-09-11,Direct,6136
2023-09-12,Direct,3491
2023-09-14,Direct,8186.5
2023-09-17,Direct,9092
2023-09-18,Direct,7176
2023-09-20,Direct,7276
2023-09-21,Direct,5751
2023-09-26,Direct,9584
2023-09-30,Direct,5581
2023-10-02,Direct,7240
2023-10-03,Direct,6631
2023-10-04,Direct,10719
2023-10-06,Direct,13249
2023-10-07,Direct,11251
2023-10-08,Direct,8112
2023-10-10,Direct,11452
2023-10-12,Direct,7943
2023-10-15,Direct,8660
2023-10-18,Direct,10814
2023-10-19,Direct,7208
2023-10-21,Direct,3331
2023-10-22,Direct,8079
2023-10-24,Direct,9577.5
2023-10-25,Direct,4684
2023-10-26,Direct,9924
2023-10-28,Direct,6421
2023-10-30,Direct,5950
2023-11-01,Direct,15573
2023-11-03,Direct,14212
2023-11-05,Direct,12282.5
2023-11-06,Direct,10748
2023-11-07,Direct,12597
2023-11-10,Direct,7001
2023-11-13,Direct,12649
2023-11-15,Direct,9922
2023-11-21,Direct,10039
2023-11-22,Direct,6371.25
2023-11-25,Direct,7825
2023-11-27,Direct,13669
2023-11-28,Direct,8664.5
2023-11-29,Direct,13664
2023-11-30,Direct,7185
2023-12-01,Direct,10035
2023-12-03,Direct,9651
2023-12-04,Direct,5821
2023-12-05,Direct,11731
2023-12-06,Direct,7717
2023-12-08,Direct,5862
2023-12-09,Direct,7588.5
2023-12-10,Direct,11459.5
2023-12-11,Direct,10873
2023-12-12,Direct,7838
2023-12-15,Direct,10342
2023-12-18,Direct,13734
2023-12-19,Direct,13263
2023-12-20,Direct,6062.5
2023-12-21,Direct,15406
2023-12-22,Direct,8208
2023-12-23,Direct,10558.5
2023-12-27,Direct,12702.5
2023-12-29,Direct,15039
2023-12-30,Direct,11334
2024-01-01,Direct,15712
2024-01-02,Direct,13809.75
2024-01-07,Direct,9559
2024-01-09,Direct,8119.5
2024-01-10,Direct,7182
2024-01-14,Direct,9474
2024-01-15,Direct,13679
2024-01-16,Direct,8884
2024-01-17,Direct,14926
2024-01-18,Direct,17245
2024-01-20,Direct,16200
2024-01-21,Direct,9056.5
2024-01-23,Direct,10708
2024-01-25,Direct,8154
2024-01-26,Direct,6000
2024-01-27,Direct,9456
2024-01-31,Direct,14988
2024-02-01,Direct,14993
2024-02-03,Direct,10881
2024-02-04,Direct,18797
2024-02-05,Direct,15457
2024-02-09,Direct,17640
2024-02-10,Direct,10834
2024-02-13,Direct,22440
2024-02-16,Direct,9144
2024-02-17,Direct,11363
2024-02-18,Direct,9835
2024-02-19,Direct,6875
2024-02-20,Direct,11744
2024-02-23,Direct,13194.6666666667
2024-02-28,Direct,11140
2024-03-01,Direct,17649
2024-03-02,Direct,11622
2024-03-03,Direct,12031
2024-03-06,Direct,11203
2024-03-07,Direct,10951.5
2024-03-08,Direct,10030.5
2024-03-09,Direct,8098
2024-03-11,Direct,10988
2024-03-12,Direct,14185
2024-03-14,Direct,15174
2024-03-15,Direct,12021
2024-03-16,Direct,9950
2024-03-19,Direct,9743
2024-03-20,Direct,15225
2024-03-21,Direct,12160.5
2024-03-23,Direct,15604
2024-03-25,Direct,5310
2024-03-28,Direct,29303
2024-03-29,Direct,22105
2024-03-30,Direct,14724
2024-03-31,Direct,19484
2024-04-01,Direct,35609.5
2024-04-07,Direct,8897
2024-04-09,Direct,20530
2024-04-13,Direct,10878
2024-04-14,Direct,12750
2024-04-15,Direct,9703
2024-04-16,Direct,13579
2024-04-17,Direct,16722
2024-04-18,Direct,11682
2024-04-22,Direct,6800
2024-04-23,Direct,14648
2024-04-24,Direct,11951
2024-04-26,Direct,10328
2024-04-27,Direct,9856
2024-04-29,Direct,12511
2024-05-01,Direct,16026.3333333333
2024-05-03,Direct,13512
2024-05-04,Direct,10731
2024-05-05,Direct,18573
2024-05-06,Direct,11194.5
2024-05-11,Direct,9004
2024-05-14,Direct,9157
2024-05-16,Direct,10401
2024-05-17,Direct,10681
2024-05-19,Direct,13343
2024-05-21,Direct,12300.2
2024-05-24,Direct,13165
2024-05-25,Direct,17414
2024-05-30,Direct,9896.5
2024-06-01,Direct,16303
2024-06-03,Direct,9673.33333333333
2024-06-04,Direct,11740
2024-06-05,Direct,10674
2024-06-08,Direct,5384
2024-06-09,Direct,10052.3333333333
2024-06-10,Direct,10544
2024-06-13,Direct,12555
2024-06-15,Direct,12678
2024-06-16,Direct,9605.33333333333
2024-06-17,Direct,11533.5
2024-06-18,Direct,8783
2024-06-21,Direct,12440.5
2024-06-22,Direct,9318.66666666667
2024-06-23,Direct,13120.5
2024-06-24,Direct,10136
2024-06-26,Direct,9064
2024-06-28,Direct,10106
2024-06-29,Direct,14590
2024-06-30,Direct,11208
2024-07-04,Direct,7960
2024-07-08,Direct,7598
2024-07-09,Direct,7889
2024-07-11,Direct,14847
2024-07-13,Direct,6054
2024-07-15,Direct,12050.3333333333
2024-07-16,Direct,17570
2024-07-19,Direct,6393
2024-07-20,Direct,14637.3333333333
2024-07-21,Direct,6309
2024-07-24,Direct,10271
2024-07-25,Direct,8743.5
2024-07-30,Direct,3597
2024-08-01,Direct,13253
2024-08-02,Direct,7936
2024-08-04,Direct,6899
2024-08-07,Direct,7801
2024-08-08,Direct,14129
2024-08-10,Direct,4578
2024-08-11,Direct,9989
2024-08-12,Direct,5890
2024-08-13,Direct,15133
2024-08-16,Direct,7926.5
2024-08-18,Direct,10931
2024-08-20,Direct,8026
2024-08-21,Direct,6180
2024-08-22,Direct,8898.5
2024-08-24,Direct,10591
2024-08-26,Direct,6500.5
2024-08-27,Direct,11522
2024-08-28,Direct,11726
2024-09-02,Direct,4578
2024-09-05,Direct,9983
2024-09-06,Direct,7927
2024-09-07,Direct,8932
2024-09-09,Direct,10250
2024-09-12,Direct,27220
2024-09-13,Direct,8065.5
2024-09-15,Direct,5307
2024-09-16,Direct,7622.66666666667
2024-09-17,Direct,6347.5
2024-09-19,Direct,16818
2024-09-20,Direct,10345
2024-09-25,Direct,7163
2024-09-28,Direct,6286
2024-09-30,Direct,7769
2024-10-01,Direct,8120
2024-10-02,Direct,8417
2024-10-03,Direct,16278
2024-10-05,Direct,9681
2024-10-06,Direct,6481.5
2024-10-07,Direct,6849
2024-10-08,Direct,7647.5
2024-10-10,Direct,10011.5
2024-10-19,Direct,6318
2024-10-21,Direct,7617
2024-10-25,Direct,10116
2024-10-27,Direct,11620
2024-10-28,Direct,4975
2024-10-29,Direct,7222
2024-10-30,Direct,4086
2024-11-03,Direct,12159.5
2024-11-06,Direct,5950
2024-11-07,Direct,13835
2024-11-08,Direct,8596
2024-11-09,Direct,9253
2024-11-11,Direct,8563
2024-11-16,Direct,10852
2024-11-17,Direct,9969
2024-11-19,Direct,15648
2024-11-20,Direct,10178.6666666667
2024-11-24,Direct,9548.5
2024-11-28,Direct,14515
2024-12-03,Direct,11101.5
2024-12-07,Direct,13003
2024-12-08,Direct,6151
2024-12-09,Direct,21002.3333333333
2024-12-14,Direct,11227
2024-12-15,Direct,7970
2024-12-16,Direct,7021
2024-12-17,Direct,11499.8
2024-12-18,Direct,13723
2024-12-19,Direct,11501.5
2024-12-22,Direct,16256
2024-12-23,Direct,14445
2024-12-24,Direct,11312.5
2024-12-29,Direct,8842
2025-01-03,Direct,17814
2025-01-04,Direct,13436
2025-01-07,Direct,10047
2025-01-08,Direct,8391
2025-01-10,Direct,6459
2025-01-12,Direct,7619
2025-01-14,Direct,6984
2025-01-15,Direct,13683.5
2025-01-16,Direct,14310
2025-01-18,Direct,9957.5
2025-01-19,Direct,19153
2025-01-20,Direct,14090
2025-01-26,Direct,21490
2025-01-27,Direct,11853
2025-01-29,Direct,12547
2025-01-30,Direct,16679
2025-02-01,Direct,15448
2025-02-02,Direct,17513
2025-02-03,Direct,25656
2025-02-08,Direct,28232
2025-02-10,Direct,4936
2025-02-11,Direct,15654
2025-02-12,Direct,12818
2025-02-15,Direct,18435
2025-02-16,Direct,9795.5
2025-02-20,Direct,18904
2025-02-22,Direct,18323
2025-02-23,Direct,8276
2025-02-24,Direct,4701
2025-02-27,Direct,15067
2025-02-28,Direct,11513
2025-03-01,Direct,17850
2025-03-02,Direct,10159
2025-03-03,Direct,15322.25
2025-03-04,Direct,15490
2025-03-05,Direct,14487
2025-03-08,Direct,19854.3333333333
2025-03-09,Direct,15126
2025-03-10,Direct,14114
2025-03-11,Direct,9122
2025-03-13,Direct,7854
2025-03-15,Direct,14148.3333333333
2025-03-16,Direct,47841
2025-03-17,Direct,12321
2025-03-21,Direct,12461
2025-03-23,Direct,23557
2025-03-25,Direct,11795
2025-03-26,Direct,10163.5
2025-03-30,Direct,12096.5
2025-04-02,Direct,17178
2025-04-04,Direct,9484
2025-04-05,Direct,12569.5
2025-04-06,Direct,17770
2025-04-07,Direct,7485.5
2025-04-09,Direct,7315
2025-04-10,Direct,23125
2025-04-12,Direct,19672.6666666667
2025-04-14,Direct,14488.5
2025-04-15,Direct,12546
2025-04-16,Direct,13732
2025-04-17,Direct,9189
2025-04-19,Direct,11047
2025-04-20,Direct,12523.5
2025-04-21,Direct,12559.5
2025-04-23,Direct,18781
2025-04-24,Direct,14913
2025-04-25,Direct,17088.5
2025-04-27,Direct,11424
2025-05-01,Direct,10364.6666666667
2025-05-02,Direct,7833
2025-05-03,Direct,18492
2025-05-04,Direct,6900
2025-05-06,Direct,14432.6666666667
2025-05-10,Direct,13968
2025-05-11,Direct,11966.5
2025-05-15,Direct,13091
2025-05-16,Direct,11523
2025-05-19,Direct,26460
2025-05-21,Direct,14594
2025-05-23,Direct,6754
2025-05-24,Direct,7622
2025-05-25,Direct,6814
2025-05-26,Direct,10949
2025-05-27,Direct,7948.5
2025-05-28,Direct,13159
2025-05-29,Direct,13597
2025-05-30,Direct,10828
2025-05-31,Direct,22848
2025-06-01,Direct,7304.5
2025-06-03,Direct,12991.75
2025-06-04,Direct,18249
2025-06-09,Direct,15613.5
2025-06-11,Direct,14155.5
2025-06-12,Direct,17294
2025-06-13,Direct,6379
2025-06-14,Direct,9071
2025-06-15,Direct,9629.5
2025-06-16,Direct,13808
2025-06-17,Direct,10227.5
2025-06-18,Direct,13350.5
2025-06-19,Direct,15901.5
2025-06-22,Direct,18801
2025-06-24,Direct,13083.75
2025-06-26,Direct,11979
2025-06-27,Direct,7805
2025-06-30,Direct,13939.5
2025-07-04,Direct,6541
2025-07-05,Direct,6161
2025-07-07,Direct,17155
2025-07-08,Direct,6733.5
2025-07-09,Direct,10838
2025-07-10,Direct,16317
2025-07-11,Direct,9139
2025-07-12,Direct,19106
2025-07-13,Direct,8013
2025-07-17,Direct,11528.25
2025-07-20,Direct,11174.5
2025-07-26,Direct,8100
2025-07-27,Direct,10755
2025-07-29,Direct,12771
2025-07-30,Direct,11493.5
2025-08-02,Direct,11831
2025-08-03,Direct,5189
2025-08-07,Direct,9475
2025-08-08,Direct,8189
2025-08-11,Direct,7977
2025-08-13,Direct,10197
2025-08-14,Direct,8228
2025-08-15,Direct,15536
2025-08-16,Direct,5194
2025-08-18,Direct,7405
2025-08-19,Direct,11383.5
2025-08-25,Direct,16147.5
2025-08-26,Direct,11413
2025-08-28,Direct,20174
2025-09-01,Direct,14103
2025-09-02,Direct,12430
2025-09-03,Direct,7993
2025-09-04,Direct,7307
2025-09-08,Direct,5783
2025-09-10,Direct,6586
2025-09-11,Direct,13410
2025-09-16,Direct,5653
2025-09-21,Direct,5019
2025-09-23,Direct,8306.5
2025-09-25,Direct,12056
2025-09-28,Direct,8900
2025-09-29,Direct,7995
2025-09-30,Direct,7593
2025-10-01,Direct,10338.5
2025-10-02,Direct,8267
2025-10-03,Direct,13073.5
2025-10-06,Direct,11900
2025-10-07,Direct,5507
2025-10-08,Direct,12904
2025-10-11,Direct,4663
2025-10-14,Direct,7582
2025-10-15,Direct,11200
2025-10-16,Direct,14219
2025-10-20,Direct,10513
2025-10-21,Direct,9440
2025-10-22,Direct,10479
2025-10-23,Direct,5018
2025-10-24,Direct,17362
2025-10-25,Direct,9405
2025-10-26,Direct,8713
2025-10-30,Direct,12208
2025-11-01,Direct,9430
2025-11-05,Direct,13727
2025-11-08,Direct,7487
2025-11-09,Direct,15133
2025-11-11,Direct,16128
2025-11-12,Direct,10521
2025-11-13,Direct,6923
2025-11-15,Direct,10351
2025-11-16,Direct,11152
2025-11-17,Direct,14131
2025-11-18,Direct,12193
2025-11-20,Direct,6131
2025-11-21,Direct,8927
2025-11-23,Direct,13011
2025-11-24,Direct,13890
2025-11-26,Direct,13777.5
2025-11-29,Direct,8598
2025-12-03,Direct,12096
2025-12-04,Direct,11701.5
2025-12-06,Direct,17637
2025-12-07,Direct,11748
2025-12-09,Direct,15094
2025-12-11,Direct,10828
2025-12-14,Direct,19658.5
2025-12-16,Direct,4820
2025-12-17,Direct,7813
2025-12-18,Direct,12811
2025-12-19,Direct,15041
2025-12-20,Direct,14197
2025-12-21,Direct,16644
2025-12-22,Direct,11366
2025-12-24,Direct,3122
2025-12-25,Direct,13929
2025-12-27,Direct,19803
2025-12-28,Direct,16807
2025-12-29,Direct,20659
2025-12-31,Direct,7800
2023-01-01,Email,7010
2023-01-05,Email,15904
2023-01-06,Email,11826
2023-01-07,Email,13329
2023-01-10,Email,17945
2023-01-11,Email,9865
2023-01-12,Email,12306
2023-01-16,Email,11482.5
2023-01-22,Email,9796
2023-01-24,Email,15903
2023-01-25,Email,14884
2023-01-28,Email,11125
2023-01-29,Email,12393
2023-01-30,Email,8131
2023-02-02,Email,8523
2023-02-03,Email,16227
2023-02-05,Email,12231
2023-02-08,Email,16519.6666666667
2023-02-10,Email,10006
2023-02-12,Email,22541
2023-02-13,Email,8785
2023-02-14,Email,14661
2023-02-17,Email,11519
2023-02-21,Email,3955
2023-02-23,Email,25264
2023-03-02,Email,12309
2023-03-03,Email,38227
2023-03-04,Email,17439
2023-03-05,Email,7873
2023-03-06,Email,15868
2023-03-09,Email,10628
2023-03-11,Email,9634
2023-03-13,Email,32668
2023-03-20,Email,23678.5
2023-03-22,Email,13579
2023-03-23,Email,14883
2023-03-24,Email,17894
2023-03-25,Email,17600
2023-03-27,Email,10605.5
2023-03-30,Email,20016
2023-04-01,Email,20464
2023-04-03,Email,20367
2023-04-04,Email,14139
2023-04-05,Email,19322
2023-04-07,Email,14849
2023-04-09,Email,15443.5
2023-04-10,Email,28300.5
2023-04-11,Email,13443
2023-04-12,Email,18253.5
2023-04-13,Email,19423
2023-04-18,Email,23013
2023-04-19,Email,14613
2023-04-21,Email,21786
2023-04-23,Email,20942
2023-05-01,Email,11867
2023-05-04,Email,11739.3333333333
2023-05-05,Email,8133
2023-05-06,Email,17825
2023-05-08,Email,9358
2023-05-10,Email,9209
2023-05-11,Email,13283
2023-05-13,Email,12045.3333333333
2023-05-15,Email,21008
2023-05-16,Email,15344
2023-05-17,Email,17599
2023-05-18,Email,15837.5
2023-05-19,Email,13238
2023-05-21,Email,11382
2023-05-23,Email,17759.5
2023-05-24,Email,9698
2023-05-26,Email,6334
2023-05-28,Email,12224.5
2023-05-30,Email,22405
2023-05-31,Email,9865
2023-06-01,Email,14649
2023-06-02,Email,10420
2023-06-03,Email,10192
2023-06-04,Email,12125
2023-06-05,Email,6934
2023-06-06,Email,17027
2023-06-07,Email,12502
2023-06-08,Email,15069
2023-06-10,Email,5334
2023-06-11,Email,21143
2023-06-12,Email,24059
2023-06-14,Email,15280.5
2023-06-15,Email,12079
2023-06-16,Email,9594
2023-06-18,Email,15919
2023-06-19,Email,9728
2023-06-20,Email,20760.6666666667
2023-06-25,Email,14452
2023-06-26,Email,18199
2023-06-27,Email,10724.5
2023-06-28,Email,10620
2023-06-30,Email,14761
2023-07-01,Email,6113
2023-07-02,Email,18943
2023-07-03,Email,7036
2023-07-06,Email,14608.3333333333
2023-07-07,Email,11378.6666666667
2023-07-08,Email,12232
2023-07-09,Email,11864.5
2023-07-13,Email,12732
2023-07-14,Email,10256
2023-07-16,Email,4461
2023-07-17,Email,10030
2023-07-19,Email,14519
2023-07-23,Email,11439
2023-07-24,Email,9872
2023-07-25,Email,4468
2023-07-26,Email,9875
2023-07-27,Email,13179
2023-07-29,Email,9481
2023-07-30,Email,19688
2023-07-31,Email,10799
2023-08-01,Email,9364
2023-08-03,Email,10978
2023-08-05,Email,7407
2023-08-10,Email,19147
2023-08-12,Email,8564
2023-08-13,Email,15914.5
2023-08-14,Email,9417
2023-08-16,Email,12104
2023-08-17,Email,13198
2023-08-18,Email,12061
2023-08-20,Email,10588
2023-08-21,Email,14788.6666666667
2023-08-22,Email,16602
2023-08-24,Email,10658.5
2023-08-28,Email,12077
2023-08-29,Email,13166
2023-09-02,Email,7222
2023-09-06,Email,6281
2023-09-13,Email,11337
2023-09-14,Email,12522.5
2023-09-15,Email,12215.5
2023-09-16,Email,7450
2023-09-17,Email,12786
2023-09-18,Email,11616
2023-09-19,Email,15193
2023-09-20,Email,16315
2023-09-21,Email,10168
2023-09-23,Email,6900
2023-09-27,Email,10157
2023-09-28,Email,10492
2023-09-29,Email,10569
2023-09-30,Email,8510
2023-10-01,Email,12901
2023-10-04,Email,5111
2023-10-06,Email,8046
2023-10-08,Email,12144
2023-10-10,Email,11410
2023-10-11,Email,5153
2023-10-12,Email,16159
2023-10-13,Email,7369
2023-10-17,Email,13985
2023-10-19,Email,15040.5
2023-10-20,Email,11486
2023-10-21,Email,20315
2023-10-24,Email,8975
2023-10-25,Email,3594
2023-10-26,Email,10353
2023-10-27,Email,12660
2023-10-31,Email,17264
2023-11-03,Email,11456
2023-11-04,Email,15869
2023-11-06,Email,20032
2023-11-07,Email,14536
2023-11-09,Email,8498
2023-11-10,Email,22413
2023-11-16,Email,10976
2023-11-17,Email,8036
2023-11-18,Email,28876
2023-11-19,Email,4976
2023-11-22,Email,12277
2023-11-23,Email,14905
2023-11-26,Email,12358
2023-11-28,Email,11534
2023-11-30,Email,8269.5
2023-12-02,Email,8464
2023-12-06,Email,14156
2023-12-08,Email,11017
2023-12-12,Email,14279
2023-12-15,Email,25674
2023-12-20,Email,13629.5
2023-12-21,Email,16026.6666666667
2023-12-22,Email,22977
2023-12-24,Email,9306
2023-12-25,Email,9500.5
2023-12-26,Email,16564
2023-12-27,Email,10344
2023-12-29,Email,8524
2023-12-30,Email,8291
2024-01-01,Email,21836
2024-01-03,Email,19552
2024-01-04,Email,11682
2024-01-06,Email,12963
2024-01-08,Email,9896
2024-01-09,Email,15000
2024-01-11,Email,12753
2024-01-12,Email,27176
2024-01-14,Email,15677
2024-01-16,Email,18665
2024-01-19,Email,19545
2024-01-26,Email,13516
2024-01-27,Email,25284
2024-01-28,Email,19536.5
2024-02-01,Email,29091
2024-02-02,Email,8640
2024-02-04,Email,21435
2024-02-05,Email,24502
2024-02-06,Email,13079.5
2024-02-08,Email,21823
2024-02-09,Email,23440
2024-02-10,Email,11656
2024-02-11,Email,11295
2024-02-12,Email,7842
2024-02-13,Email,14082
2024-02-14,Email,17149
2024-02-15,Email,21271
2024-02-17,Email,28765
2024-02-19,Email,20474
2024-02-24,Email,20468.5
2024-02-25,Email,14466.5
2024-02-26,Email,23785
2024-03-03,Email,21238
2024-03-05,Email,21781.5
2024-03-06,Email,16278
2024-03-08,Email,17931
2024-03-12,Email,17077
2024-03-13,Email,17532
2024-03-14,Email,17918
2024-03-16,Email,13791
2024-03-17,Email,30125
2024-03-18,Email,23549
2024-03-19,Email,23666
2024-03-20,Email,16646
2024-03-22,Email,22494.5
2024-03-23,Email,10576
2024-03-24,Email,12271.5
2024-03-26,Email,13406
2024-03-28,Email,26056
2024-04-02,Email,22391
2024-04-03,Email,11598
2024-04-05,Email,11591
2024-04-06,Email,13009.5
2024-04-07,Email,17131
2024-04-10,Email,23464
2024-04-14,Email,22165
2024-04-15,Email,25695
2024-04-16,Email,19664.5
2024-04-17,Email,23813
2024-04-19,Email,19175
2024-04-24,Email,11477
2024-04-26,Email,21311
2024-04-29,Email,19843
2024-04-30,Email,9371
2024-05-01,Email,8519
2024-05-02,Email,22154
2024-05-05,Email,16553.5
2024-05-06,Email,30823
2024-05-08,Email,15636
2024-05-13,Email,10649
2024-05-15,Email,20856
2024-05-19,Email,16109
2024-05-21,Email,16294
2024-05-22,Email,9475
2024-05-23,Email,20511
2024-05-26,Email,12405
2024-05-29,Email,17000
2024-05-30,Email,10470
2024-06-02,Email,21056
2024-06-03,Email,18362
2024-06-05,Email,10194
2024-06-08,Email,17911
2024-06-09,Email,7530
2024-06-10,Email,9414
2024-06-11,Email,12613
2024-06-13,Email,17505
2024-06-16,Email,12819
2024-06-17,Email,36146.5
2024-06-18,Email,20822.5
2024-06-19,Email,21415
2024-06-21,Email,17803
2024-06-25,Email,12898
2024-06-26,Email,13503
2024-06-28,Email,7359
2024-07-03,Email,10826
2024-07-04,Email,11951
2024-07-06,Email,14701
2024-07-07,Email,16375.6666666667
2024-07-09,Email,13529.5
2024-07-10,Email,9395
2024-07-13,Email,20647
2024-07-14,Email,15991
2024-07-15,Email,10035.5
2024-07-16,Email,10968
2024-07-19,Email,8841
2024-07-20,Email,11215
2024-07-25,Email,9466
2024-07-26,Email,13117
2024-07-27,Email,11545
2024-07-28,Email,16093
2024-07-30,Email,18918
2024-08-02,Email,11809
2024-08-04,Email,5346
2024-08-08,Email,14468
2024-08-10,Email,25702
2024-08-12,Email,21596
2024-08-13,Email,12861
2024-08-14,Email,11250
2024-08-21,Email,6927
2024-08-23,Email,11850
2024-08-28,Email,12350.5
2024-08-29,Email,20699
2024-08-31,Email,10152
2024-09-02,Email,6567
2024-09-03,Email,16714
2024-09-06,Email,13610
2024-09-09,Email,12407
2024-09-10,Email,14986
2024-09-12,Email,11803
2024-09-14,Email,11038
2024-09-15,Email,11850
2024-09-18,Email,11699
2024-09-19,Email,8905
2024-09-21,Email,9660
2024-09-23,Email,15139
2024-09-24,Email,15947
2024-09-25,Email,11422
2024-09-29,Email,7885
2024-10-01,Email,11778
2024-10-04,Email,11903
2024-10-06,Email,14337
2024-10-07,Email,19905
2024-10-08,Email,13160.5
2024-10-09,Email,22756
2024-10-13,Email,7449
2024-10-17,Email,14725
2024-10-19,Email,9238
2024-10-20,Email,12046.3333333333
2024-10-21,Email,14816
2024-10-26,Email,7314
2024-10-28,Email,11324
2024-10-30,Email,15163
2024-11-01,Email,17841
2024-11-02,Email,14007
2024-11-03,Email,13050
2024-11-05,Email,12647
2024-11-06,Email,22900
2024-11-07,Email,19038
2024-11-09,Email,15092
2024-11-11,Email,14570
2024-11-12,Email,10751
2024-11-14,Email,6775
2024-11-15,Email,13380
2024-11-16,Email,12363.5
2024-11-17,Email,13222
2024-11-20,Email,9669.5
2024-11-21,Email,21320
2024-11-22,Email,11552.5
2024-11-23,Email,11023
2024-11-24,Email,5710
2024-11-26,Email,20466
2024-11-28,Email,17822
2024-11-30,Email,11332
2024-12-01,Email,12502.5
2024-12-03,Email,16262
2024-12-04,Email,71999
2024-12-06,Email,13934.5
2024-12-10,Email,15147.5
2024-12-12,Email,13851.5
2024-12-13,Email,25313
2024-12-18,Email,26762
2024-12-19,Email,12468
2024-12-20,Email,12278.6666666667
2024-12-21,Email,10172
2024-12-24,Email,17525
2024-12-25,Email,18419
2024-12-28,Email,11756.3333333333
2024-12-30,Email,14597
2025-01-01,Email,24478
2025-01-04,Email,15587
2025-01-05,Email,18299
2025-01-06,Email,21582
2025-01-11,Email,17899
2025-01-13,Email,20106
2025-01-14,Email,15414
2025-01-15,Email,19993.5
2025-01-18,Email,17674
2025-01-20,Email,23223
2025-01-21,Email,10123
2025-01-25,Email,18425
2025-01-26,Email,20656
2025-01-27,Email,22424
2025-01-28,Email,13965
2025-01-29,Email,19261
2025-01-30,Email,13891.75
2025-01-31,Email,21841
2025-02-03,Email,26192.5
2025-02-05,Email,21998
2025-02-09,Email,14077
2025-02-12,Email,34369
2025-02-16,Email,18839
2025-02-18,Email,32638
2025-02-19,Email,15919
2025-02-23,Email,20775
2025-02-24,Email,46669
2025-02-25,Email,6760
2025-03-03,Email,31927
2025-03-06,Email,29642
2025-03-07,Email,19316.5
2025-03-08,Email,81261
2025-03-09,Email,41502
2025-03-10,Email,15928
2025-03-12,Email,23932
2025-03-14,Email,35488
2025-03-15,Email,19923.5
2025-03-16,Email,17724
2025-03-19,Email,17632
2025-03-21,Email,18400
2025-03-22,Email,18628
2025-03-24,Email,13323.5
2025-03-25,Email,20933.6666666667
2025-03-27,Email,17656
2025-03-28,Email,23416
2025-04-01,Email,12395.5
2025-04-02,Email,24977
2025-04-04,Email,20503
2025-04-05,Email,19024
2025-04-08,Email,20261.75
2025-04-10,Email,16914
2025-04-13,Email,21223.5
2025-04-14,Email,23224
2025-04-15,Email,16250
2025-04-16,Email,37462
2025-04-17,Email,22983
2025-04-18,Email,17405
2025-04-20,Email,42390
2025-04-21,Email,27718
2025-04-22,Email,16212
2025-04-23,Email,21951
2025-04-25,Email,25972
2025-04-28,Email,17482
2025-04-29,Email,8887
2025-04-30,Email,33525
2025-05-03,Email,12834
2025-05-04,Email,13790
2025-05-08,Email,26214
2025-05-09,Email,7903
2025-05-10,Email,18320
2025-05-12,Email,23504.5
2025-05-14,Email,18136
2025-05-19,Email,16720
2025-05-20,Email,19295.5
2025-05-23,Email,12901
2025-05-24,Email,18671
2025-05-25,Email,15153
2025-05-26,Email,27559
2025-05-27,Email,15802
2025-05-28,Email,30253
2025-05-29,Email,15680
2025-05-30,Email,28582
2025-06-02,Email,20637
2025-06-04,Email,25857
2025-06-05,Email,7885
2025-06-09,Email,23409.3333333333
2025-06-10,Email,14743.5
2025-06-11,Email,16447
2025-06-12,Email,25163.5
2025-06-13,Email,25525
2025-06-15,Email,20281
2025-06-16,Email,19790
2025-06-17,Email,17608
2025-06-18,Email,11740
2025-06-19,Email,12129
2025-06-21,Email,13067.5
2025-06-22,Email,17868.5
2025-06-23,Email,18381
2025-06-24,Email,20619
2025-06-26,Email,9771.66666666667
2025-06-28,Email,15177
2025-06-29,Email,16087
2025-06-30,Email,17108
2025-07-03,Email,9721
2025-07-05,Email,12381
2025-07-12,Email,22873
2025-07-14,Email,14889
2025-07-15,Email,25222
2025-07-16,Email,29333
2025-07-21,Email,17338
2025-07-23,Email,11867.6666666667
2025-07-25,Email,10972
2025-07-26,Email,26779
2025-07-27,Email,12500
2025-07-28,Email,21270
2025-07-29,Email,9130
2025-07-31,Email,8214
2025-08-01,Email,11095.5
2025-08-02,Email,6344
2025-08-03,Email,16297
2025-08-04,Email,13510.5
2025-08-05,Email,11099
2025-08-06,Email,13546.5
2025-08-10,Email,9296
2025-08-12,Email,15893
2025-08-13,Email,8756
2025-08-14,Email,9089
2025-08-16,Email,16113
2025-08-18,Email,12422
2025-08-20,Email,14336
2025-08-21,Email,8643
2025-08-22,Email,13760
2025-08-24,Email,15646.5
2025-08-25,Email,10863
2025-08-27,Email,12110.6666666667
2025-08-28,Email,10418
2025-08-29,Email,13909
2025-08-31,Email,17412.5
2025-09-01,Email,7934
2025-09-03,Email,14412
2025-09-04,Email,12133.5
2025-09-05,Email,10691.5
2025-09-08,Email,12337.5
2025-09-10,Email,15104
2025-09-11,Email,10746.3333333333
2025-09-12,Email,10615.3333333333
2025-09-15,Email,24886
2025-09-20,Email,15205
2025-09-24,Email,7688
2025-09-25,Email,20966
2025-09-26,Email,10900
2025-09-27,Email,20198
2025-09-28,Email,13571
2025-09-29,Email,12119.5
2025-10-02,Email,14596
2025-10-03,Email,14576
2025-10-07,Email,15420
2025-10-09,Email,11568
2025-10-10,Email,14318
2025-10-11,Email,8718
2025-10-12,Email,9169.5
2025-10-13,Email,18104
2025-10-15,Email,28966
2025-10-16,Email,9694
2025-10-18,Email,10155.5
2025-10-20,Email,9234
2025-10-22,Email,15055
2025-10-24,Email,21250
2025-10-25,Email,10094
2025-10-26,Email,11972
2025-10-28,Email,21672.5
2025-10-29,Email,7834
2025-10-31,Email,15616
2025-11-01,Email,20646
2025-11-02,Email,19037
2025-11-05,Email,13566
2025-11-06,Email,19177
2025-11-07,Email,5678
2025-11-11,Email,10224.6666666667
2025-11-12,Email,13053
2025-11-14,Email,17371
2025-11-15,Email,16246
2025-11-17,Email,17812
2025-11-18,Email,16748
2025-11-19,Email,12530.5
2025-11-20,Email,9667
2025-11-21,Email,13236
2025-11-22,Email,10874.5
2025-11-30,Email,13863
2025-12-01,Email,13631
2025-12-04,Email,19287
2025-12-05,Email,7930
2025-12-10,Email,26691
2025-12-11,Email,9482
2025-12-12,Email,11578
2025-12-15,Email,26802
2025-12-18,Email,16077
2025-12-19,Email,16326
2025-12-23,Email,8877
2025-12-24,Email,23367
2025-12-27,Email,18061
2023-01-01,Search,15378
2023-01-02,Search,13571
2023-01-04,Search,13517
2023-01-05,Search,21524
2023-01-06,Search,10122
2023-01-07,Search,18264.5
2023-01-08,Search,14238.5
2023-01-09,Search,9457
2023-01-10,Search,11573
2023-01-11,Search,10639
2023-01-12,Search,7903
2023-01-13,Search,18428
2023-01-14,Search,10620.5
2023-01-15,Search,15464.5
2023-01-16,Search,17287.5
2023-01-18,Search,10466
2023-01-21,Search,11810
2023-01-22,Search,13879.5
2023-01-23,Search,14075
2023-01-24,Search,12726
2023-01-26,Search,13326.5
2023-01-27,Search,12696
2023-01-28,Search,16544
2023-01-29,Search,15340.5
2023-01-31,Search,10974
2023-02-01,Search,12391.3333333333
2023-02-02,Search,5172
2023-02-03,Search,10181
2023-02-06,Search,12782.5
2023-02-07,Search,13529.3333333333
2023-02-08,Search,9927.5
2023-02-09,Search,11238
2023-02-10,Search,12123
2023-02-11,Search,14246
2023-02-12,Search,14379
2023-02-13,Search,14783.25
2023-02-14,Search,5600
2023-02-15,Search,13573.6666666667
2023-02-16,Search,12616
2023-02-18,Search,9694
2023-02-20,Search,9175.5
2023-02-21,Search,19069
2023-02-22,Search,7565
2023-02-23,Search,18420.5
2023-02-24,Search,10754
2023-02-25,Search,13896.3333333333
2023-02-27,Search,14439
2023-02-28,Search,17069
2023-03-03,Search,16472.5
2023-03-04,Search,8747
2023-03-05,Search,12131
2023-03-07,Search,17433.5
2023-03-08,Search,11813
2023-03-11,Search,16070.2
2023-03-12,Search,7701
2023-03-13,Search,19776
2023-03-16,Search,25072
2023-03-17,Search,13992
2023-03-18,Search,12169.5
2023-03-19,Search,9789.5
2023-03-20,Search,19656.6666666667
2023-03-21,Search,11536
2023-03-23,Search,13135
2023-03-25,Search,15976.75
2023-03-26,Search,10795.5
2023-03-28,Search,30058
2023-03-29,Search,15336.6666666667
2023-03-30,Search,14172
2023-03-31,Search,17647.3333333333
2023-04-01,Search,21098
2023-04-02,Search,9435
2023-04-03,Search,12945.6666666667
2023-04-04,Search,17318
2023-04-05,Search,10268
2023-04-06,Search,16424
2023-04-07,Search,18417
2023-04-08,Search,8348
2023-04-09,Search,8979
2023-04-10,Search,11904
2023-04-11,Search,12117.3333333333
2023-04-12,Search,10856.75
2023-04-13,Search,19236
2023-04-14,Search,12860.6666666667
2023-04-15,Search,11430.3333333333
2023-04-16,Search,6685
2023-04-17,Search,17022
2023-04-18,Search,7853
2023-04-19,Search,16266
2023-04-21,Search,19578
2023-04-23,Search,11734.6666666667
2023-04-24,Search,17489.5
2023-04-26,Search,11675.5
2023-04-27,Search,16535
2023-04-28,Search,16447.6666666667
2023-04-29,Search,18777.6666666667
2023-04-30,Search,14537
2023-05-01,Search,11752
2023-05-02,Search,13095
2023-05-03,Search,13865.3333333333
2023-05-05,Search,11838
2023-05-06,Search,16234
2023-05-07,Search,20834
2023-05-08,Search,12322.5
2023-05-09,Search,12538
2023-05-11,Search,10949
2023-05-12,Search,14866
2023-05-13,Search,6286
2023-05-16,Search,17248
2023-05-17,Search,14628.6666666667
2023-05-18,Search,11898.5
2023-05-19,Search,17231.6666666667
2023-05-20,Search,17454
2023-05-21,Search,12292.25
2023-05-22,Search,15213
2023-05-23,Search,13409
2023-05-24,Search,17772
2023-05-25,Search,9516
2023-05-26,Search,13053.25
2023-05-27,Search,10417
2023-05-28,Search,17746
2023-05-29,Search,16343
2023-05-30,Search,16290.6666666667
2023-05-31,Search,14066.5
2023-06-01,Search,17634.3333333333
2023-06-02,Search,11206.5
2023-06-03,Search,7723
2023-06-04,Search,16115
2023-06-05,Search,9181
2023-06-06,Search,11674
2023-06-07,Search,14604
2023-06-08,Search,10395.3333333333
2023-06-09,Search,12973.3333333333
2023-06-10,Search,7872.5
2023-06-12,Search,11328
2023-06-13,Search,13746.5
2023-06-14,Search,21862
2023-06-15,Search,11118.5
2023-06-16,Search,9649
2023-06-17,Search,10826
2023-06-18,Search,14479.3333333333
2023-06-19,Search,14313
2023-06-20,Search,12260
2023-06-21,Search,17918
2023-06-22,Search,15289
2023-06-24,Search,8966
2023-06-26,Search,12827
2023-06-29,Search,10708
2023-06-30,Search,20073
2023-07-01,Search,13345
2023-07-02,Search,10191.5
2023-07-03,Search,10878.5
2023-07-04,Search,11966
2023-07-05,Search,13523
2023-07-06,Search,9128
2023-07-07,Search,14412
2023-07-08,Search,15513
2023-07-11,Search,9134.75
2023-07-12,Search,8103
2023-07-13,Search,12400.5
2023-07-14,Search,16643
2023-07-15,Search,13694.5
2023-07-16,Search,10476.5
2023-07-17,Search,9096
2023-07-18,Search,7894.5
2023-07-19,Search,8845
2023-07-20,Search,9432
2023-07-21,Search,8836.5
2023-07-22,Search,13441.6666666667
2023-07-23,Search,10550
2023-07-24,Search,8232
2023-07-27,Search,10342.5
2023-07-28,Search,6713.5
2023-07-29,Search,15396
2023-07-30,Search,9661.5
2023-07-31,Search,9709
2023-08-01,Search,11173
2023-08-02,Search,6300
2023-08-03,Search,8037.5
2023-08-04,Search,12015.6666666667
2023-08-06,Search,12533
2023-08-07,Search,17690
2023-08-08,Search,9733
2023-08-09,Search,9444
2023-08-10,Search,6514
2023-08-12,Search,8308.5
2023-08-13,Search,7889
2023-08-14,Search,8744
2023-08-16,Search,10722.4
2023-08-17,Search,9916.33333333333
2023-08-18,Search,10547
2023-08-20,Search,11385
2023-08-21,Search,10723
2023-08-22,Search,10449
2023-08-25,Search,12307
2023-08-26,Search,10977
2023-08-27,Search,12222
2023-08-28,Search,8389.5
2023-08-29,Search,7128
2023-08-30,Search,6137
2023-09-02,Search,11996
2023-09-03,Search,8386
2023-09-04,Search,6780
2023-09-05,Search,10422.5
2023-09-06,Search,8946
2023-09-07,Search,8487
2023-09-08,Search,7776.66666666667
2023-09-09,Search,8622.66666666667
2023-09-10,Search,10303
2023-09-11,Search,8055.5
2023-09-12,Search,7232.75
2023-09-14,Search,9672
2023-09-15,Search,4578
2023-09-16,Search,12156
2023-09-17,Search,6698
2023-09-18,Search,4759
2023-09-19,Search,10365
2023-09-21,Search,8100.5
2023-09-23,Search,11110
2023-09-24,Search,7436.66666666667
2023-09-25,Search,8086
2023-09-26,Search,11794
2023-09-27,Search,12032
2023-09-28,Search,17094.5
2023-09-29,Search,6957.5
2023-09-30,Search,8885
2023-10-02,Search,7513.33333333333
2023-10-03,Search,6893
2023-10-04,Search,9437
2023-10-06,Search,7111
2023-10-07,Search,10191
2023-10-10,Search,9147
2023-10-11,Search,10936
2023-10-12,Search,7956.66666666667
2023-10-13,Search,8235
2023-10-14,Search,6968
2023-10-15,Search,11192
2023-10-16,Search,12395
2023-10-17,Search,10341
2023-10-18,Search,10865
2023-10-19,Search,9303.25
2023-10-20,Search,7366
2023-10-21,Search,8940
2023-10-23,Search,19729
2023-10-24,Search,5412
2023-10-26,Search,12885.5
2023-10-28,Search,11901.5
2023-10-29,Search,15339
2023-10-30,Search,6161
2023-10-31,Search,10988
2023-11-01,Search,8409
2023-11-02,Search,14261
2023-11-03,Search,11103.1666666667
2023-11-04,Search,7173
2023-11-05,Search,8417
2023-11-06,Search,10054
2023-11-07,Search,7877.66666666667
2023-11-08,Search,6057
2023-11-09,Search,10599
2023-11-10,Search,12068.5
2023-11-12,Search,4278
2023-11-13,Search,18110
2023-11-14,Search,13453.5
2023-11-15,Search,3781
2023-11-16,Search,12102.5
2023-11-18,Search,12505
2023-11-19,Search,7927.33333333333
2023-11-20,Search,13769.5
2023-11-21,Search,10682
2023-11-22,Search,10538.5
2023-11-23,Search,10298
2023-11-24,Search,19367
2023-11-25,Search,8719
2023-11-29,Search,10812.5
2023-11-30,Search,9949
2023-12-01,Search,10468
2023-12-02,Search,13422.5
2023-12-03,Search,14096
2023-12-04,Search,15581
2023-12-07,Search,14646
2023-12-08,Search,11430
2023-12-12,Search,10357
2023-12-13,Search,16554.3333333333
2023-12-14,Search,18565.5
2023-12-15,Search,14610.5
2023-12-16,Search,23473.5
2023-12-17,Search,11041
2023-12-18,Search,10836
2023-12-19,Search,16430
2023-12-20,Search,13370
2023-12-21,Search,16788
2023-12-22,Search,15781
2023-12-23,Search,12225
2023-12-26,Search,13265
2023-12-27,Search,10641.6666666667
2023-12-28,Search,17771.6666666667
2023-12-29,Search,15252
2023-12-31,Search,9329
2024-01-01,Search,19378
2024-01-03,Search,13862.75
2024-01-06,Search,13884.8
2024-01-09,Search,14383
2024-01-10,Search,12091
2024-01-12,Search,11101
2024-01-13,Search,10144.5
2024-01-14,Search,13330.5
2024-01-17,Search,13733
2024-01-19,Search,16021
2024-01-20,Search,12777
2024-01-21,Search,18255
2024-01-22,Search,26061
2024-01-23,Search,16568
2024-01-24,Search,8877
2024-01-25,Search,13281.5
2024-01-26,Search,15971.6666666667
2024-01-27,Search,17763
2024-01-28,Search,18598
2024-01-29,Search,13837
2024-01-31,Search,13632
2024-02-01,Search,7566
2024-02-02,Search,13177
2024-02-03,Search,13359
2024-02-04,Search,15254.5
2024-02-05,Search,17603.3333333333
2024-02-06,Search,11670
2024-02-08,Search,15995
2024-02-09,Search,18014
2024-02-10,Search,20368
2024-02-11,Search,9278
2024-02-14,Search,18970
2024-02-15,Search,12020
2024-02-16,Search,9020
2024-02-17,Search,24827
2024-02-19,Search,14741
2024-02-20,Search,18786.5
2024-02-21,Search,17232.6
2024-02-22,Search,18420
2024-02-23,Search,17592
2024-02-24,Search,15124
2024-02-25,Search,15552
2024-02-27,Search,18574
2024-02-28,Search,15427
2024-03-01,Search,23701
2024-03-02,Search,14190.6666666667
2024-03-03,Search,14052
2024-03-05,Search,33502
2024-03-07,Search,15782.5
2024-03-08,Search,22800
2024-03-09,Search,28235
2024-03-10,Search,16431
2024-03-11,Search,15112.3333333333
2024-03-12,Search,18368.3333333333
2024-03-13,Search,19273
2024-03-14,Search,24598
2024-03-16,Search,16049.5
2024-03-17,Search,8355
2024-03-18,Search,17135
2024-03-20,Search,22772.5
2024-03-21,Search,13439.3333333333
2024-03-22,Search,14450
2024-03-23,Search,12531
2024-03-24,Search,10751
2024-03-26,Search,16659
2024-03-27,Search,19095
2024-03-28,Search,14443
2024-03-29,Search,10540
2024-03-30,Search,13728
2024-03-31,Search,9422.5
2024-04-01,Search,17160
2024-04-02,Search,15239.6666666667
2024-04-03,Search,12314
2024-04-04,Search,22418
2024-04-05,Search,10590.3333333333
2024-04-06,Search,30257
2024-04-07,Search,14503
2024-04-08,Search,14122.5
2024-04-09,Search,11948
2024-04-10,Search,14944
2024-04-11,Search,13550
2024-04-12,Search,12667
2024-04-14,Search,12779
2024-04-15,Search,16372.6666666667
2024-04-17,Search,23188
2024-04-18,Search,16370.6666666667
2024-04-19,Search,22475.5
2024-04-21,Search,18467
2024-04-22,Search,18646.5
2024-04-23,Search,19847.3333333333
2024-04-24,Search,12947
2024-04-25,Search,18631.5
2024-04-26,Search,15463.3333333333
2024-04-27,Search,17413
2024-04-29,Search,20184
2024-05-02,Search,16574
2024-05-04,Search,12971
2024-05-06,Search,17291.5
2024-05-07,Search,18480
2024-05-08,Search,18118.3333333333
2024-05-09,Search,8259
2024-05-10,Search,13954.6666666667
2024-05-12,Search,9335
2024-05-13,Search,9036
2024-05-14,Search,14874
2024-05-15,Search,15609
2024-05-16,Search,14509
2024-05-17,Search,13307
2024-05-19,Search,20719.5
2024-05-20,Search,11100
2024-05-22,Search,26151
2024-05-24,Search,8894
2024-05-25,Search,18502.5
2024-05-26,Search,4180
2024-05-27,Search,10090
2024-05-28,Search,11596
2024-05-30,Search,9493
2024-05-31,Search,15495
2024-06-02,Search,12652.25
2024-06-03,Search,9851
2024-06-04,Search,23043
2024-06-05,Search,15747
2024-06-06,Search,15924
2024-06-07,Search,12337
2024-06-09,Search,10308.25
2024-06-10,Search,15556.5
2024-06-12,Search,8598
2024-06-13,Search,14521.3333333333
2024-06-15,Search,13439
2024-06-16,Search,16400.3333333333
2024-06-20,Search,17217.5
2024-06-21,Search,13465.3333333333
2024-06-23,Search,12070
2024-06-24,Search,15297
2024-06-25,Search,7044.5
2024-06-26,Search,13520
2024-06-27,Search,15484
2024-06-28,Search,11235
2024-06-30,Search,17206.5
2024-07-01,Search,9459.5
2024-07-02,Search,6971
2024-07-04,Search,11090
2024-07-05,Search,8920.5
2024-07-06,Search,18046
2024-07-07,Search,12108.6666666667
2024-07-08,Search,8061
2024-07-09,Search,12131.5
2024-07-13,Search,14141.6666666667
2024-07-15,Search,12477.5
2024-07-16,Search,11109.3333333333
2024-07-17,Search,16025
2024-07-18,Search,11510.7142857143
2024-07-19,Search,21720
2024-07-21,Search,10382
2024-07-22,Search,11953
2024-07-23,Search,13156.75
2024-07-25,Search,11031.5
2024-07-26,Search,24099
2024-07-28,Search,7928
2024-07-29,Search,8658
2024-07-30,Search,17677
2024-08-01,Search,5835
2024-08-02,Search,11295
2024-08-03,Search,11680
2024-08-04,Search,10549.3333333333
2024-08-05,Search,8482.66666666667
2024-08-06,Search,16541
2024-08-07,Search,10226.4
2024-08-08,Search,9858
2024-08-09,Search,4779
2024-08-10,Search,11153
2024-08-12,Search,15849
2024-08-13,Search,11926
2024-08-14,Search,10676.6666666667
2024-08-15,Search,16341
2024-08-16,Search,105988
2024-08-17,Search,10894
2024-08-18,Search,7925
2024-08-19,Search,7811
2024-08-20,Search,11841
2024-08-21,Search,8871
2024-08-22,Search,8660
2024-08-23,Search,11031.6666666667
2024-08-24,Search,11182
2024-08-25,Search,8070
2024-08-27,Search,15040.5
2024-08-28,Search,16261
2024-08-29,Search,9827
2024-08-30,Search,19337.5
2024-09-01,Search,9262.75
2024-09-02,Search,15626
2024-09-03,Search,11725
2024-09-04,Search,9180.4
2024-09-06,Search,5764
2024-09-07,Search,5901
2024-09-08,Search,9280.75
2024-09-09,Search,6287
2024-09-10,Search,12749.3333333333
2024-09-11,Search,8434
2024-09-12,Search,9361.66666666667
2024-09-13,Search,7413
2024-09-15,Search,9788.33333333333
2024-09-16,Search,8990
2024-09-17,Search,10473.5
2024-09-18,Search,6369.5
2024-09-19,Search,9583
2024-09-20,Search,13732
2024-09-21,Search,18242
2024-09-22,Search,10720.5
2024-09-23,Search,14162
2024-09-26,Search,11046.5
2024-09-27,Search,13638
2024-09-28,Search,8417.5
2024-09-29,Search,12687.6666666667
2024-10-01,Search,8048.33333333333
2024-10-03,Search,10396
2024-10-05,Search,11565
2024-10-06,Search,13943
2024-10-08,Search,9822
2024-10-09,Search,6054
2024-10-11,Search,5464
2024-10-12,Search,15348.5
2024-10-14,Search,12537.75
2024-10-15,Search,10172.5
2024-10-16,Search,14729
2024-10-17,Search,8194
2024-10-18,Search,8634.5
2024-10-20,Search,22891
2024-10-21,Search,9569.5
2024-10-22,Search,10685
2024-10-23,Search,9779
2024-10-24,Search,16632
2024-10-26,Search,12235
2024-10-27,Search,14956
2024-10-28,Search,12795.5
2024-10-29,Search,6953
2024-10-30,Search,9241.5
2024-10-31,Search,10957
2024-11-01,Search,12842.5
2024-11-02,Search,8305
2024-11-03,Search,15030
2024-11-05,Search,14216
2024-11-06,Search,20092
2024-11-07,Search,4532
2024-11-08,Search,11128
2024-11-09,Search,13966.5
2024-11-10,Search,14787
2024-11-11,Search,9856
2024-11-12,Search,10456
2024-11-13,Search,6284
2024-11-15,Search,11616
2024-11-17,Search,12717.6666666667
2024-11-18,Search,13373.3333333333
2024-11-19,Search,19169
2024-11-20,Search,15342.5
2024-11-22,Search,12431
2024-11-23,Search,11040
2024-11-24,Search,8287.5
2024-11-25,Search,11725
2024-11-26,Search,11830.5
2024-11-28,Search,6629
2024-11-29,Search,16898.6666666667
2024-12-01,Search,9765
2024-12-06,Search,12533.25
2024-12-07,Search,14870
2024-12-08,Search,12584.3333333333
2024-12-09,Search,14880.5
2024-12-10,Search,19533
2024-12-11,Search,12093
2024-12-12,Search,6151
2024-12-14,Search,10028
2024-12-15,Search,21004.5
2024-12-16,Search,9283
2024-12-17,Search,9441
2024-12-18,Search,13921
2024-12-19,Search,21631
2024-12-20,Search,14091.5
2024-12-21,Search,11822
2024-12-22,Search,20920.5
2024-12-23,Search,14219.5
2024-12-25,Search,9432
2024-12-26,Search,11725
2024-12-27,Search,12699
2024-12-28,Search,14111
2024-12-29,Search,13947
2024-12-30,Search,16627.5
2024-12-31,Search,13046
2025-01-01,Search,36504
2025-01-02,Search,13364.3333333333
2025-01-03,Search,9899
2025-01-06,Search,9929
2025-01-07,Search,17921.3333333333
2025-01-08,Search,26089
2025-01-10,Search,17296.2
2025-01-11,Search,6888
2025-01-12,Search,16591.5
2025-01-14,Search,18461
2025-01-16,Search,15227.4
2025-01-17,Search,14088
2025-01-18,Search,10889.5
2025-01-19,Search,19355
2025-01-20,Search,9526
2025-01-21,Search,15142.5
2025-01-22,Search,15057
2025-01-23,Search,18174.25
2025-01-24,Search,11817
2025-01-25,Search,11701
2025-01-27,Search,14655
2025-01-28,Search,18345
2025-01-29,Search,20842.5
2025-01-30,Search,8304
2025-01-31,Search,14529.5
2025-02-02,Search,12673.5
2025-02-04,Search,19238.5
2025-02-05,Search,29750
2025-02-06,Search,19667
2025-02-07,Search,17130
2025-02-08,Search,15463.4
2025-02-09,Search,14454.5
2025-02-10,Search,16473
2025-02-11,Search,11136
2025-02-12,Search,30993
2025-02-13,Search,7937
2025-02-15,Search,15624.5
2025-02-16,Search,14916.3333333333
2025-02-17,Search,16226
2025-02-18,Search,13964.5
2025-02-19,Search,11657
2025-02-20,Search,22077.5
2025-02-21,Search,18813.75
2025-02-22,Search,16564.6666666667
2025-02-23,Search,18105
2025-02-24,Search,16462
2025-02-26,Search,18897.5
2025-02-27,Search,16423
2025-03-01,Search,23438
2025-03-02,Search,18249
2025-03-04,Search,20906.5
2025-03-05,Search,16586
2025-03-06,Search,17722.5
2025-03-08,Search,18362.6666666667
2025-03-09,Search,15384
2025-03-11,Search,17479
2025-03-12,Search,27256
2025-03-13,Search,17696
2025-03-14,Search,16900
2025-03-15,Search,23154.25
2025-03-16,Search,12185
2025-03-18,Search,15467
2025-03-19,Search,19921
2025-03-21,Search,21107
2025-03-22,Search,10710
2025-03-23,Search,16631.5
2025-03-24,Search,18168
2025-03-25,Search,15740
2025-03-28,Search,12583.5
2025-03-30,Search,11754
2025-03-31,Search,19047
2025-04-01,Search,17864.5
2025-04-02,Search,11247
2025-04-03,Search,16379
2025-04-04,Search,8494
2025-04-05,Search,17004
2025-04-06,Search,14953.3333333333
2025-04-07,Search,15154
2025-04-08,Search,15777
2025-04-09,Search,23556
2025-04-10,Search,15464
2025-04-11,Search,23624
2025-04-12,Search,14261
2025-04-13,Search,11582
2025-04-14,Search,19834.5
2025-04-15,Search,16341
2025-04-16,Search,32375
2025-04-17,Search,18402
2025-04-19,Search,23946
2025-04-20,Search,15978.6666666667
2025-04-21,Search,14700
2025-04-22,Search,40429
2025-04-23,Search,14210
2025-04-24,Search,27825
2025-04-25,Search,17149
2025-04-26,Search,15272.5
2025-04-27,Search,15984
2025-04-29,Search,16645
2025-05-01,Search,12616
2025-05-02,Search,21719
2025-05-03,Search,15464.25
2025-05-05,Search,21711
2025-05-06,Search,15409
2025-05-07,Search,19281
2025-05-08,Search,19866
2025-05-09,Search,20077
2025-05-10,Search,20392
2025-05-11,Search,14451
2025-05-13,Search,16885
2025-05-14,Search,13890
2025-05-15,Search,18395
2025-05-16,Search,15896
2025-05-18,Search,15239.3333333333
2025-05-19,Search,16594.6666666667
2025-05-20,Search,13486.5
2025-05-21,Search,17556
2025-05-22,Search,15909.75
2025-05-23,Search,16719.6666666667
2025-05-25,Search,6289
2025-05-26,Search,12044
2025-05-27,Search,17996.3333333333
2025-05-29,Search,16361
2025-05-30,Search,13909
2025-05-31,Search,10687
2025-06-01,Search,9392
2025-06-02,Search,17907.5
2025-06-04,Search,21105
2025-06-05,Search,13014
2025-06-06,Search,22803
2025-06-07,Search,11855
2025-06-08,Search,17613
2025-06-10,Search,13862
2025-06-12,Search,13120
2025-06-13,Search,17274
2025-06-16,Search,15446.6666666667
2025-06-17,Search,13894
2025-06-18,Search,18426
2025-06-19,Search,13223.75
2025-06-20,Search,14480.5
2025-06-21,Search,11810
2025-06-22,Search,15316
2025-06-23,Search,18195.5
2025-06-24,Search,16638
2025-06-25,Search,11762
2025-06-26,Search,9232
2025-06-27,Search,16215
2025-06-28,Search,26146
2025-06-30,Search,13259
2025-07-01,Search,9312
2025-07-02,Search,26851
2025-07-03,Search,11389.5
2025-07-04,Search,6031.5
2025-07-05,Search,10927
2025-07-06,Search,3795
2025-07-07,Search,12444
2025-07-08,Search,12467.6666666667
2025-07-10,Search,6518
2025-07-12,Search,9712
2025-07-13,Search,14707
2025-07-14,Search,11120
2025-07-15,Search,12050
2025-07-16,Search,12838.25
2025-07-17,Search,20985
2025-07-18,Search,17319
2025-07-19,Search,35034.3333333333
2025-07-20,Search,9691
2025-07-21,Search,8618
2025-07-23,Search,20047
2025-07-24,Search,16704
2025-07-25,Search,13325.6666666667
2025-07-26,Search,21121.3333333333
2025-07-27,Search,9448
2025-07-28,Search,10863.5
2025-07-30,Search,10979.8333333333
2025-07-31,Search,13447
2025-08-01,Search,10454
2025-08-02,Search,11629.5
2025-08-03,Search,16785
2025-08-04,Search,9758.66666666667
2025-08-05,Search,12237.6666666667
2025-08-06,Search,12398.3333333333
2025-08-07,Search,18099
2025-08-08,Search,11269.75
2025-08-10,Search,8355
2025-08-11,Search,14761.5
2025-08-13,Search,4871
2025-08-14,Search,8006
2025-08-15,Search,14064.75
2025-08-16,Search,19542
2025-08-17,Search,8518
2025-08-18,Search,9511
2025-08-19,Search,13986
2025-08-20,Search,9514
2025-08-22,Search,10118
2025-08-23,Search,11295
2025-08-24,Search,14402.5
2025-08-25,Search,12701
2025-08-26,Search,9494
2025-08-27,Search,28235
2025-08-29,Search,13493.5
2025-08-30,Search,7721
2025-09-01,Search,16595
2025-09-03,Search,10267
2025-09-04,Search,9820.33333333333
2025-09-05,Search,7985
2025-09-06,Search,13521.5
2025-09-07,Search,10607
2025-09-08,Search,12739.5
2025-09-09,Search,6507
2025-09-10,Search,23382
2025-09-11,Search,14557
2025-09-12,Search,13536.5
2025-09-13,Search,9243
2025-09-14,Search,10990.5
2025-09-16,Search,5942
2025-09-17,Search,10977
2025-09-19,Search,12967
2025-09-20,Search,9650
2025-09-22,Search,13812
2025-09-23,Search,3533
2025-09-24,Search,12215.3333333333
2025-09-26,Search,9439
2025-09-27,Search,10822
2025-09-28,Search,6015
2025-10-01,Search,12816
2025-10-02,Search,9461
2025-10-04,Search,8558
2025-10-05,Search,8463
2025-10-06,Search,13199.5
2025-10-08,Search,16382
2025-10-09,Search,11409
2025-10-10,Search,12723
2025-10-11,Search,10752.5
2025-10-12,Search,13697.3333333333
2025-10-13,Search,10941
2025-10-14,Search,14696
2025-10-15,Search,14274
2025-10-16,Search,12949.2
2025-10-18,Search,12199
2025-10-20,Search,17405
2025-10-21,Search,17778
2025-10-22,Search,8802.33333333333
2025-10-24,Search,10249
2025-10-26,Search,8806
2025-10-28,Search,12180.3333333333
2025-10-31,Search,7958
2025-11-02,Search,14125.3333333333
2025-11-04,Search,21178.5
2025-11-05,Search,14244
2025-11-06,Search,8391
2025-11-07,Search,13273.5
2025-11-09,Search,10129
2025-11-10,Search,15812.5
2025-11-11,Search,20945.75
2025-11-12,Search,16812
2025-11-14,Search,14596.1666666667
2025-11-15,Search,10126.5
2025-11-16,Search,16096.5
2025-11-17,Search,12674.5
2025-11-18,Search,12540.5
2025-11-19,Search,16873.5
2025-11-20,Search,13035
2025-11-21,Search,16447
2025-11-22,Search,16094.5
2025-11-23,Search,9294
2025-11-24,Search,16962
2025-11-25,Search,21334
2025-11-26,Search,16488
2025-11-27,Search,11106
2025-11-28,Search,10500
2025-11-29,Search,7601
2025-12-01,Search,12370
2025-12-03,Search,15287.25
2025-12-04,Search,12139.5
2025-12-05,Search,10036.5
2025-12-07,Search,12875.5
2025-12-08,Search,9854
2025-12-09,Search,10695
2025-12-10,Search,13039
2025-12-11,Search,14618.3333333333
2025-12-12,Search,14558
2025-12-13,Search,10741
2025-12-15,Search,20396.3333333333
2025-12-17,Search,11255
2025-12-18,Search,24213
2025-12-19,Search,17757.5
2025-12-21,Search,12717.5
2025-12-22,Search,15533
2025-12-23,Search,16075.6666666667
2025-12-24,Search,13990.5
2025-12-25,Search,23738
2025-12-26,Search,17741
2025-12-27,Search,19114
2025-12-28,Search,23737
2025-12-29,Search,11525.5
2025-12-30,Search,14357
2025-12-31,Search,17312
2023-01-01,Social,11643
2023-01-02,Social,12087
2023-01-04,Social,5837.5
2023-01-05,Social,7641
2023-01-06,Social,9436.5
2023-01-08,Social,10138
2023-01-11,Social,8625
2023-01-13,Social,9706
2023-01-16,Social,16228
2023-01-17,Social,9580.33333333333
2023-01-18,Social,10249
2023-01-20,Social,10944.6666666667
2023-01-21,Social,9174.5
2023-01-23,Social,8118
2023-01-26,Social,13589
2023-01-27,Social,14668
2023-01-29,Social,12272.5
2023-02-02,Social,8051
2023-02-03,Social,10129.25
2023-02-04,Social,12419.6666666667
2023-02-07,Social,12075.5
2023-02-09,Social,11225
2023-02-10,Social,12409
2023-02-11,Social,12978
2023-02-12,Social,8584.5
2023-02-13,Social,11585.25
2023-02-14,Social,8248
2023-02-18,Social,6352
2023-02-19,Social,7483
2023-02-20,Social,10762
2023-02-21,Social,4012
2023-02-22,Social,17315.6666666667
2023-02-23,Social,8929
2023-02-24,Social,15402
2023-02-25,Social,8431
2023-02-26,Social,8323
2023-02-27,Social,10406
2023-03-01,Social,10404
2023-03-02,Social,9130
2023-03-04,Social,12277.3333333333
2023-03-06,Social,9847
2023-03-07,Social,9500
2023-03-08,Social,8668.5
2023-03-09,Social,7666.8
2023-03-10,Social,10058.5
2023-03-11,Social,10342
2023-03-12,Social,11662
2023-03-13,Social,21802
2023-03-14,Social,5145
2023-03-16,Social,9049.33333333334
2023-03-18,Social,15753
2023-03-19,Social,10346
2023-03-20,Social,9881.5
2023-03-21,Social,9506
2023-03-22,Social,10328.25
2023-03-24,Social,7411
2023-03-25,Social,17337
2023-03-26,Social,8132
2023-03-27,Social,13136.5
2023-03-28,Social,10324.6666666667
2023-03-29,Social,7385
2023-03-30,Social,9295.5
2023-03-31,Social,3988
2023-04-02,Social,4753.5
2023-04-03,Social,6548
2023-04-04,Social,10947
2023-04-07,Social,10155
2023-04-08,Social,10645
2023-04-10,Social,6000.5
2023-04-11,Social,14674
2023-04-13,Social,11132
2023-04-14,Social,10292.5
2023-04-18,Social,13505
2023-04-20,Social,11825.5
2023-04-22,Social,9958
2023-04-23,Social,9304.33333333333
2023-04-24,Social,9540
2023-04-26,Social,11738
2023-04-28,Social,7796
2023-04-29,Social,6897
2023-04-30,Social,9624
2023-05-02,Social,8501.5
2023-05-04,Social,12992.5
2023-05-06,Social,6936
2023-05-07,Social,18467
2023-05-08,Social,8316
2023-05-09,Social,7926
2023-05-13,Social,8284
2023-05-14,Social,12911
2023-05-15,Social,9822.5
2023-05-16,Social,12041
2023-05-17,Social,13528.5
2023-05-18,Social,8136
2023-05-19,Social,9752
2023-05-20,Social,9420
2023-05-23,Social,9219.875
2023-05-25,Social,7501
2023-05-26,Social,10613
2023-05-27,Social,7490
2023-05-29,Social,8507.5
2023-05-31,Social,13557.5
2023-06-02,Social,10394
2023-06-04,Social,5444
2023-06-05,Social,10693.5
2023-06-06,Social,9521
2023-06-07,Social,10037
2023-06-09,Social,7533.5
2023-06-10,Social,8582
2023-06-11,Social,9129.33333333333
2023-06-12,Social,5916
2023-06-13,Social,7960.5
2023-06-14,Social,4599
2023-06-16,Social,5757
2023-06-18,Social,7270
2023-06-19,Social,7949
2023-06-20,Social,11055
2023-06-21,Social,10190.6666666667
2023-06-22,Social,9285
2023-06-23,Social,8901
2023-06-24,Social,9897
2023-06-25,Social,8748
2023-06-27,Social,7888
2023-06-28,Social,8951
2023-06-29,Social,25709
2023-06-30,Social,6525
2023-07-01,Social,7777
2023-07-02,Social,7116.5
2023-07-03,Social,19212
2023-07-04,Social,8117.66666666667
2023-07-05,Social,7981.5
2023-07-06,Social,4992
2023-07-07,Social,8088.5
2023-07-11,Social,6532
2023-07-12,Social,4777
2023-07-14,Social,8187
2023-07-16,Social,11007
2023-07-17,Social,5612
2023-07-18,Social,14925
2023-07-19,Social,8598
2023-07-20,Social,9472
2023-07-21,Social,5047
2023-07-22,Social,3657
2023-07-23,Social,4258
2023-07-24,Social,8726
2023-07-25,Social,3617
2023-07-26,Social,7008
2023-07-27,Social,6988
2023-07-31,Social,7757
2023-08-01,Social,6970.33333333333
2023-08-04,Social,8207
2023-08-05,Social,5801.4
2023-08-06,Social,4845
2023-08-07,Social,9258
2023-08-08,Social,6592
2023-08-09,Social,8727
2023-08-11,Social,7032
2023-08-12,Social,6960
2023-08-14,Social,5877
2023-08-17,Social,4582
2023-08-18,Social,9267
2023-08-19,Social,6417
2023-08-21,Social,9478
2023-08-22,Social,5635
2023-08-23,Social,3773
2023-08-24,Social,6242.25
2023-08-26,Social,8388
2023-08-27,Social,12145.25
2023-08-28,Social,9198.33333333333
2023-08-29,Social,7494.5
2023-08-31,Social,7871
2023-09-01,Social,5852
2023-09-02,Social,4475
2023-09-03,Social,8921.33333333334
2023-09-07,Social,7840
2023-09-09,Social,4546
2023-09-11,Social,4688
2023-09-12,Social,3684
2023-09-13,Social,11917
2023-09-15,Social,6175
2023-09-16,Social,9890
2023-09-17,Social,4431
2023-09-18,Social,6823.33333333333
2023-09-20,Social,7051.5
2023-09-21,Social,9184.33333333333
2023-09-22,Social,7641
2023-09-23,Social,4507
2023-09-24,Social,8938
2023-09-26,Social,6245
2023-09-27,Social,6600
2023-09-30,Social,7755
2023-10-01,Social,3918
2023-10-02,Social,9514
2023-10-04,Social,6398
2023-10-05,Social,6790.5
2023-10-06,Social,6934
2023-10-07,Social,6039
2023-10-09,Social,7791
2023-10-11,Social,8512
2023-10-13,Social,8007
2023-10-14,Social,7197
2023-10-15,Social,6265.5
2023-10-17,Social,7078
2023-10-19,Social,8717
2023-10-22,Social,11342
2023-10-23,Social,4555
2023-10-24,Social,5079
2023-10-25,Social,5501.33333333333
2023-10-26,Social,8530
2023-10-27,Social,4899
2023-10-28,Social,6466.5
2023-10-31,Social,5959.66666666667
2023-11-01,Social,10067
2023-11-02,Social,14296
2023-11-03,Social,7861
2023-11-04,Social,8120
2023-11-05,Social,9977
2023-11-09,Social,6251.5
2023-11-10,Social,5784.5
2023-11-11,Social,12171
2023-11-12,Social,7551
2023-11-13,Social,11082
2023-11-14,Social,8125
2023-11-15,Social,9374
2023-11-16,Social,9008
2023-11-17,Social,8369.5
2023-11-18,Social,7020
2023-11-19,Social,6835
2023-11-20,Social,9736
2023-11-22,Social,7961
2023-11-23,Social,13261
2023-11-24,Social,4490
2023-11-25,Social,9321
2023-11-26,Social,9410.5
2023-11-27,Social,8968
2023-11-29,Social,6695
2023-11-30,Social,6404
2023-12-01,Social,8306
2023-12-03,Social,6917.66666666667
2023-12-04,Social,6582.5
2023-12-05,Social,8659.66666666667
2023-12-06,Social,8035
2023-12-07,Social,9132
2023-12-08,Social,6958
2023-12-10,Social,4976
2023-12-12,Social,6026
2023-12-14,Social,9816
2023-12-17,Social,11097
2023-12-20,Social,6488
2023-12-22,Social,6319
2023-12-23,Social,8845
2023-12-25,Social,7102
2023-12-26,Social,6447.5
2023-12-28,Social,8660
2023-12-30,Social,8135.5
2023-12-31,Social,7138
2024-01-01,Social,11276
2024-01-02,Social,8018.33333333333
2024-01-04,Social,9174
2024-01-07,Social,15252
2024-01-08,Social,9202.5
2024-01-11,Social,9824
2024-01-13,Social,8896
2024-01-15,Social,6536
2024-01-17,Social,14738
2024-01-18,Social,7753
2024-01-19,Social,9898
2024-01-20,Social,6131
2024-01-23,Social,8604.66666666667
2024-01-24,Social,7994.5
2024-01-25,Social,6291
2024-01-26,Social,8139
2024-01-27,Social,12757
2024-01-28,Social,6766
2024-01-29,Social,10386
2024-01-30,Social,10815
2024-01-31,Social,12073
2024-02-02,Social,16629.5
2024-02-04,Social,18045
2024-02-05,Social,12369
2024-02-07,Social,16648
2024-02-10,Social,11454
2024-02-11,Social,19069
2024-02-13,Social,19592
2024-02-14,Social,10294
2024-02-16,Social,9423
2024-02-17,Social,11632.5
2024-02-19,Social,14539.5
2024-02-24,Social,6689
2024-02-26,Social,8330.5
2024-02-28,Social,7134
2024-02-29,Social,17066.5
2024-03-01,Social,9808
2024-03-02,Social,10575
2024-03-03,Social,7925
2024-03-04,Social,12521
2024-03-07,Social,6723.5
2024-03-08,Social,12659
2024-03-09,Social,8667
2024-03-10,Social,9351.5
2024-03-12,Social,12183.5
2024-03-13,Social,10558
2024-03-19,Social,10264
2024-03-20,Social,10246.5
2024-03-21,Social,12433
2024-03-22,Social,13503.6666666667
2024-03-23,Social,9403.66666666667
2024-03-24,Social,12581
2024-03-25,Social,12888
2024-03-27,Social,12225
2024-03-29,Social,14527
2024-03-30,Social,8615
2024-04-01,Social,16789
2024-04-02,Social,11476.6666666667
2024-04-03,Social,11048.5
2024-04-04,Social,15034
2024-04-06,Social,10324
2024-04-07,Social,9991
2024-04-09,Social,8604
2024-04-10,Social,11803
2024-04-11,Social,11405
2024-04-12,Social,6902
2024-04-13,Social,12276
2024-04-14,Social,9010.5
2024-04-15,Social,10862
2024-04-16,Social,7309
2024-04-18,Social,14827.5
2024-04-19,Social,14249.6666666667
2024-04-20,Social,16972
2024-04-21,Social,11379
2024-04-22,Social,10666.5
2024-04-23,Social,8304
2024-04-24,Social,9100
2024-04-25,Social,11902
2024-04-28,Social,8311
2024-04-29,Social,9268.5
2024-05-02,Social,15339
2024-05-06,Social,7958
2024-05-09,Social,8410.5
2024-05-10,Social,5531.5
2024-05-11,Social,8356
2024-05-12,Social,11367.5
2024-05-13,Social,16930
2024-05-17,Social,7303
2024-05-18,Social,4906
2024-05-20,Social,10592
2024-05-21,Social,10173
2024-05-23,Social,8149
2024-05-24,Social,13139
2024-05-25,Social,15846
2024-05-26,Social,14522
2024-05-28,Social,12155.25
2024-05-30,Social,10935
2024-05-31,Social,7655
2024-06-01,Social,8649
2024-06-02,Social,9856.5
2024-06-03,Social,8127.5
2024-06-04,Social,10302
2024-06-05,Social,15072
2024-06-06,Social,12881
2024-06-08,Social,3894
2024-06-13,Social,11948.5
2024-06-16,Social,10909
2024-06-19,Social,4863
2024-06-23,Social,14991
2024-06-24,Social,6167.66666666667
2024-06-25,Social,8298
2024-06-26,Social,12272
2024-06-27,Social,10489.2
2024-06-28,Social,9154
2024-06-29,Social,3202
2024-06-30,Social,7606.4
2024-07-01,Social,10907
2024-07-03,Social,9883.33333333333
2024-07-05,Social,9734.5
2024-07-06,Social,7272.33333333333
2024-07-07,Social,10318
2024-07-08,Social,3832
2024-07-10,Social,10219
2024-07-12,Social,4502
2024-07-13,Social,8465
2024-07-15,Social,5364
2024-07-16,Social,11006
2024-07-17,Social,7445.33333333333
2024-07-18,Social,4954
2024-07-19,Social,10302
2024-07-21,Social,6296
2024-07-22,Social,10680
2024-07-23,Social,4863
2024-07-24,Social,6471
2024-07-25,Social,6960
2024-07-26,Social,7329
2024-07-30,Social,9596
2024-07-31,Social,8631.33333333333
2024-08-01,Social,10215
2024-08-02,Social,10488
2024-08-05,Social,6355
2024-08-06,Social,6522
2024-08-07,Social,7103
2024-08-09,Social,8279
2024-08-10,Social,10245
2024-08-13,Social,12019
2024-08-14,Social,13257
2024-08-15,Social,5611
2024-08-17,Social,9452
2024-08-18,Social,5000
2024-08-19,Social,10703.6666666667
2024-08-20,Social,4600
2024-08-21,Social,4073
2024-08-22,Social,6824.5
2024-08-23,Social,9334
2024-08-24,Social,10072
2024-08-26,Social,7150
2024-08-28,Social,7749.5
2024-08-29,Social,8560
2024-09-03,Social,3909
2024-09-04,Social,10835
2024-09-05,Social,6725
2024-09-06,Social,8348.66666666667
2024-09-07,Social,6523
2024-09-08,Social,6386.5
2024-09-09,Social,7659.5
2024-09-11,Social,10042
2024-09-14,Social,9373
2024-09-15,Social,6443.5
2024-09-16,Social,2316
2024-09-17,Social,23089.5
2024-09-19,Social,6015.66666666667
2024-09-21,Social,9166
2024-09-22,Social,9396
2024-09-23,Social,6156
2024-09-24,Social,9844.5
2024-09-25,Social,6033
2024-09-26,Social,8899
2024-09-27,Social,7052
2024-09-28,Social,3250
2024-10-01,Social,14916
2024-10-03,Social,5981.5
2024-10-04,Social,8156
2024-10-05,Social,8486.5
2024-10-08,Social,13801
2024-10-09,Social,4543.5
2024-10-10,Social,5462
2024-10-13,Social,4944
2024-10-14,Social,10503
2024-10-15,Social,7025.5
2024-10-19,Social,8760
2024-10-20,Social,7528
2024-10-21,Social,11481
2024-10-23,Social,8097.33333333333
2024-10-25,Social,7424
2024-10-27,Social,7200.5
2024-10-28,Social,9022.5
2024-10-29,Social,7905.33333333333
2024-10-31,Social,8479.66666666667
2024-11-02,Social,11063
2024-11-03,Social,8433.5
2024-11-04,Social,3532
2024-11-05,Social,9572
2024-11-06,Social,6524
2024-11-07,Social,8154
2024-11-08,Social,8853.33333333333
2024-11-09,Social,9837
2024-11-10,Social,10552
2024-11-11,Social,9022
2024-11-12,Social,11596
2024-11-14,Social,9610
2024-11-15,Social,4060
2024-11-16,Social,7622
2024-11-17,Social,9278
2024-11-18,Social,6403
2024-11-19,Social,8167
2024-11-20,Social,13868
2024-11-21,Social,8150.5
2024-11-22,Social,7981.66666666667
2024-11-24,Social,6780
2024-11-26,Social,6000
2024-11-27,Social,8164
2024-11-28,Social,8064
2024-11-30,Social,8629
2024-12-01,Social,11183
2024-12-02,Social,9632
2024-12-03,Social,6184
2024-12-04,Social,17528
2024-12-06,Social,7285
2024-12-07,Social,6499
2024-12-08,Social,12595
2024-12-09,Social,9683.5
2024-12-10,Social,6679
2024-12-11,Social,11834
2024-12-13,Social,8975.5
2024-12-14,Social,10389
2024-12-15,Social,14936
2024-12-16,Social,11341.5
2024-12-17,Social,7329.5
2024-12-19,Social,5950
2024-12-20,Social,11963
2024-12-23,Social,12402.6666666667
2024-12-24,Social,8873.66666666667
2024-12-26,Social,11535
2024-12-27,Social,10282
2024-12-28,Social,9031.5
2024-12-29,Social,10200
2024-12-30,Social,9544.5
2024-12-31,Social,8573
2025-01-02,Social,8748
2025-01-04,Social,4075
2025-01-05,Social,8237
2025-01-06,Social,8245
2025-01-07,Social,12891.3333333333
2025-01-08,Social,9658
2025-01-10,Social,10272.5
2025-01-15,Social,12949
2025-01-16,Social,10643
2025-01-17,Social,9029.5
2025-01-18,Social,9108
2025-01-19,Social,8777.66666666667
2025-01-20,Social,12263
2025-01-21,Social,22833
2025-01-22,Social,12482
2025-01-23,Social,7652
2025-01-26,Social,12130
2025-01-27,Social,14242
2025-01-28,Social,13382.6666666667
2025-01-30,Social,4629
2025-02-02,Social,19444
2025-02-03,Social,12718
2025-02-05,Social,7574
2025-02-08,Social,12422.3333333333
2025-02-09,Social,12764.3333333333
2025-02-10,Social,10662
2025-02-11,Social,20150
2025-02-12,Social,8075
2025-02-13,Social,6371.5
2025-02-15,Social,12252
2025-02-16,Social,11669
2025-02-17,Social,7083
2025-02-18,Social,21414
2025-02-19,Social,21084
2025-02-20,Social,16005
2025-02-21,Social,25944
2025-02-22,Social,14346
2025-02-23,Social,15832.4
2025-02-25,Social,8303
2025-02-28,Social,11782
2025-03-03,Social,10991
2025-03-05,Social,12929
2025-03-06,Social,8322
2025-03-07,Social,14328.6666666667
2025-03-08,Social,18837.5
2025-03-10,Social,5638
2025-03-12,Social,9463.5
2025-03-14,Social,11657
2025-03-16,Social,14542
2025-03-17,Social,15974.5
2025-03-19,Social,18826
2025-03-20,Social,10088
2025-03-21,Social,13377
2025-03-23,Social,9693.5
2025-03-25,Social,12736
2025-03-26,Social,11911
2025-03-27,Social,8419.5
2025-03-28,Social,14932
2025-03-29,Social,12284
2025-03-31,Social,10944
2025-04-01,Social,33207
2025-04-02,Social,12112
2025-04-03,Social,9938
2025-04-04,Social,10843.5
2025-04-06,Social,15153
2025-04-07,Social,17931
2025-04-09,Social,15206
2025-04-10,Social,12977.6666666667
2025-04-11,Social,14273
2025-04-13,Social,11548
2025-04-14,Social,11637
2025-04-15,Social,13093
2025-04-16,Social,12290
2025-04-17,Social,11234.6666666667
2025-04-19,Social,6981
2025-04-20,Social,19754
2025-04-21,Social,15077
2025-04-22,Social,13678.6666666667
2025-04-23,Social,12885
2025-04-24,Social,11137.5
2025-04-25,Social,13981
2025-04-26,Social,5241
2025-04-27,Social,17781.8
2025-04-28,Social,9397
2025-05-02,Social,10362.5
2025-05-03,Social,11311
2025-05-04,Social,12798
2025-05-05,Social,6794.75
2025-05-06,Social,8869
2025-05-08,Social,14955
2025-05-09,Social,12314.5
2025-05-10,Social,9795
2025-05-12,Social,7003
2025-05-14,Social,14494
2025-05-15,Social,6054
2025-05-16,Social,6485.5
2025-05-18,Social,6990
2025-05-20,Social,15656
2025-05-21,Social,10670.3333333333
2025-05-22,Social,10499
2025-05-23,Social,12296
2025-05-24,Social,17121
2025-05-25,Social,16869
2025-05-26,Social,12675
2025-05-27,Social,10403
2025-05-28,Social,21019
2025-05-29,Social,9010.5
2025-05-30,Social,7491.66666666667
2025-06-02,Social,6231
2025-06-03,Social,12898
2025-06-04,Social,9093.5
2025-06-06,Social,10446
2025-06-07,Social,9073
2025-06-08,Social,17715
2025-06-09,Social,13028
2025-06-10,Social,7900
2025-06-11,Social,10944
2025-06-13,Social,16610
2025-06-14,Social,10739
2025-06-16,Social,11546
2025-06-17,Social,10696
2025-06-18,Social,4839
2025-06-19,Social,12301.5
2025-06-21,Social,10230.5
2025-06-22,Social,14566
2025-06-23,Social,16220
2025-06-24,Social,12325
2025-06-26,Social,12102.5
2025-06-27,Social,8402.33333333334
2025-06-29,Social,6725
2025-06-30,Social,6821
2025-07-05,Social,11405.5
2025-07-07,Social,8414
2025-07-08,Social,15873
2025-07-09,Social,8361.5
2025-07-10,Social,11927
2025-07-12,Social,9019
2025-07-13,Social,8391.5
2025-07-15,Social,8527
2025-07-22,Social,5209
2025-07-23,Social,10098
2025-07-24,Social,4552
2025-07-27,Social,7645
2025-07-28,Social,9150
2025-07-31,Social,4396
2025-08-01,Social,7283
2025-08-02,Social,8231
2025-08-05,Social,8419
2025-08-06,Social,7059
2025-08-08,Social,13932
2025-08-09,Social,7667.33333333333
2025-08-12,Social,6206
2025-08-13,Social,8765
2025-08-14,Social,9184
2025-08-15,Social,8930.5
2025-08-16,Social,14023.6666666667
2025-08-17,Social,8063
2025-08-18,Social,9357
2025-08-19,Social,5397
2025-08-21,Social,8445
2025-08-22,Social,3599
2025-08-26,Social,10157.75
2025-08-28,Social,9743.6
2025-09-02,Social,8677.25
2025-09-03,Social,8870
2025-09-04,Social,10732
2025-09-05,Social,6503
2025-09-06,Social,5019
2025-09-07,Social,6655
2025-09-08,Social,2927
2025-09-10,Social,3812
2025-09-11,Social,13741
2025-09-12,Social,6971.5
2025-09-14,Social,6269.66666666667
2025-09-15,Social,12492
2025-09-16,Social,7495
2025-09-17,Social,5715
2025-09-18,Social,11217
2025-09-19,Social,8022
2025-09-20,Social,10182.5
2025-09-22,Social,7685
2025-09-24,Social,8790
2025-09-28,Social,9868
2025-09-29,Social,7631.5
2025-10-01,Social,5655.5
2025-10-03,Social,11052
2025-10-04,Social,8255
2025-10-07,Social,8601
2025-10-08,Social,7591.5
2025-10-10,Social,8283.5
2025-10-11,Social,3490
2025-10-12,Social,7214.5
2025-10-13,Social,4111
2025-10-15,Social,8576
2025-10-16,Social,7130
2025-10-17,Social,7368
2025-10-18,Social,7000
2025-10-19,Social,3955.5
2025-10-21,Social,4995
2025-10-22,Social,9685
2025-10-23,Social,10054
2025-10-25,Social,16708
2025-10-26,Social,10291.5
2025-10-27,Social,3906
2025-10-28,Social,10255
2025-10-29,Social,11707
2025-10-30,Social,8660.5
2025-10-31,Social,7019.5
2025-11-02,Social,9078
2025-11-03,Social,8636
2025-11-04,Social,13854
2025-11-06,Social,11174
2025-11-08,Social,13352
2025-11-10,Social,8897
2025-11-11,Social,6952
2025-11-13,Social,9990
2025-11-14,Social,11859.5
2025-11-16,Social,7313.5
2025-11-18,Social,7532.5
2025-11-19,Social,9888
2025-11-20,Social,13683
2025-11-22,Social,9769
2025-11-24,Social,9923.5
2025-11-25,Social,11340
2025-11-26,Social,8323
2025-11-27,Social,9037
2025-11-28,Social,8763.5
2025-11-29,Social,11631
2025-11-30,Social,9680.5
2025-12-01,Social,12400.5
2025-12-02,Social,13910
2025-12-03,Social,13901
2025-12-04,Social,12261
2025-12-05,Social,10779
2025-12-06,Social,9024
2025-12-08,Social,12126
2025-12-10,Social,8903
2025-12-12,Social,10054.3333333333
2025-12-13,Social,12392
2025-12-14,Social,11563.5
2025-12-17,Social,9492.5
2025-12-20,Social,5671
2025-12-22,Social,9799.5
2025-12-23,Social,7115
2025-12-24,Social,17018
2025-12-25,Social,10113
2025-12-26,Social,9521
2025-12-27,Social,10692
2025-12-28,Social,10204
2025-12-29,Social,6264.5
2025-12-30,Social,8775.5
2025-12-31,Social,8457
