event_date,channel,conversions
2023-01-01,Affiliate,13
2023-01-06,Affiliate,5
2023-01-09,Affiliate,23
2023-01-10,Affiliate,32
2023-01-17,Affiliate,16
2023-01-22,Affiliate,6
2023-01-28,Affiliate,56
2023-02-02,Affiliate,22
2023-02-04,Affiliate,16
2023-02-07,Affiliate,19
2023-02-08,Affiliate,69
2023-02-09,Affiliate,1
2023-02-10,Affiliate,21
2023-02-13,Affiliate,18
2023-02-16,Affiliate,13
2023-02-18,Affiliate,8
2023-02-20,Affiliate,7
2023-02-22,Affiliate,35
2023-03-09,Affiliate,52
2023-03-10,Affiliate,18
2023-03-11,Affiliate,7
2023-03-13,Affiliate,42
2023-03-18,Affiliate,10
2023-03-24,Affiliate,16
2023-03-25,Affiliate,4
2023-03-29,Affiliate,15
2023-03-30,Affiliate,7
2023-04-03,Affiliate,8
2023-04-07,Affiliate,67
2023-04-08,Affiliate,9
2023-04-09,Affiliate,10
2023-04-14,Affiliate,22
2023-04-16,Affiliate,32
2023-04-21,Affiliate,34
2023-04-28,Affiliate,21
2023-05-05,Affiliate,14
2023-05-06,Affiliate,14
2023-05-09,Affiliate,24
2023-05-11,Affiliate,27
2023-05-12,Affiliate,70
2023-05-14,Affiliate,20
2023-05-19,Affiliate,18.5
2023-05-21,Affiliate,13
2023-05-24,Affiliate,3
2023-05-25,Affiliate,8
2023-06-02,Affiliate,10
2023-06-16,Affiliate,54
2023-06-21,Affiliate,4
2023-06-23,Affiliate,18
2023-06-26,Affiliate,43
2023-07-03,Affiliate,11
2023-07-04,Affiliate,4.5
2023-07-10,Affiliate,14
2023-07-12,Affiliate,19.3333333333333
2023-07-14,Affiliate,10
2023-07-15,Affiliate,67
2023-07-16,Affiliate,17
2023-07-17,Affiliate,9
2023-07-24,Affiliate,6
2023-07-31,Affiliate,13
2023-08-03,Affiliate,8
2023-08-04,Affiliate,9
2023-08-11,Affiliate,5
2023-08-14,Affiliate,6
2023-08-18,Affiliate,15
2023-08-19,Affiliate,39
2023-08-22,Affiliate,7
2023-08-24,Affiliate,14
2023-08-26,Affiliate,4
2023-08-27,Affiliate,5
2023-08-31,Affiliate,22
2023-09-01,Affiliate,15
2023-09-10,Affiliate,23.5
2023-09-15,Affiliate,22
2023-09-19,Affiliate,22
2023-09-23,Affiliate,16.5
2023-09-24,Affiliate,8
2023-09-26,Affiliate,14
2023-09-28,Affiliate,33
2023-09-30,Affiliate,5
2023-10-02,Affiliate,14
2023-10-10,Affiliate,10
2023-10-19,Affiliate,1
2023-10-22,Affiliate,11
2023-10-23,Affiliate,6
2023-10-24,Affiliate,7
2023-10-27,Affiliate,2
2023-10-28,Affiliate,6
2023-10-30,Affiliate,3
2023-11-02,Affiliate,23
2023-11-03,Affiliate,8
2023-11-04,Affiliate,7.5
2023-11-07,Affiliate,16
2023-11-08,Affiliate,11.6666666666667
2023-11-10,Affiliate,5
2023-11-13,Affiliate,9
2023-11-21,Affiliate,4
2023-11-22,Affiliate,10
2023-11-23,Affiliate,10
2023-11-24,Affiliate,21
2023-11-26,Affiliate,11
2023-12-04,Affiliate,9
2023-12-10,Affiliate,36
2023-12-16,Affiliate,55
2023-12-18,Affiliate,7
2023-12-20,Affiliate,33.5
2023-12-23,Affiliate,49
2023-12-25,Affiliate,15
2023-12-26,Affiliate,17
2023-12-28,Affiliate,11
2023-12-31,Affiliate,18
2024-01-03,Affiliate,7
2024-01-04,Affiliate,5
2024-01-08,Affiliate,33
2024-01-15,Affiliate,25
2024-01-16,Affiliate,14
2024-01-18,Affiliate,9
2024-01-19,Affiliate,17
2024-01-29,Affiliate,27
2024-01-30,Affiliate,6
2024-02-01,Affiliate,41
2024-02-04,Affiliate,50
2024-02-05,Affiliate,29.5
2024-02-15,Affiliate,75
2024-02-18,Affiliate,27.3333333333333
2024-02-19,Affiliate,20.5
2024-02-21,Affiliate,15.5
2024-02-24,Affiliate,18
2024-02-27,Affiliate,8
2024-03-01,Affiliate,30
2024-03-11,Affiliate,4
2024-03-13,Affiliate,5
2024-03-16,Affiliate,13
2024-03-18,Affiliate,14
2024-03-21,Affiliate,19
2024-03-23,Affiliate,12
2024-03-29,Affiliate,46
2024-03-30,Affiliate,16
2024-04-01,Affiliate,21
2024-04-03,Affiliate,18
2024-04-06,Affiliate,15
2024-04-07,Affiliate,27
2024-04-16,Affiliate,20
2024-04-23,Affiliate,9
2024-04-24,Affiliate,36
2024-04-25,Affiliate,37
2024-04-26,Affiliate,14
2024-04-27,Affiliate,9
2024-04-29,Affiliate,13
2024-04-30,Affiliate,7
2024-05-04,Affiliate,35.6666666666667
2024-05-06,Affiliate,26
2024-05-07,Affiliate,14
2024-05-08,Affiliate,27
2024-05-12,Affiliate,2
2024-05-13,Affiliate,6
2024-05-18,Affiliate,5
2024-05-21,Affiliate,18
2024-05-22,Affiliate,19
2024-05-23,Affiliate,148
2024-05-25,Affiliate,23
2024-06-04,Affiliate,20
2024-06-05,Affiliate,11
2024-06-06,Affiliate,5
2024-06-07,Affiliate,9
2024-06-08,Affiliate,13
2024-06-09,Affiliate,13
2024-06-11,Affiliate,3
2024-06-13,Affiliate,24
2024-06-19,Affiliate,14
2024-06-20,Affiliate,10
2024-06-23,Affiliate,6
2024-06-27,Affiliate,31
2024-06-30,Affiliate,23
2024-07-05,Affiliate,23
2024-07-10,Affiliate,37
2024-07-15,Affiliate,16
2024-07-17,Affiliate,72
2024-07-18,Affiliate,4
2024-07-20,Affiliate,32.5
2024-07-26,Affiliate,35
2024-07-27,Affiliate,3
2024-08-02,Affiliate,33
2024-08-05,Affiliate,24
2024-08-08,Affiliate,40
2024-08-10,Affiliate,12
2024-08-11,Affiliate,5
2024-08-14,Affiliate,1
2024-08-15,Affiliate,13
2024-08-25,Affiliate,4.5
2024-08-29,Affiliate,57
2024-08-30,Affiliate,47
2024-09-15,Affiliate,28
2024-09-16,Affiliate,2
2024-09-17,Affiliate,6
2024-09-21,Affiliate,2
2024-09-23,Affiliate,7
2024-09-24,Affiliate,21
2024-09-29,Affiliate,1
2024-09-30,Affiliate,23
2024-10-03,Affiliate,51
2024-10-08,Affiliate,10
2024-10-09,Affiliate,8
2024-10-12,Affiliate,43
2024-10-14,Affiliate,10
2024-10-18,Affiliate,16
2024-10-21,Affiliate,10
2024-10-22,Affiliate,17
2024-10-25,Affiliate,4
2024-10-27,Affiliate,16
2024-11-01,Affiliate,30
2024-11-04,Affiliate,49
2024-11-11,Affiliate,10
2024-11-12,Affiliate,9
2024-11-13,Affiliate,36
2024-11-19,Affiliate,18
2024-11-23,Affiliate,14
2024-12-04,Affiliate,6.5
2024-12-06,Affiliate,16
2024-12-12,Affiliate,0
2024-12-17,Affiliate,52.5
2024-12-19,Affiliate,11
2024-12-20,Affiliate,15.5
2024-12-22,Affiliate,15
2024-12-24,Affiliate,15
2024-12-29,Affiliate,36
2025-01-05,Affiliate,28
2025-01-21,Affiliate,60
2025-01-24,Affiliate,22
2025-01-26,Affiliate,17
2025-02-01,Affiliate,8
2025-02-10,Affiliate,18
2025-02-17,Affiliate,22.5
2025-02-18,Affiliate,27
2025-02-19,Affiliate,6
2025-02-22,Affiliate,9
2025-02-25,Affiliate,12.5
2025-02-27,Affiliate,5
2025-03-01,Affiliate,24
2025-03-04,Affiliate,209
2025-03-05,Affiliate,49
2025-03-09,Affiliate,9
2025-03-10,Affiliate,18
2025-03-12,Affiliate,26
2025-03-13,Affiliate,9
2025-03-14,Affiliate,11
2025-03-19,Affiliate,66
2025-03-20,Affiliate,35
2025-03-22,Affiliate,5
2025-03-29,Affiliate,43
2025-03-30,Affiliate,16
2025-04-01,Affiliate,46
2025-04-06,Affiliate,46
2025-04-13,Affiliate,28.5
2025-04-15,Affiliate,45
2025-04-17,Affiliate,30
2025-04-21,Affiliate,27
2025-04-22,Affiliate,79
2025-04-25,Affiliate,2
2025-04-27,Affiliate,52
2025-05-02,Affiliate,3
2025-05-04,Affiliate,24
2025-05-08,Affiliate,9.5
2025-05-09,Affiliate,7
2025-05-12,Affiliate,78
2025-05-13,Affiliate,12
2025-05-14,Affiliate,26.6666666666667
2025-05-15,Affiliate,33
2025-05-20,Affiliate,8
2025-05-23,Affiliate,58
2025-05-27,Affiliate,10
2025-05-28,Affiliate,112
2025-05-30,Affiliate,20
2025-06-01,Affiliate,40
2025-06-02,Affiliate,8
2025-06-05,Affiliate,10
2025-06-07,Affiliate,22
2025-06-08,Affiliate,14
2025-06-14,Affiliate,80
2025-06-25,Affiliate,22.5
2025-06-26,Affiliate,6
2025-06-27,Affiliate,9.5
2025-06-29,Affiliate,2
2025-06-30,Affiliate,39
2025-07-02,Affiliate,7
2025-07-11,Affiliate,25
2025-07-13,Affiliate,16
2025-07-16,Affiliate,7
2025-07-19,Affiliate,5
2025-07-21,Affiliate,22.5
2025-07-27,Affiliate,10
2025-07-28,Affiliate,12
2025-07-30,Affiliate,26
2025-08-05,Affiliate,0
2025-08-07,Affiliate,8
2025-08-08,Affiliate,49
2025-08-11,Affiliate,21
2025-08-14,Affiliate,2
2025-08-16,Affiliate,10
2025-08-17,Affiliate,51
2025-08-20,Affiliate,15.5
2025-08-21,Affiliate,72
2025-08-23,Affiliate,33
2025-08-27,Affiliate,30
2025-08-30,Affiliate,10
2025-08-31,Affiliate,9
2025-09-01,Affiliate,44
2025-09-05,Affiliate,18
2025-09-06,Affiliate,23
2025-09-10,Affiliate,14
2025-09-13,Affiliate,3
2025-09-17,Affiliate,18
2025-09-18,Affiliate,17
2025-09-22,Affiliate,5
2025-09-25,Affiliate,11.5
2025-09-29,Affiliate,11
2025-09-30,Affiliate,13
2025-10-01,Affiliate,20
2025-10-03,Affiliate,28
2025-10-04,Affiliate,16
2025-10-07,Affiliate,6
2025-10-10,Affiliate,12
2025-10-15,Affiliate,18.5
2025-10-20,Affiliate,33
2025-10-22,Affiliate,5
2025-10-25,Affiliate,11.5
2025-10-31,Affiliate,12
2025-11-08,Affiliate,22
2025-11-10,Affiliate,12.5
2025-11-12,Affiliate,34
2025-11-13,Affiliate,9
2025-11-14,Affiliate,34
2025-11-18,Affiliate,50
2025-11-27,Affiliate,7
2025-11-28,Affiliate,14
2025-11-30,Affiliate,43
2025-12-03,Affiliate,13
2025-12-08,Affiliate,32
2025-12-13,Affiliate,9
2025-12-14,Affiliate,17
2025-12-15,Affiliate,61
2025-12-16,Affiliate,21
2025-12-23,Affiliate,2
2025-12-24,Affiliate,13
2025-12-26,Affiliate,14
2025-12-30,Affiliate,9
2025-12-31,Affiliate,13
2023-01-01,Direct,24.5
2023-01-04,Direct,32
2023-01-05,Direct,4
2023-01-06,Direct,20
2023-01-09,Direct,22
2023-01-10,Direct,67
2023-01-12,Direct,29
2023-01-15,Direct,44
2023-01-16,Direct,15.3333333333333
2023-01-17,Direct,56
2023-01-19,Direct,39.5
2023-01-21,Direct,70.5
2023-01-24,Direct,38
2023-01-25,Direct,20
2023-01-27,Direct,13
2023-01-28,Direct,29
2023-01-29,Direct,13
2023-02-05,Direct,39
2023-02-06,Direct,42
2023-02-07,Direct,8
2023-02-09,Direct,30.5
2023-02-10,Direct,93
2023-02-11,Direct,21
2023-02-12,Direct,21
2023-02-13,Direct,20.5
2023-02-16,Direct,38
2023-02-17,Direct,24.5
2023-02-18,Direct,152
2023-02-21,Direct,17
2023-02-25,Direct,11.5
2023-02-26,Direct,32
2023-03-02,Direct,22
2023-03-03,Direct,131
2023-03-07,Direct,41
2023-03-08,Direct,22
2023-03-09,Direct,27.5
2023-03-10,Direct,14.3333333333333
2023-03-11,Direct,43.6666666666667
2023-03-13,Direct,68
2023-03-14,Direct,11
2023-03-18,Direct,12
2023-03-23,Direct,24
2023-03-24,Direct,26
2023-03-26,Direct,17.75
2023-03-27,Direct,16
2023-03-28,Direct,30
2023-03-29,Direct,120
2023-03-30,Direct,53
2023-03-31,Direct,15
2023-04-01,Direct,19.5
2023-04-02,Direct,1
2023-04-03,Direct,25
2023-04-05,Direct,21
2023-04-06,Direct,23.5
2023-04-08,Direct,7.5
2023-04-17,Direct,38
2023-04-20,Direct,46
2023-04-21,Direct,38.5
2023-04-22,Direct,42.5
2023-05-01,Direct,1
2023-05-02,Direct,11
2023-05-05,Direct,36
2023-05-06,Direct,58
2023-05-09,Direct,207
2023-05-13,Direct,22.5
2023-05-14,Direct,114
2023-05-15,Direct,4
2023-05-17,Direct,33.5
2023-05-19,Direct,50
2023-05-20,Direct,77
2023-05-21,Direct,12
2023-05-24,Direct,29
2023-05-25,Direct,15
2023-05-26,Direct,26
2023-05-28,Direct,20
2023-05-29,Direct,43
2023-05-31,Direct,19.5
2023-06-01,Direct,20
2023-06-02,Direct,23
2023-06-03,Direct,25
2023-06-04,Direct,31
2023-06-05,Direct,11
2023-06-06,Direct,12
2023-06-07,Direct,17
2023-06-08,Direct,43
2023-06-10,Direct,35
2023-06-14,Direct,5
2023-06-15,Direct,21
2023-06-18,Direct,36.3333333333333
2023-06-20,Direct,19.5
2023-06-21,Direct,11.6666666666667
2023-06-23,Direct,69
2023-06-24,Direct,26
2023-06-26,Direct,7
2023-06-27,Direct,32.25
2023-06-28,Direct,36
2023-06-30,Direct,42.5
2023-07-01,Direct,24
2023-07-02,Direct,10
2023-07-06,Direct,47
2023-07-07,Direct,13
2023-07-08,Direct,6.5
2023-07-09,Direct,26
2023-07-10,Direct,28
2023-07-13,Direct,8
2023-07-14,Direct,32
2023-07-15,Direct,28
2023-07-16,Direct,34
2023-07-17,Direct,23
2023-07-19,Direct,24.5
2023-07-20,Direct,26
2023-07-22,Direct,24
2023-07-23,Direct,5
2023-07-24,Direct,13.6666666666667
2023-07-25,Direct,18
2023-07-27,Direct,16
2023-07-29,Direct,3
2023-07-30,Direct,45
2023-07-31,Direct,22
2023-08-01,Direct,15
2023-08-03,Direct,45.3333333333333
2023-08-07,Direct,23
2023-08-08,Direct,39
2023-08-15,Direct,16
2023-08-17,Direct,29.5
2023-08-18,Direct,8
2023-08-19,Direct,37
2023-08-20,Direct,18.5
2023-08-21,Direct,28.5
2023-08-23,Direct,27
2023-08-27,Direct,18
2023-08-28,Direct,3
2023-08-31,Direct,16
2023-09-02,Direct,5.66666666666667
2023-09-05,Direct,160
2023-09-06,Direct,13
2023-09-10,Direct,3
2023-09-11,Direct,24
2023-09-12,Direct,11
2023-09-14,Direct,18.5
2023-09-17,Direct,3
2023-09-18,Direct,0
2023-09-20,Direct,11
2023-09-21,Direct,7
2023-09-26,Direct,36
2023-09-30,Direct,22
2023-10-02,Direct,16
2023-10-03,Direct,14
2023-10-04,Direct,40
2023-10-06,Direct,41
2023-10-07,Direct,8
2023-10-08,Direct,27.3333333333333
2023-10-10,Direct,21
2023-10-12,Direct,33
2023-10-15,Direct,16
2023-10-18,Direct,3
2023-10-19,Direct,2
2023-10-21,Direct,12
2023-10-22,Direct,20
2023-10-24,Direct,7
2023-10-25,Direct,4
2023-10-26,Direct,29.5
2023-10-28,Direct,9
2023-10-30,Direct,20
2023-11-01,Direct,77
2023-11-03,Direct,51.5
2023-11-05,Direct,19.5
2023-11-06,Direct,9
2023-11-07,Direct,12
2023-11-10,Direct,32
2023-11-13,Direct,30
2023-11-15,Direct,17
2023-11-21,Direct,35
2023-11-22,Direct,9
2023-11-25,Direct,14
2023-11-27,Direct,26
2023-11-28,Direct,49
2023-11-29,Direct,10
2023-11-30,Direct,5
2023-12-01,Direct,45
2023-12-03,Direct,19
2023-12-04,Direct,9
2023-12-05,Direct,9
2023-12-06,Direct,14
2023-12-08,Direct,21
2023-12-09,Direct,7
2023-12-10,Direct,63.5
2023-12-11,Direct,18
2023-12-12,Direct,12
2023-12-15,Direct,31
2023-12-18,Direct,26
2023-12-19,Direct,15
2023-12-20,Direct,27
2023-12-21,Direct,32
2023-12-22,Direct,15
2023-12-23,Direct,52
2023-12-27,Direct,26.5
2023-12-29,Direct,18
2023-12-30,Direct,18
2024-01-01,Direct,21
2024-01-02,Direct,76
2024-01-07,Direct,34
2024-01-09,Direct,16
2024-01-10,Direct,15
2024-01-14,Direct,4
2024-01-15,Direct,22
2024-01-16,Direct,28
2024-01-17,Direct,27
2024-01-18,Direct,21
2024-01-20,Direct,38
2024-01-21,Direct,23.5
2024-01-23,Direct,33
2024-01-25,Direct,13
2024-01-26,Direct,8
2024-01-27,Direct,30
2024-01-31,Direct,15
2024-02-01,Direct,63
2024-02-03,Direct,35
2024-02-04,Direct,50
2024-02-05,Direct,62
2024-02-09,Direct,47
2024-02-10,Direct,31
2024-02-13,Direct,21
2024-02-16,Direct,38
2024-02-17,Direct,38
2024-02-18,Direct,34
2024-02-19,Direct,9
2024-02-20,Direct,21.3333333333333
2024-02-23,Direct,27
2024-02-28,Direct,27
2024-03-01,Direct,47
2024-03-02,Direct,58
2024-03-03,Direct,16
2024-03-06,Direct,14
2024-03-07,Direct,7.5
2024-03-08,Direct,17
2024-03-09,Direct,19
2024-03-11,Direct,56
2024-03-12,Direct,21
2024-03-14,Direct,50
2024-03-15,Direct,40
2024-03-16,Direct,6
2024-03-19,Direct,24.5
2024-03-20,Direct,15
2024-03-21,Direct,19
2024-03-23,Direct,18.5
2024-03-25,Direct,30
2024-03-28,Direct,35
2024-03-29,Direct,67
2024-03-30,Direct,51
2024-03-31,Direct,16.5
2024-04-01,Direct,48
2024-04-07,Direct,19.5
2024-04-09,Direct,63
2024-04-13,Direct,21
2024-04-14,Direct,30
2024-04-15,Direct,20
2024-04-16,Direct,15
2024-04-17,Direct,69
2024-04-18,Direct,38
2024-04-22,Direct,1
2024-04-23,Direct,17
2024-04-24,Direct,36
2024-04-26,Direct,37
2024-04-27,Direct,9.5
2024-04-29,Direct,50
2024-05-01,Direct,58.6666666666667
2024-05-03,Direct,23
2024-05-04,Direct,2
2024-05-05,Direct,21
2024-05-06,Direct,28.5
2024-05-11,Direct,29
2024-05-14,Direct,12
2024-05-16,Direct,39.5
2024-05-17,Direct,18
2024-05-19,Direct,29
2024-05-21,Direct,21.8
2024-05-24,Direct,43.5
2024-05-25,Direct,5
2024-05-30,Direct,43.5
2024-06-01,Direct,62
2024-06-03,Direct,14.3333333333333
2024-06-04,Direct,138
2024-06-05,Direct,29
2024-06-08,Direct,11
2024-06-09,Direct,22
2024-06-10,Direct,27
2024-06-13,Direct,24
2024-06-15,Direct,15
2024-06-16,Direct,15.3333333333333
2024-06-17,Direct,20.5
2024-06-18,Direct,21
2024-06-21,Direct,28
2024-06-22,Direct,23.3333333333333
2024-06-23,Direct,26
2024-06-24,Direct,13
2024-06-26,Direct,25
2024-06-28,Direct,9
2024-06-29,Direct,107
2024-06-30,Direct,20
2024-07-04,Direct,29
2024-07-08,Direct,7
2024-07-09,Direct,16
2024-07-11,Direct,51
2024-07-13,Direct,6
2024-07-15,Direct,38.3333333333333
2024-07-16,Direct,21
2024-07-19,Direct,1
2024-07-20,Direct,24.6666666666667
2024-07-21,Direct,33.5
2024-07-24,Direct,5
2024-07-25,Direct,16
2024-07-30,Direct,9
2024-08-01,Direct,42
2024-08-02,Direct,18
2024-08-04,Direct,21
2024-08-07,Direct,7
2024-08-08,Direct,25
2024-08-10,Direct,5
2024-08-11,Direct,15
2024-08-12,Direct,9
2024-08-13,Direct,8
2024-08-16,Direct,9.5
2024-08-18,Direct,36
2024-08-20,Direct,23
2024-08-21,Direct,31
2024-08-22,Direct,25
2024-08-24,Direct,20
2024-08-26,Direct,12.75
2024-08-27,Direct,20.5
2024-08-28,Direct,21
2024-09-02,Direct,13
2024-09-05,Direct,24
2024-09-06,Direct,12.5
2024-09-07,Direct,8
2024-09-09,Direct,12
2024-09-12,Direct,16
2024-09-13,Direct,38
2024-09-15,Direct,16
2024-09-16,Direct,11
2024-09-17,Direct,14
2024-09-19,Direct,36
2024-09-20,Direct,6
2024-09-25,Direct,11
2024-09-28,Direct,19
2024-09-30,Direct,7
2024-10-01,Direct,6
2024-10-02,Direct,34.5
2024-10-03,Direct,13
2024-10-05,Direct,14
2024-10-06,Direct,9
2024-10-07,Direct,35
2024-10-08,Direct,48.5
2024-10-10,Direct,8.5
2024-10-19,Direct,16
2024-10-21,Direct,8
2024-10-25,Direct,15
2024-10-27,Direct,12.6666666666667
2024-10-28,Direct,8
2024-10-29,Direct,18
2024-10-30,Direct,27
2024-11-03,Direct,39
2024-11-06,Direct,27
2024-11-07,Direct,76
2024-11-08,Direct,18.5
2024-11-09,Direct,37
2024-11-11,Direct,16
2024-11-16,Direct,21
2024-11-17,Direct,27
2024-11-19,Direct,36
2024-11-20,Direct,22.3333333333333
2024-11-24,Direct,31
2024-11-28,Direct,44
2024-12-03,Direct,42.5
2024-12-07,Direct,9
2024-12-08,Direct,25
2024-12-09,Direct,63.3333333333333
2024-12-14,Direct,32
2024-12-15,Direct,22
2024-12-16,Direct,16
2024-12-17,Direct,43.6
2024-12-18,Direct,26
2024-12-19,Direct,22.5
2024-12-22,Direct,8
2024-12-23,Direct,68.5
2024-12-24,Direct,27.5
2024-12-29,Direct,13
2025-01-03,Direct,74
2025-01-04,Direct,114
2025-01-07,Direct,12
2025-01-08,Direct,33
2025-01-10,Direct,8
2025-01-12,Direct,19
2025-01-14,Direct,18
2025-01-15,Direct,32
2025-01-16,Direct,9
2025-01-18,Direct,22.5
2025-01-19,Direct,27
2025-01-20,Direct,39.5
2025-01-26,Direct,54
2025-01-27,Direct,20
2025-01-29,Direct,29
2025-01-30,Direct,50
2025-02-01,Direct,25
2025-02-02,Direct,33.5
2025-02-03,Direct,84
2025-02-08,Direct,162
2025-02-10,Direct,12
2025-02-11,Direct,7
2025-02-12,Direct,15
2025-02-15,Direct,59
2025-02-16,Direct,11
2025-02-20,Direct,67
2025-02-22,Direct,30
2025-02-23,Direct,21
2025-02-24,Direct,4
2025-02-27,Direct,14
2025-02-28,Direct,10
2025-03-01,Direct,31
2025-03-02,Direct,98
2025-03-03,Direct,42.75
2025-03-04,Direct,117
2025-03-05,Direct,38
2025-03-08,Direct,93
2025-03-09,Direct,10.5
2025-03-10,Direct,9
2025-03-11,Direct,14
2025-03-13,Direct,8.5
2025-03-15,Direct,23.6666666666667
2025-03-16,Direct,25.5
2025-03-17,Direct,52
2025-03-21,Direct,38
2025-03-23,Direct,36.5
2025-03-25,Direct,5
2025-03-26,Direct,22.5
2025-03-30,Direct,29.5
2025-04-02,Direct,10
2025-04-04,Direct,25
2025-04-05,Direct,43
2025-04-06,Direct,88
2025-04-07,Direct,28
2025-04-09,Direct,10
2025-04-10,Direct,20
2025-04-12,Direct,56.6666666666667
2025-04-14,Direct,57.5
2025-04-15,Direct,3
2025-04-16,Direct,29
2025-04-17,Direct,34
2025-04-19,Direct,11
2025-04-20,Direct,30
2025-04-21,Direct,19
2025-04-23,Direct,17
2025-04-24,Direct,38.5
2025-04-25,Direct,26
2025-04-27,Direct,20
2025-05-01,Direct,21.6666666666667
2025-05-02,Direct,3
2025-05-03,Direct,17
2025-05-04,Direct,13
2025-05-06,Direct,86.6666666666667
2025-05-10,Direct,88
2025-05-11,Direct,73
2025-05-15,Direct,35
2025-05-16,Direct,65
2025-05-19,Direct,53
2025-05-21,Direct,18
2025-05-23,Direct,13
2025-05-24,Direct,19
2025-05-25,Direct,13
2025-05-26,Direct,23
2025-05-27,Direct,69
2025-05-28,Direct,19.5
2025-05-29,Direct,57
2025-05-30,Direct,15
2025-05-31,Direct,55
2025-06-01,Direct,22
2025-06-03,Direct,65.25
2025-06-04,Direct,27
2025-06-09,Direct,90
2025-06-11,Direct,38
2025-06-12,Direct,54
2025-06-13,Direct,13
2025-06-14,Direct,10.5
2025-06-15,Direct,21.5
2025-06-16,Direct,15
2025-06-17,Direct,42
2025-06-18,Direct,63.5
2025-06-19,Direct,31
2025-06-22,Direct,24
2025-06-24,Direct,26.25
2025-06-26,Direct,53
2025-06-27,Direct,17
2025-06-30,Direct,40.5
2025-07-04,Direct,35
2025-07-05,Direct,15
2025-07-07,Direct,25
2025-07-08,Direct,31.5
2025-07-09,Direct,54
2025-07-10,Direct,5
2025-07-11,Direct,15
2025-07-12,Direct,106
2025-07-13,Direct,12
2025-07-17,Direct,53.25
2025-07-20,Direct,27.5
2025-07-26,Direct,6
2025-07-27,Direct,19
2025-07-29,Direct,44
2025-07-30,Direct,19.5
2025-08-02,Direct,38
2025-08-03,Direct,7
2025-08-07,Direct,32
2025-08-08,Direct,26
2025-08-11,Direct,20.5
2025-08-13,Direct,20
2025-08-14,Direct,32
2025-08-15,Direct,39
2025-08-16,Direct,10
2025-08-18,Direct,14
2025-08-19,Direct,16.5
2025-08-25,Direct,42
2025-08-26,Direct,32
2025-08-28,Direct,68
2025-09-01,Direct,13
2025-09-02,Direct,12
2025-09-03,Direct,14
2025-09-04,Direct,14.5
2025-09-08,Direct,40.5
2025-09-10,Direct,19
2025-09-11,Direct,50
2025-09-16,Direct,9
2025-09-21,Direct,7
2025-09-23,Direct,41.5
2025-09-25,Direct,26
2025-09-28,Direct,58
2025-09-29,Direct,16
2025-09-30,Direct,30
2025-10-01,Direct,24.5
2025-10-02,Direct,13.5
2025-10-03,Direct,42.5
2025-10-06,Direct,22
2025-10-07,Direct,11
2025-10-08,Direct,28.3333333333333
2025-10-11,Direct,13
2025-10-14,Direct,28
2025-10-15,Direct,17
2025-10-16,Direct,16
2025-10-20,Direct,11
2025-10-21,Direct,11
2025-10-22,Direct,17
2025-10-23,Direct,25
2025-10-24,Direct,27
2025-10-25,Direct,15
2025-10-26,Direct,23
2025-10-30,Direct,8
2025-11-01,Direct,27
2025-11-05,Direct,27
2025-11-08,Direct,20
2025-11-09,Direct,49
2025-11-11,Direct,14
2025-11-12,Direct,16
2025-11-13,Direct,7
2025-11-15,Direct,3
2025-11-16,Direct,31
2025-11-17,Direct,129
2025-11-18,Direct,20
2025-11-20,Direct,16
2025-11-21,Direct,15
2025-11-23,Direct,30
2025-11-24,Direct,58
2025-11-26,Direct,25.5
2025-11-29,Direct,13
2025-12-03,Direct,33
2025-12-04,Direct,28
2025-12-06,Direct,40
2025-12-07,Direct,99
2025-12-09,Direct,80
2025-12-11,Direct,75
2025-12-14,Direct,81
2025-12-16,Direct,6
2025-12-17,Direct,61
2025-12-18,Direct,54
2025-12-19,Direct,95
2025-12-20,Direct,20
2025-12-21,Direct,44
2025-12-22,Direct,29
2025-12-24,Direct,9
2025-12-25,Direct,28
2025-12-27,Direct,38
2025-12-28,Direct,86
2025-12-29,Direct,309
2025-12-31,Direct,28
2023-01-01,Email,14
2023-01-05,Email,5
2023-01-06,Email,24
2023-01-07,Email,15
2023-01-10,Email,65
2023-01-11,Email,14
2023-01-12,Email,12
2023-01-16,Email,51
2023-01-22,Email,15
2023-01-24,Email,28
2023-01-25,Email,28.5
2023-01-28,Email,22.5
2023-01-29,Email,25
2023-01-30,Email,24
2023-02-02,Email,69
2023-02-03,Email,28.5
2023-02-05,Email,30
2023-02-08,Email,53
2023-02-10,Email,18
2023-02-12,Email,80
2023-02-13,Email,48
2023-02-14,Email,29
2023-02-17,Email,33
2023-02-21,Email,7
2023-02-23,Email,44
2023-03-02,Email,9
2023-03-03,Email,271
2023-03-04,Email,23
2023-03-05,Email,16
2023-03-06,Email,46
2023-03-09,Email,37
2023-03-11,Email,42
2023-03-13,Email,119
2023-03-20,Email,26
2023-03-22,Email,43.5
2023-03-23,Email,18
2023-03-24,Email,85
2023-03-25,Email,56
2023-03-27,Email,13
2023-03-30,Email,47
2023-04-01,Email,57
2023-04-03,Email,49
2023-04-04,Email,34.6666666666667
2023-04-05,Email,65
2023-04-07,Email,41.5
2023-04-09,Email,22.5
2023-04-10,Email,52.5
2023-04-11,Email,47
2023-04-12,Email,30
2023-04-13,Email,62
2023-04-18,Email,48.6666666666667
2023-04-19,Email,52
2023-04-21,Email,69
2023-04-23,Email,52
2023-05-01,Email,9
2023-05-04,Email,56
2023-05-05,Email,15
2023-05-06,Email,22
2023-05-08,Email,16.5
2023-05-10,Email,18.5
2023-05-11,Email,15
2023-05-13,Email,13.6666666666667
2023-05-15,Email,18
2023-05-16,Email,14
2023-05-17,Email,36
2023-05-18,Email,29.5
2023-05-19,Email,39
2023-05-21,Email,32
2023-05-23,Email,27
2023-05-24,Email,22
2023-05-26,Email,7
2023-05-28,Email,16.5
2023-05-30,Email,48
2023-05-31,Email,18
2023-06-01,Email,40
2023-06-02,Email,31
2023-06-03,Email,28
2023-06-04,Email,47
2023-06-05,Email,13
2023-06-06,Email,23
2023-06-07,Email,58
2023-06-08,Email,100
2023-06-10,Email,25
2023-06-11,Email,57
2023-06-12,Email,91
2023-06-14,Email,85
2023-06-15,Email,25
2023-06-16,Email,28
2023-06-18,Email,34
2023-06-19,Email,3
2023-06-20,Email,28.3333333333333
2023-06-25,Email,26
2023-06-26,Email,64
2023-06-27,Email,59
2023-06-28,Email,14
2023-06-30,Email,51
2023-07-01,Email,4
2023-07-02,Email,18
2023-07-03,Email,7
2023-07-06,Email,49
2023-07-07,Email,16.3333333333333
2023-07-08,Email,20
2023-07-09,Email,48
2023-07-13,Email,11
2023-07-14,Email,27
2023-07-16,Email,15
2023-07-17,Email,26
2023-07-19,Email,20.5
2023-07-23,Email,42
2023-07-24,Email,63
2023-07-25,Email,11
2023-07-26,Email,40
2023-07-27,Email,24
2023-07-29,Email,15
2023-07-30,Email,59
2023-07-31,Email,27.5
2023-08-01,Email,14
2023-08-03,Email,20
2023-08-05,Email,16
2023-08-10,Email,47
2023-08-12,Email,8
2023-08-13,Email,39.5
2023-08-14,Email,57
2023-08-16,Email,25
2023-08-17,Email,60
2023-08-18,Email,23
2023-08-20,Email,15
2023-08-21,Email,30.6666666666667
2023-08-22,Email,50
2023-08-24,Email,13.5
2023-08-28,Email,8
2023-08-29,Email,28
2023-09-02,Email,11
2023-09-06,Email,5
2023-09-13,Email,29
2023-09-14,Email,78
2023-09-15,Email,22
2023-09-16,Email,11
2023-09-17,Email,32.5
2023-09-18,Email,14
2023-09-19,Email,37
2023-09-20,Email,46
2023-09-21,Email,29
2023-09-23,Email,15.5
2023-09-27,Email,11
2023-09-28,Email,4
2023-09-29,Email,32
2023-09-30,Email,36
2023-10-01,Email,66
2023-10-04,Email,10
2023-10-06,Email,31
2023-10-08,Email,30
2023-10-10,Email,11
2023-10-11,Email,9
2023-10-12,Email,46
2023-10-13,Email,4
2023-10-17,Email,40
2023-10-19,Email,50
2023-10-20,Email,17
2023-10-21,Email,73
2023-10-24,Email,28
2023-10-25,Email,8
2023-10-26,Email,35
2023-10-27,Email,18
2023-10-31,Email,12
2023-11-03,Email,29.6666666666667
2023-11-04,Email,132
2023-11-06,Email,10
2023-11-07,Email,23
2023-11-09,Email,17
2023-11-10,Email,72
2023-11-16,Email,37.5
2023-11-17,Email,13
2023-11-18,Email,138
2023-11-19,Email,13
2023-11-22,Email,17
2023-11-23,Email,14
2023-11-26,Email,24
2023-11-28,Email,19
2023-11-30,Email,28
2023-12-02,Email,18
2023-12-06,Email,50
2023-12-08,Email,14
2023-12-12,Email,59.5
2023-12-15,Email,51
2023-12-20,Email,41.5
2023-12-21,Email,45.3333333333333
2023-12-22,Email,43
2023-12-24,Email,25
2023-12-25,Email,27.5
2023-12-26,Email,14
2023-12-27,Email,6.5
2023-12-29,Email,5
2023-12-30,Email,36
2024-01-01,Email,96
2024-01-03,Email,47
2024-01-04,Email,49
2024-01-06,Email,15
2024-01-08,Email,3
2024-01-09,Email,75
2024-01-11,Email,13.5
2024-01-12,Email,44
2024-01-14,Email,6
2024-01-16,Email,95
2024-01-19,Email,23
2024-01-26,Email,19
2024-01-27,Email,73
2024-01-28,Email,36
2024-02-01,Email,43
2024-02-02,Email,20
2024-02-04,Email,59
2024-02-05,Email,5
2024-02-06,Email,18
2024-02-08,Email,51
2024-02-09,Email,6
2024-02-10,Email,18
2024-02-11,Email,20
2024-02-12,Email,26
2024-02-13,Email,88
2024-02-14,Email,76
2024-02-15,Email,70
2024-02-17,Email,187
2024-02-19,Email,30
2024-02-24,Email,65
2024-02-25,Email,25
2024-02-26,Email,39
2024-03-03,Email,111
2024-03-05,Email,24.5
2024-03-06,Email,28
2024-03-08,Email,43
2024-03-12,Email,42.5
2024-03-13,Email,41
2024-03-14,Email,22
2024-03-16,Email,18
2024-03-17,Email,48
2024-03-18,Email,12
2024-03-19,Email,46
2024-03-20,Email,16
2024-03-22,Email,30.5
2024-03-23,Email,21.5
2024-03-24,Email,20.5
2024-03-26,Email,17
2024-03-28,Email,137
2024-04-02,Email,44
2024-04-03,Email,19
2024-04-05,Email,28
2024-04-06,Email,42
2024-04-07,Email,22
2024-04-10,Email,6
2024-04-14,Email,46
2024-04-15,Email,184
2024-04-16,Email,57.25
2024-04-17,Email,5
2024-04-19,Email,38
2024-04-24,Email,49
2024-04-26,Email,145
2024-04-29,Email,55
2024-04-30,Email,18
2024-05-01,Email,21
2024-05-02,Email,65
2024-05-05,Email,32
2024-05-06,Email,42
2024-05-08,Email,23
2024-05-13,Email,19
2024-05-15,Email,13
2024-05-19,Email,52.5
2024-05-21,Email,15.5
2024-05-22,Email,24.5
2024-05-23,Email,38
2024-05-26,Email,59
2024-05-29,Email,100
2024-05-30,Email,25
2024-06-02,Email,41
2024-06-03,Email,31
2024-06-05,Email,8
2024-06-08,Email,57
2024-06-09,Email,69
2024-06-10,Email,33
2024-06-11,Email,24
2024-06-13,Email,16
2024-06-16,Email,18
2024-06-17,Email,87.5
2024-06-18,Email,40.5
2024-06-19,Email,102
2024-06-21,Email,101
2024-06-25,Email,4
2024-06-26,Email,3
2024-06-28,Email,40
2024-07-03,Email,17
2024-07-04,Email,64
2024-07-06,Email,28
2024-07-07,Email,38.6666666666667
2024-07-09,Email,67.5
2024-07-10,Email,5
2024-07-13,Email,25
2024-07-14,Email,61
2024-07-15,Email,68.5
2024-07-16,Email,6
2024-07-19,Email,10
2024-07-20,Email,19.3333333333333
2024-07-25,Email,5
2024-07-26,Email,6
2024-07-27,Email,26
2024-07-28,Email,29.5
2024-07-30,Email,44
2024-08-02,Email,20
2024-08-04,Email,14
2024-08-08,Email,43
2024-08-10,Email,49
2024-08-12,Email,46
2024-08-13,Email,7
2024-08-14,Email,46
2024-08-21,Email,10
2024-08-23,Email,48.5
2024-08-28,Email,20.5
2024-08-29,Email,6
2024-08-31,Email,32
2024-09-02,Email,5
2024-09-03,Email,65
2024-09-06,Email,65
2024-09-09,Email,73
2024-09-10,Email,38
2024-09-12,Email,24
2024-09-14,Email,31
2024-09-15,Email,16.5
2024-09-18,Email,75
2024-09-19,Email,59
2024-09-21,Email,27
2024-09-23,Email,36
2024-09-24,Email,58
2024-09-25,Email,31
2024-09-29,Email,14
2024-10-01,Email,19
2024-10-04,Email,28
2024-10-06,Email,44.5
2024-10-07,Email,139
2024-10-08,Email,57.5
2024-10-09,Email,43
2024-10-13,Email,8
2024-10-17,Email,44
2024-10-19,Email,21
2024-10-20,Email,23
2024-10-21,Email,55
2024-10-26,Email,53
2024-10-28,Email,69
2024-10-30,Email,13
2024-11-01,Email,34
2024-11-02,Email,47
2024-11-03,Email,36
2024-11-05,Email,41
2024-11-06,Email,29
2024-11-07,Email,33
2024-11-09,Email,18
2024-11-11,Email,45
2024-11-12,Email,58
2024-11-14,Email,26
2024-11-15,Email,16
2024-11-16,Email,38
2024-11-17,Email,18
2024-11-20,Email,22.5
2024-11-21,Email,32
2024-11-22,Email,34.5
2024-11-23,Email,32
2024-11-24,Email,12
2024-11-26,Email,58
2024-11-28,Email,44
2024-11-30,Email,8
2024-12-01,Email,33
2024-12-03,Email,30
2024-12-04,Email,40
2024-12-06,Email,78.5
2024-12-10,Email,49.5
2024-12-12,Email,22
2024-12-13,Email,85
2024-12-18,Email,150
2024-12-19,Email,12.5
2024-12-20,Email,19.3333333333333
2024-12-21,Email,7
2024-12-24,Email,34
2024-12-25,Email,97
2024-12-28,Email,28.6666666666667
2024-12-30,Email,38
2025-01-01,Email,95
2025-01-04,Email,19
2025-01-05,Email,151
2025-01-06,Email,82
2025-01-11,Email,4
2025-01-13,Email,51
2025-01-14,Email,26
2025-01-15,Email,65
2025-01-18,Email,29
2025-01-20,Email,37
2025-01-21,Email,17
2025-01-25,Email,126
2025-01-26,Email,81
2025-01-27,Email,17.5
2025-01-28,Email,35
2025-01-29,Email,21
2025-01-30,Email,37
2025-01-31,Email,29
2025-02-03,Email,84.5
2025-02-05,Email,64
2025-02-09,Email,20
2025-02-12,Email,119
2025-02-16,Email,25
2025-02-18,Email,17
2025-02-19,Email,39
2025-02-23,Email,211
2025-02-24,Email,48
2025-02-25,Email,12
2025-03-03,Email,81
2025-03-06,Email,12
2025-03-07,Email,63
2025-03-08,Email,61
2025-03-09,Email,151
2025-03-10,Email,39
2025-03-12,Email,95
2025-03-14,Email,182
2025-03-15,Email,38
2025-03-16,Email,10
2025-03-19,Email,42
2025-03-21,Email,42
2025-03-22,Email,19
2025-03-24,Email,24
2025-03-25,Email,75.6666666666667
2025-03-27,Email,31
2025-03-28,Email,37
2025-04-01,Email,27.5
2025-04-02,Email,12
2025-04-04,Email,82
2025-04-05,Email,67
2025-04-08,Email,38
2025-04-10,Email,3
2025-04-13,Email,48.5
2025-04-14,Email,64
2025-04-15,Email,52
2025-04-16,Email,16
2025-04-17,Email,27
2025-04-18,Email,39
2025-04-20,Email,69
2025-04-21,Email,100
2025-04-22,Email,52
2025-04-23,Email,43
2025-04-25,Email,50
2025-04-28,Email,46
2025-04-29,Email,61
2025-04-30,Email,120
2025-05-03,Email,22
2025-05-04,Email,33.5
2025-05-08,Email,20
2025-05-09,Email,20
2025-05-10,Email,145
2025-05-12,Email,171
2025-05-14,Email,44
2025-05-19,Email,22
2025-05-20,Email,36
2025-05-23,Email,21
2025-05-24,Email,21
2025-05-25,Email,44
2025-05-26,Email,148
2025-05-27,Email,7
2025-05-28,Email,68
2025-05-29,Email,35
2025-05-30,Email,68
2025-06-02,Email,63
2025-06-04,Email,87
2025-06-05,Email,19
2025-06-09,Email,34.6666666666667
2025-06-10,Email,15.5
2025-06-11,Email,42
2025-06-12,Email,89.5
2025-06-13,Email,19
2025-06-15,Email,17
2025-06-16,Email,32
2025-06-17,Email,54
2025-06-18,Email,74
2025-06-19,Email,13
2025-06-21,Email,33.5
2025-06-22,Email,34.5
2025-06-23,Email,106
2025-06-24,Email,67.5
2025-06-26,Email,37.6666666666667
2025-06-28,Email,38
2025-06-29,Email,66
2025-06-30,Email,79
2025-07-03,Email,49
2025-07-05,Email,89
2025-07-12,Email,56.5
2025-07-14,Email,27
2025-07-15,Email,180
2025-07-16,Email,62
2025-07-21,Email,36
2025-07-23,Email,39.3333333333333
2025-07-25,Email,19.5
2025-07-26,Email,25
2025-07-27,Email,43
2025-07-28,Email,65
2025-07-29,Email,10
2025-07-31,Email,7
2025-08-01,Email,17
2025-08-02,Email,63
2025-08-03,Email,14
2025-08-04,Email,36.5
2025-08-05,Email,25
2025-08-06,Email,27
2025-08-10,Email,15
2025-08-12,Email,31
2025-08-13,Email,29
2025-08-14,Email,12
2025-08-16,Email,45.6666666666667
2025-08-18,Email,11
2025-08-20,Email,27.5
2025-08-21,Email,13
2025-08-22,Email,115
2025-08-24,Email,35
2025-08-25,Email,33
2025-08-27,Email,29
2025-08-28,Email,8
2025-08-29,Email,8
2025-08-31,Email,64.5
2025-09-01,Email,14
2025-09-03,Email,24
2025-09-04,Email,29
2025-09-05,Email,59
2025-09-08,Email,32.5
2025-09-10,Email,20
2025-09-11,Email,15.3333333333333
2025-09-12,Email,32
2025-09-15,Email,105
2025-09-20,Email,27
2025-09-24,Email,18
2025-09-25,Email,37.5
2025-09-26,Email,54
2025-09-27,Email,68
2025-09-28,Email,29
2025-09-29,Email,16.5
2025-10-02,Email,19
2025-10-03,Email,17
2025-10-07,Email,40
2025-10-09,Email,26
2025-10-10,Email,27
2025-10-11,Email,25
2025-10-12,Email,15
2025-10-13,Email,26
2025-10-15,Email,54
2025-10-16,Email,57.5
2025-10-18,Email,30.5
2025-10-20,Email,22
2025-10-22,Email,77.6666666666667
2025-10-24,Email,33
2025-10-25,Email,14
2025-10-26,Email,11
2025-10-28,Email,49
2025-10-29,Email,46
2025-10-31,Email,55
2025-11-01,Email,52
2025-11-02,Email,10
2025-11-05,Email,40.5
2025-11-06,Email,52
2025-11-07,Email,24
2025-11-11,Email,33
2025-11-12,Email,32.5
2025-11-14,Email,37
2025-11-15,Email,16
2025-11-17,Email,23
2025-11-18,Email,115
2025-11-19,Email,27.5
2025-11-20,Email,32.5
2025-11-21,Email,39
2025-11-22,Email,23.5
2025-11-30,Email,21
2025-12-01,Email,107
2025-12-04,Email,19
2025-12-05,Email,72
2025-12-10,Email,40
2025-12-11,Email,32
2025-12-12,Email,18
2025-12-15,Email,134
2025-12-18,Email,18
2025-12-19,Email,81
2025-12-23,Email,10
2025-12-24,Email,107
2025-12-27,Email,17
2023-01-01,Search,35
2023-01-02,Search,26.5
2023-01-04,Search,99.5
2023-01-05,Search,36
2023-01-06,Search,14
2023-01-07,Search,77
2023-01-08,Search,26
2023-01-09,Search,36
2023-01-10,Search,44
2023-01-11,Search,15
2023-01-12,Search,17
2023-01-13,Search,75
2023-01-14,Search,17.5
2023-01-15,Search,79.5
2023-01-16,Search,41.5
2023-01-18,Search,29.4
2023-01-21,Search,19
2023-01-22,Search,48.5
2023-01-23,Search,28
2023-01-24,Search,70
2023-01-26,Search,36.5
2023-01-27,Search,68
2023-01-28,Search,66.6
2023-01-29,Search,29
2023-01-31,Search,41.5
2023-02-01,Search,38.6666666666667
2023-02-02,Search,74
2023-02-03,Search,29
2023-02-06,Search,56.5
2023-02-07,Search,27.6666666666667
2023-02-08,Search,54.5
2023-02-09,Search,9
2023-02-10,Search,33
2023-02-11,Search,29
2023-02-12,Search,25
2023-02-13,Search,33.75
2023-02-14,Search,13
2023-02-15,Search,33.3333333333333
2023-02-16,Search,13
2023-02-18,Search,36
2023-02-20,Search,15.5
2023-02-21,Search,45
2023-02-22,Search,18
2023-02-23,Search,59.5
2023-02-24,Search,37
2023-02-25,Search,37.3333333333333
2023-02-27,Search,21
2023-02-28,Search,27.5
2023-03-03,Search,45.25
2023-03-04,Search,2
2023-03-05,Search,21
2023-03-07,Search,73
2023-03-08,Search,25
2023-03-11,Search,35.2
2023-03-12,Search,11
2023-03-13,Search,42
2023-03-16,Search,62
2023-03-17,Search,15
2023-03-18,Search,17.5
2023-03-19,Search,47
2023-03-20,Search,46
2023-03-21,Search,63.5
2023-03-23,Search,53
2023-03-25,Search,44.5
2023-03-26,Search,17.5
2023-03-28,Search,198
2023-03-29,Search,29.6666666666667
2023-03-30,Search,32
2023-03-31,Search,36
2023-04-01,Search,34
2023-04-02,Search,24
2023-04-03,Search,41.3333333333333
2023-04-04,Search,30
2023-04-05,Search,9
2023-04-06,Search,24
2023-04-07,Search,12
2023-04-08,Search,28
2023-04-09,Search,101
2023-04-10,Search,26
2023-04-11,Search,26
2023-04-12,Search,14
2023-04-13,Search,30
2023-04-14,Search,15.6666666666667
2023-04-15,Search,42
2023-04-16,Search,39
2023-04-17,Search,28
2023-04-18,Search,12
2023-04-19,Search,29
2023-04-21,Search,88
2023-04-23,Search,22.6666666666667
2023-04-24,Search,38.5
2023-04-26,Search,36
2023-04-27,Search,77
2023-04-28,Search,68.3333333333333
2023-04-29,Search,55
2023-04-30,Search,13.5
2023-05-01,Search,128
2023-05-02,Search,13
2023-05-03,Search,26
2023-05-05,Search,36.5
2023-05-06,Search,106
2023-05-07,Search,69
2023-05-08,Search,32.75
2023-05-09,Search,38.5
2023-05-11,Search,23.5
2023-05-12,Search,49
2023-05-13,Search,3
2023-05-16,Search,24
2023-05-17,Search,40.3333333333333
2023-05-18,Search,17
2023-05-19,Search,92.3333333333333
2023-05-20,Search,75
2023-05-21,Search,32
2023-05-22,Search,59
2023-05-23,Search,13
2023-05-24,Search,15
2023-05-25,Search,23
2023-05-26,Search,33.25
2023-05-27,Search,48
2023-05-28,Search,70
2023-05-29,Search,39
2023-05-30,Search,55
2023-05-31,Search,65.5
2023-06-01,Search,41.3333333333333
2023-06-02,Search,27
2023-06-03,Search,20
2023-06-04,Search,66
2023-06-05,Search,33
2023-06-06,Search,47
2023-06-07,Search,45
2023-06-08,Search,18.3333333333333
2023-06-09,Search,25.6666666666667
2023-06-10,Search,15
2023-06-12,Search,20
2023-06-13,Search,33.5
2023-06-14,Search,88.5
2023-06-15,Search,28.5
2023-06-16,Search,29
2023-06-17,Search,38
2023-06-18,Search,36.6666666666667
2023-06-19,Search,1
2023-06-20,Search,16
2023-06-21,Search,37
2023-06-22,Search,49
2023-06-24,Search,37
2023-06-26,Search,28
2023-06-29,Search,14
2023-06-30,Search,29.6666666666667
2023-07-01,Search,35
2023-07-02,Search,11
2023-07-03,Search,26.25
2023-07-04,Search,43
2023-07-05,Search,11
2023-07-06,Search,42
2023-07-07,Search,45
2023-07-08,Search,25
2023-07-11,Search,25.75
2023-07-12,Search,18.6666666666667
2023-07-13,Search,32.5
2023-07-14,Search,19
2023-07-15,Search,43.5
2023-07-16,Search,28.5
2023-07-17,Search,17
2023-07-18,Search,30.5
2023-07-19,Search,18
2023-07-20,Search,21
2023-07-21,Search,19.5
2023-07-22,Search,40.6666666666667
2023-07-23,Search,10
2023-07-24,Search,10
2023-07-27,Search,8.5
2023-07-28,Search,25
2023-07-29,Search,34
2023-07-30,Search,38
2023-07-31,Search,38
2023-08-01,Search,15
2023-08-02,Search,25
2023-08-03,Search,17.5
2023-08-04,Search,12.3333333333333
2023-08-06,Search,19
2023-08-07,Search,25
2023-08-08,Search,14
2023-08-09,Search,23.5
2023-08-10,Search,11
2023-08-12,Search,20.5
2023-08-13,Search,16.5
2023-08-14,Search,28.5
2023-08-16,Search,17.4
2023-08-17,Search,25.6666666666667
2023-08-18,Search,5
2023-08-20,Search,20
2023-08-21,Search,16.5
2023-08-22,Search,4
2023-08-25,Search,11.3333333333333
2023-08-26,Search,56.6666666666667
2023-08-27,Search,29
2023-08-28,Search,35
2023-08-29,Search,16
2023-08-30,Search,33
2023-09-02,Search,32.6
2023-09-03,Search,23.5
2023-09-04,Search,31
2023-09-05,Search,28.5
2023-09-06,Search,16
2023-09-07,Search,29
2023-09-08,Search,35.6666666666667
2023-09-09,Search,19.6666666666667
2023-09-10,Search,5
2023-09-11,Search,11.5
2023-09-12,Search,13
2023-09-14,Search,40.3333333333333
2023-09-15,Search,12
2023-09-16,Search,3
2023-09-17,Search,11
2023-09-18,Search,10
2023-09-19,Search,4
2023-09-21,Search,45.5
2023-09-23,Search,38
2023-09-24,Search,7.33333333333333
2023-09-25,Search,22.5
2023-09-26,Search,11
2023-09-27,Search,45
2023-09-28,Search,35.5
2023-09-29,Search,16
2023-09-30,Search,25
2023-10-02,Search,12
2023-10-03,Search,11
2023-10-04,Search,18
2023-10-06,Search,15
2023-10-07,Search,18.5
2023-10-10,Search,7
2023-10-11,Search,25.5
2023-10-12,Search,9.66666666666667
2023-10-13,Search,31
2023-10-14,Search,15
2023-10-15,Search,34
2023-10-16,Search,19
2023-10-17,Search,34.5
2023-10-18,Search,20.5
2023-10-19,Search,33.75
2023-10-20,Search,13
2023-10-21,Search,11
2023-10-23,Search,38
2023-10-24,Search,11
2023-10-26,Search,34
2023-10-28,Search,26.5
2023-10-29,Search,47
2023-10-30,Search,14
2023-10-31,Search,31
2023-11-01,Search,14.6666666666667
2023-11-02,Search,51
2023-11-03,Search,33.5
2023-11-04,Search,19
2023-11-05,Search,21.5
2023-11-06,Search,18
2023-11-07,Search,12.3333333333333
2023-11-08,Search,26
2023-11-09,Search,22
2023-11-10,Search,24.5
2023-11-12,Search,7
2023-11-13,Search,27.5
2023-11-14,Search,33.5
2023-11-15,Search,3
2023-11-16,Search,21.6666666666667
2023-11-18,Search,17
2023-11-19,Search,22.3333333333333
2023-11-20,Search,33.5
2023-11-21,Search,29
2023-11-22,Search,21
2023-11-23,Search,2
2023-11-24,Search,63
2023-11-25,Search,11
2023-11-29,Search,53
2023-11-30,Search,8
2023-12-01,Search,34
2023-12-02,Search,12.5
2023-12-03,Search,61.25
2023-12-04,Search,57.6666666666667
2023-12-07,Search,18
2023-12-08,Search,15
2023-12-12,Search,26
2023-12-13,Search,16
2023-12-14,Search,25.5
2023-12-15,Search,61.5
2023-12-16,Search,24
2023-12-17,Search,26.5
2023-12-18,Search,29.5
2023-12-19,Search,37
2023-12-20,Search,49
2023-12-21,Search,30
2023-12-22,Search,111
2023-12-23,Search,54
2023-12-26,Search,25.25
2023-12-27,Search,47.6666666666667
2023-12-28,Search,57
2023-12-29,Search,22
2023-12-31,Search,17.5
2024-01-01,Search,86
2024-01-03,Search,70.5
2024-01-06,Search,23.8
2024-01-09,Search,56
2024-01-10,Search,22
2024-01-12,Search,18
2024-01-13,Search,16.5
2024-01-14,Search,55.5
2024-01-17,Search,83
2024-01-19,Search,25
2024-01-20,Search,23
2024-01-21,Search,24.5
2024-01-22,Search,6
2024-01-23,Search,62
2024-01-24,Search,64
2024-01-25,Search,18.5
2024-01-26,Search,55
2024-01-27,Search,91
2024-01-28,Search,60
2024-01-29,Search,82
2024-01-31,Search,8
2024-02-01,Search,45
2024-02-02,Search,19
2024-02-03,Search,34
2024-02-04,Search,51
2024-02-05,Search,43
2024-02-06,Search,52
2024-02-08,Search,14
2024-02-09,Search,57
2024-02-10,Search,50
2024-02-11,Search,23
2024-02-14,Search,34
2024-02-15,Search,28
2024-02-16,Search,32
2024-02-17,Search,154
2024-02-19,Search,32.5
2024-02-20,Search,45.5
2024-02-21,Search,46.6
2024-02-22,Search,65
2024-02-23,Search,76.3333333333333
2024-02-24,Search,35
2024-02-25,Search,36.75
2024-02-27,Search,35
2024-02-28,Search,35.6666666666667
2024-03-01,Search,30
2024-03-02,Search,24.3333333333333
2024-03-03,Search,28
2024-03-05,Search,39.6666666666667
2024-03-07,Search,25.25
2024-03-08,Search,34.5
2024-03-09,Search,39
2024-03-10,Search,48
2024-03-11,Search,43
2024-03-12,Search,36
2024-03-13,Search,45.6666666666667
2024-03-14,Search,31
2024-03-16,Search,16.5
2024-03-17,Search,16
2024-03-18,Search,65
2024-03-20,Search,46
2024-03-21,Search,68.3333333333333
2024-03-22,Search,29.5
2024-03-23,Search,34.6666666666667
2024-03-24,Search,28.5
2024-03-26,Search,42
2024-03-27,Search,32
2024-03-28,Search,100
2024-03-29,Search,62
2024-03-30,Search,23.5
2024-03-31,Search,29
2024-04-01,Search,8.5
2024-04-02,Search,48.3333333333333
2024-04-03,Search,16
2024-04-04,Search,9
2024-04-05,Search,12
2024-04-06,Search,23
2024-04-07,Search,71
2024-04-08,Search,21
2024-04-09,Search,11
2024-04-10,Search,42.5
2024-04-11,Search,24
2024-04-12,Search,82
2024-04-14,Search,47
2024-04-15,Search,36.3333333333333
2024-04-17,Search,67
2024-04-18,Search,49.6666666666667
2024-04-19,Search,91
2024-04-21,Search,25
2024-04-22,Search,48.5
2024-04-23,Search,67.3333333333333
2024-04-24,Search,16
2024-04-25,Search,43.5
2024-04-26,Search,44.6666666666667
2024-04-27,Search,104
2024-04-29,Search,81
2024-05-02,Search,58
2024-05-04,Search,23
2024-05-06,Search,28
2024-05-07,Search,14.5
2024-05-08,Search,80
2024-05-09,Search,5
2024-05-10,Search,55
2024-05-12,Search,27
2024-05-13,Search,42
2024-05-14,Search,31.5
2024-05-15,Search,20
2024-05-16,Search,11
2024-05-17,Search,71
2024-05-19,Search,59.5
2024-05-20,Search,24
2024-05-22,Search,35
2024-05-24,Search,6
2024-05-25,Search,47
2024-05-26,Search,16
2024-05-27,Search,11
2024-05-28,Search,33
2024-05-30,Search,25
2024-05-31,Search,100
2024-06-02,Search,66.75
2024-06-03,Search,29
2024-06-04,Search,33
2024-06-05,Search,65
2024-06-06,Search,38
2024-06-07,Search,36
2024-06-09,Search,20.25
2024-06-10,Search,45.5
2024-06-12,Search,4
2024-06-13,Search,29
2024-06-15,Search,17
2024-06-16,Search,28.6666666666667
2024-06-20,Search,55.5
2024-06-21,Search,25
2024-06-23,Search,25.5
2024-06-24,Search,36.6
2024-06-25,Search,16.5
2024-06-26,Search,85
2024-06-27,Search,48
2024-06-28,Search,67
2024-06-30,Search,34
2024-07-01,Search,17
2024-07-02,Search,46.5
2024-07-04,Search,23
2024-07-05,Search,16.5
2024-07-06,Search,39
2024-07-07,Search,69.6666666666667
2024-07-08,Search,43
2024-07-09,Search,35.5
2024-07-13,Search,38
2024-07-15,Search,24
2024-07-16,Search,24.3333333333333
2024-07-17,Search,20.5
2024-07-18,Search,30
2024-07-19,Search,63
2024-07-21,Search,29
2024-07-22,Search,8
2024-07-23,Search,27
2024-07-25,Search,20
2024-07-26,Search,32
2024-07-28,Search,29
2024-07-29,Search,68
2024-07-30,Search,21
2024-08-01,Search,24
2024-08-02,Search,4
2024-08-03,Search,52.3333333333333
2024-08-04,Search,36
2024-08-05,Search,23
2024-08-06,Search,55
2024-08-07,Search,27
2024-08-08,Search,7.5
2024-08-09,Search,6
2024-08-10,Search,27
2024-08-12,Search,65
2024-08-13,Search,59
2024-08-14,Search,10.3333333333333
2024-08-15,Search,9
2024-08-16,Search,152
2024-08-17,Search,11
2024-08-18,Search,15
2024-08-19,Search,9
2024-08-20,Search,32
2024-08-21,Search,9
2024-08-22,Search,14
2024-08-23,Search,28.6666666666667
2024-08-24,Search,31.6666666666667
2024-08-25,Search,15.5
2024-08-27,Search,14.5
2024-08-28,Search,67
2024-08-29,Search,40
2024-08-30,Search,33
2024-09-01,Search,36
2024-09-02,Search,31
2024-09-03,Search,4
2024-09-04,Search,27
2024-09-06,Search,19
2024-09-07,Search,11
2024-09-08,Search,24
2024-09-09,Search,18
2024-09-10,Search,31.6666666666667
2024-09-11,Search,8
2024-09-12,Search,19.6666666666667
2024-09-13,Search,30
2024-09-15,Search,12.6666666666667
2024-09-16,Search,25.5
2024-09-17,Search,23.5
2024-09-18,Search,13
2024-09-19,Search,6
2024-09-20,Search,32.25
2024-09-21,Search,277
2024-09-22,Search,22.5
2024-09-23,Search,35
2024-09-26,Search,13
2024-09-27,Search,59
2024-09-28,Search,64
2024-09-29,Search,68
2024-10-01,Search,16.6666666666667
2024-10-03,Search,21
2024-10-05,Search,48
2024-10-06,Search,38
2024-10-08,Search,14.3333333333333
2024-10-09,Search,16
2024-10-11,Search,16
2024-10-12,Search,39.5
2024-10-14,Search,29
2024-10-15,Search,38
2024-10-16,Search,10
2024-10-17,Search,66
2024-10-18,Search,15
2024-10-20,Search,40
2024-10-21,Search,32.5
2024-10-22,Search,43
2024-10-23,Search,15
2024-10-24,Search,86
2024-10-26,Search,14
2024-10-27,Search,7.5
2024-10-28,Search,20.5
2024-10-29,Search,37
2024-10-30,Search,17.5
2024-10-31,Search,22
2024-11-01,Search,40.5
2024-11-02,Search,8.5
2024-11-03,Search,52.3333333333333
2024-11-05,Search,14
2024-11-06,Search,55
2024-11-07,Search,22
2024-11-08,Search,25
2024-11-09,Search,19
2024-11-10,Search,47
2024-11-11,Search,2
2024-11-12,Search,34
2024-11-13,Search,19
2024-11-15,Search,83
2024-11-17,Search,41.3333333333333
2024-11-18,Search,65
2024-11-19,Search,10.5
2024-11-20,Search,66.5
2024-11-22,Search,66.5
2024-11-23,Search,31
2024-11-24,Search,17
2024-11-25,Search,19
2024-11-26,Search,33.1666666666667
2024-11-28,Search,12
2024-11-29,Search,22
2024-12-01,Search,22
2024-12-06,Search,23
2024-12-07,Search,43
2024-12-08,Search,22
2024-12-09,Search,21.25
2024-12-10,Search,37.3333333333333
2024-12-11,Search,34
2024-12-12,Search,13
2024-12-14,Search,42
2024-12-15,Search,50
2024-12-16,Search,12
2024-12-17,Search,36
2024-12-18,Search,29.2
2024-12-19,Search,82
2024-12-20,Search,53.5
2024-12-21,Search,59
2024-12-22,Search,59.5
2024-12-23,Search,72.5
2024-12-25,Search,22
2024-12-26,Search,17.3333333333333
2024-12-27,Search,32
2024-12-28,Search,44
2024-12-29,Search,40
2024-12-30,Search,25.5
2024-12-31,Search,35
2025-01-01,Search,72
2025-01-02,Search,22
2025-01-03,Search,24.5
2025-01-06,Search,22
2025-01-07,Search,38.3333333333333
2025-01-08,Search,38
2025-01-10,Search,57.6
2025-01-11,Search,81
2025-01-12,Search,54
2025-01-14,Search,16
2025-01-16,Search,40.2
2025-01-17,Search,43
2025-01-18,Search,49.5
2025-01-19,Search,47
2025-01-20,Search,28
2025-01-21,Search,29.5
2025-01-22,Search,33
2025-01-23,Search,25.25
2025-01-24,Search,19
2025-01-25,Search,42.8
2025-01-27,Search,10
2025-01-28,Search,237
2025-01-29,Search,45.5
2025-01-30,Search,44
2025-01-31,Search,19
2025-02-02,Search,23.5
2025-02-04,Search,41.5
2025-02-05,Search,43
2025-02-06,Search,46
2025-02-07,Search,19.5
2025-02-08,Search,35
2025-02-09,Search,21.5
2025-02-10,Search,34
2025-02-11,Search,57
2025-02-12,Search,57
2025-02-13,Search,23
2025-02-15,Search,18
2025-02-16,Search,24.6666666666667
2025-02-17,Search,69
2025-02-18,Search,59.5
2025-02-19,Search,72
2025-02-20,Search,83.5
2025-02-21,Search,43.5
2025-02-22,Search,52.3333333333333
2025-02-23,Search,83
2025-02-24,Search,64
2025-02-26,Search,68.5
2025-02-27,Search,28.6666666666667
2025-03-01,Search,45
2025-03-02,Search,25
2025-03-04,Search,63
2025-03-05,Search,71
2025-03-06,Search,39
2025-03-08,Search,53.3333333333333
2025-03-09,Search,65
2025-03-11,Search,105.333333333333
2025-03-12,Search,74
2025-03-13,Search,18
2025-03-14,Search,53.5
2025-03-15,Search,120.25
2025-03-16,Search,92
2025-03-18,Search,25
2025-03-19,Search,47.3333333333333
2025-03-21,Search,27
2025-03-22,Search,18
2025-03-23,Search,33
2025-03-24,Search,42
2025-03-25,Search,29
2025-03-28,Search,35.5
2025-03-30,Search,76
2025-03-31,Search,63
2025-04-01,Search,46
2025-04-02,Search,43
2025-04-03,Search,21.5
2025-04-04,Search,18.5
2025-04-05,Search,22
2025-04-06,Search,65
2025-04-07,Search,105.5
2025-04-08,Search,45
2025-04-09,Search,95
2025-04-10,Search,12
2025-04-11,Search,33
2025-04-12,Search,32.5
2025-04-13,Search,42
2025-04-14,Search,68
2025-04-15,Search,30
2025-04-16,Search,74
2025-04-17,Search,37
2025-04-19,Search,75
2025-04-20,Search,51
2025-04-21,Search,28
2025-04-22,Search,61.5
2025-04-23,Search,46
2025-04-24,Search,33
2025-04-25,Search,46
2025-04-26,Search,56.8333333333333
2025-04-27,Search,35
2025-04-29,Search,69
2025-05-01,Search,12
2025-05-02,Search,111
2025-05-03,Search,54.5
2025-05-05,Search,38
2025-05-06,Search,17
2025-05-07,Search,19
2025-05-08,Search,46.5
2025-05-09,Search,56.5
2025-05-10,Search,42.3333333333333
2025-05-11,Search,21
2025-05-13,Search,36
2025-05-14,Search,75
2025-05-15,Search,68
2025-05-16,Search,37.5
2025-05-18,Search,29.3333333333333
2025-05-19,Search,37.3333333333333
2025-05-20,Search,20.5
2025-05-21,Search,22
2025-05-22,Search,27.25
2025-05-23,Search,13.3333333333333
2025-05-25,Search,8
2025-05-26,Search,20
2025-05-27,Search,69.6666666666667
2025-05-29,Search,16
2025-05-30,Search,40
2025-05-31,Search,15
2025-06-01,Search,15
2025-06-02,Search,33.5
2025-06-04,Search,105
2025-06-05,Search,35.25
2025-06-06,Search,75
2025-06-07,Search,40
2025-06-08,Search,14
2025-06-10,Search,31
2025-06-12,Search,24
2025-06-13,Search,136
2025-06-16,Search,37
2025-06-17,Search,31
2025-06-18,Search,29.5
2025-06-19,Search,19.75
2025-06-20,Search,13
2025-06-21,Search,48
2025-06-22,Search,45.5
2025-06-23,Search,63
2025-06-24,Search,96.6666666666667
2025-06-25,Search,51
2025-06-26,Search,52
2025-06-27,Search,38
2025-06-28,Search,11
2025-06-30,Search,31.5
2025-07-01,Search,58
2025-07-02,Search,52
2025-07-03,Search,31.5
2025-07-04,Search,10.5
2025-07-05,Search,12
2025-07-06,Search,11
2025-07-07,Search,9
2025-07-08,Search,33.6666666666667
2025-07-10,Search,14
2025-07-12,Search,23
2025-07-13,Search,55.5
2025-07-14,Search,17
2025-07-15,Search,61
2025-07-16,Search,40.5
2025-07-17,Search,98
2025-07-18,Search,48
2025-07-19,Search,78.6666666666667
2025-07-20,Search,9
2025-07-21,Search,30
2025-07-23,Search,114
2025-07-24,Search,145
2025-07-25,Search,28.3333333333333
2025-07-26,Search,64.3333333333333
2025-07-27,Search,24
2025-07-28,Search,32.5
2025-07-30,Search,27.6666666666667
2025-07-31,Search,31.3333333333333
2025-08-01,Search,28.5
2025-08-02,Search,12.5
2025-08-03,Search,86
2025-08-04,Search,45.3333333333333
2025-08-05,Search,52.6666666666667
2025-08-06,Search,37
2025-08-07,Search,21
2025-08-08,Search,32.5
2025-08-10,Search,24
2025-08-11,Search,82.5
2025-08-13,Search,44
2025-08-14,Search,18
2025-08-15,Search,28.25
2025-08-16,Search,35
2025-08-17,Search,9
2025-08-18,Search,14
2025-08-19,Search,42
2025-08-20,Search,26
2025-08-22,Search,21
2025-08-23,Search,5
2025-08-24,Search,33
2025-08-25,Search,38
2025-08-26,Search,3
2025-08-27,Search,18.5
2025-08-29,Search,20
2025-08-30,Search,19
2025-09-01,Search,32.5
2025-09-03,Search,38
2025-09-04,Search,46.6666666666667
2025-09-05,Search,12
2025-09-06,Search,46.5
2025-09-07,Search,23
2025-09-08,Search,32
2025-09-09,Search,11
2025-09-10,Search,50
2025-09-11,Search,15.75
2025-09-12,Search,23.5
2025-09-13,Search,43
2025-09-14,Search,34
2025-09-16,Search,16
2025-09-17,Search,36
2025-09-19,Search,30.5
2025-09-20,Search,6
2025-09-22,Search,20
2025-09-23,Search,14
2025-09-24,Search,41
2025-09-26,Search,12
2025-09-27,Search,47
2025-09-28,Search,28
2025-10-01,Search,22
2025-10-02,Search,10
2025-10-04,Search,76
2025-10-05,Search,5
2025-10-06,Search,50
2025-10-08,Search,32
2025-10-09,Search,23.5
2025-10-10,Search,28.5
2025-10-11,Search,28
2025-10-12,Search,36
2025-10-13,Search,36.5
2025-10-14,Search,173
2025-10-15,Search,39.2
2025-10-16,Search,31.4
2025-10-18,Search,21
2025-10-20,Search,27.5
2025-10-21,Search,99
2025-10-22,Search,18.6666666666667
2025-10-24,Search,23
2025-10-26,Search,9
2025-10-28,Search,27.6666666666667
2025-10-31,Search,16
2025-11-02,Search,34.6666666666667
2025-11-04,Search,61
2025-11-05,Search,14
2025-11-06,Search,31
2025-11-07,Search,23.5
2025-11-09,Search,55
2025-11-10,Search,55.5
2025-11-11,Search,47
2025-11-12,Search,31
2025-11-14,Search,38.6666666666667
2025-11-15,Search,14.5
2025-11-16,Search,35
2025-11-17,Search,64
2025-11-18,Search,31
2025-11-19,Search,48
2025-11-20,Search,54
2025-11-21,Search,56
2025-11-22,Search,31.5
2025-11-23,Search,27
2025-11-24,Search,40
2025-11-25,Search,22
2025-11-26,Search,48
2025-11-27,Search,56
2025-11-28,Search,36.6666666666667
2025-11-29,Search,29
2025-12-01,Search,43
2025-12-03,Search,34.5
2025-12-04,Search,36
2025-12-05,Search,23.5
2025-12-07,Search,19
2025-12-08,Search,6.5
2025-12-09,Search,26
2025-12-10,Search,24.6666666666667
2025-12-11,Search,19.6666666666667
2025-12-12,Search,75
2025-12-13,Search,44
2025-12-15,Search,46
2025-12-17,Search,15
2025-12-18,Search,41.5
2025-12-19,Search,49.5
2025-12-21,Search,57
2025-12-22,Search,9
2025-12-23,Search,82.3333333333333
2025-12-24,Search,14
2025-12-25,Search,117
2025-12-26,Search,23.6666666666667
2025-12-27,Search,16
2025-12-28,Search,159
2025-12-29,Search,30.5
2025-12-30,Search,94
2025-12-31,Search,22
2023-01-01,Social,36
2023-01-02,Social,38
2023-01-04,Social,25.5
2023-01-05,Social,48
2023-01-06,Social,26.5
2023-01-08,Social,48.3333333333333
2023-01-11,Social,23
2023-01-13,Social,19
2023-01-16,Social,135
2023-01-17,Social,28
2023-01-18,Social,17
2023-01-20,Social,21.3333333333333
2023-01-21,Social,17.5
2023-01-23,Social,36
2023-01-26,Social,33.5
2023-01-27,Social,9
2023-01-29,Social,8
2023-02-02,Social,33
2023-02-03,Social,37.25
2023-02-04,Social,20
2023-02-07,Social,28.5
2023-02-09,Social,41
2023-02-10,Social,16.5
2023-02-11,Social,24.5
2023-02-12,Social,45.5
2023-02-13,Social,25.75
2023-02-14,Social,16
2023-02-18,Social,8
2023-02-19,Social,12
2023-02-20,Social,22
2023-02-21,Social,11
2023-02-22,Social,50
2023-02-23,Social,15
2023-02-24,Social,77
2023-02-25,Social,40.6666666666667
2023-02-26,Social,10
2023-02-27,Social,20
2023-03-01,Social,16
2023-03-02,Social,46
2023-03-04,Social,47.3333333333333
2023-03-06,Social,12
2023-03-07,Social,53
2023-03-08,Social,15.5
2023-03-09,Social,18.8
2023-03-10,Social,10.5
2023-03-11,Social,34
2023-03-12,Social,42
2023-03-13,Social,32
2023-03-14,Social,14
2023-03-16,Social,19.3333333333333
2023-03-18,Social,83
2023-03-19,Social,30
2023-03-20,Social,23.5
2023-03-21,Social,20
2023-03-22,Social,44.25
2023-03-24,Social,23
2023-03-25,Social,42
2023-03-26,Social,75
2023-03-27,Social,61.5
2023-03-28,Social,11.6666666666667
2023-03-29,Social,15
2023-03-30,Social,16
2023-03-31,Social,12
2023-04-02,Social,15
2023-04-03,Social,31
2023-04-04,Social,18
2023-04-07,Social,42
2023-04-08,Social,33
2023-04-10,Social,22.5
2023-04-11,Social,8
2023-04-13,Social,16
2023-04-14,Social,28
2023-04-18,Social,40
2023-04-20,Social,24
2023-04-22,Social,7
2023-04-23,Social,9.66666666666667
2023-04-24,Social,16
2023-04-26,Social,29.5
2023-04-28,Social,16.5
2023-04-29,Social,37.5
2023-04-30,Social,32
2023-05-02,Social,18
2023-05-04,Social,11.5
2023-05-06,Social,8
2023-05-07,Social,63
2023-05-08,Social,10
2023-05-09,Social,10
2023-05-13,Social,17
2023-05-14,Social,24
2023-05-15,Social,22
2023-05-16,Social,21
2023-05-17,Social,28
2023-05-18,Social,13
2023-05-19,Social,19
2023-05-20,Social,12.5
2023-05-23,Social,28.5
2023-05-25,Social,96
2023-05-26,Social,24.5
2023-05-27,Social,19
2023-05-29,Social,20
2023-05-31,Social,23
2023-06-02,Social,5
2023-06-04,Social,6
2023-06-05,Social,43
2023-06-06,Social,23
2023-06-07,Social,36
2023-06-09,Social,18.5
2023-06-10,Social,6
2023-06-11,Social,28.3333333333333
2023-06-12,Social,4
2023-06-13,Social,12.5
2023-06-14,Social,17
2023-06-16,Social,5
2023-06-18,Social,20
2023-06-19,Social,11.3333333333333
2023-06-20,Social,42
2023-06-21,Social,19.3333333333333
2023-06-22,Social,24
2023-06-23,Social,7
2023-06-24,Social,69
2023-06-25,Social,16
2023-06-27,Social,27
2023-06-28,Social,19
2023-06-29,Social,13
2023-06-30,Social,31
2023-07-01,Social,18
2023-07-02,Social,11.5
2023-07-03,Social,9
2023-07-04,Social,14.6666666666667
2023-07-05,Social,23
2023-07-06,Social,21
2023-07-07,Social,45
2023-07-11,Social,12
2023-07-12,Social,12.5
2023-07-14,Social,30.5
2023-07-16,Social,79
2023-07-17,Social,10
2023-07-18,Social,5
2023-07-19,Social,13
2023-07-20,Social,20.5
2023-07-21,Social,34
2023-07-22,Social,23
2023-07-23,Social,11
2023-07-24,Social,15
2023-07-25,Social,7
2023-07-26,Social,14.3333333333333
2023-07-27,Social,32
2023-07-31,Social,35
2023-08-01,Social,24.3333333333333
2023-08-04,Social,16
2023-08-05,Social,20.2
2023-08-06,Social,13
2023-08-07,Social,42
2023-08-08,Social,23
2023-08-09,Social,11
2023-08-11,Social,19
2023-08-12,Social,17
2023-08-14,Social,26
2023-08-17,Social,11
2023-08-18,Social,9
2023-08-19,Social,28
2023-08-21,Social,9
2023-08-22,Social,6.6
2023-08-23,Social,18
2023-08-24,Social,9.5
2023-08-26,Social,11
2023-08-27,Social,19.5
2023-08-28,Social,37
2023-08-29,Social,15
2023-08-31,Social,8
2023-09-01,Social,14.5
2023-09-02,Social,1
2023-09-03,Social,19.6666666666667
2023-09-07,Social,12
2023-09-09,Social,4
2023-09-11,Social,9
2023-09-12,Social,16
2023-09-13,Social,27
2023-09-15,Social,13.5
2023-09-16,Social,87
2023-09-17,Social,13
2023-09-18,Social,13
2023-09-20,Social,15.5
2023-09-21,Social,24
2023-09-22,Social,20.5
2023-09-23,Social,10
2023-09-24,Social,5
2023-09-26,Social,16
2023-09-27,Social,10
2023-09-30,Social,65
2023-10-01,Social,6
2023-10-02,Social,19
2023-10-04,Social,11
2023-10-05,Social,27.5
2023-10-06,Social,7
2023-10-07,Social,16
2023-10-09,Social,71
2023-10-11,Social,13
2023-10-13,Social,42
2023-10-14,Social,4
2023-10-15,Social,10.5
2023-10-17,Social,20.5
2023-10-19,Social,11
2023-10-22,Social,76
2023-10-23,Social,19
2023-10-24,Social,12
2023-10-25,Social,8
2023-10-26,Social,15
2023-10-27,Social,14
2023-10-28,Social,15.5
2023-10-31,Social,7
2023-11-01,Social,10
2023-11-02,Social,37
2023-11-03,Social,16
2023-11-04,Social,20
2023-11-05,Social,7
2023-11-09,Social,5.5
2023-11-10,Social,6.5
2023-11-11,Social,30
2023-11-12,Social,17
2023-11-13,Social,40
2023-11-14,Social,14
2023-11-15,Social,34.5
2023-11-16,Social,15
2023-11-17,Social,40
2023-11-18,Social,23
2023-11-19,Social,57
2023-11-20,Social,6
2023-11-22,Social,27
2023-11-23,Social,26
2023-11-24,Social,4
2023-11-25,Social,10
2023-11-26,Social,30.5
2023-11-27,Social,7
2023-11-29,Social,20.3333333333333
2023-11-30,Social,32.5
2023-12-01,Social,33
2023-12-03,Social,8
2023-12-04,Social,11
2023-12-05,Social,18
2023-12-06,Social,29
2023-12-07,Social,0
2023-12-08,Social,5
2023-12-10,Social,11
2023-12-12,Social,29
2023-12-14,Social,53
2023-12-17,Social,96
2023-12-20,Social,10
2023-12-22,Social,17
2023-12-23,Social,13
2023-12-25,Social,6
2023-12-26,Social,11
2023-12-28,Social,36
2023-12-30,Social,16.5
2023-12-31,Social,15
2024-01-01,Social,8
2024-01-02,Social,18
2024-01-04,Social,24
2024-01-07,Social,66
2024-01-08,Social,9.5
2024-01-11,Social,51
2024-01-13,Social,28.5
2024-01-15,Social,18
2024-01-17,Social,38
2024-01-18,Social,11
2024-01-19,Social,40
2024-01-20,Social,33
2024-01-23,Social,21
2024-01-24,Social,14
2024-01-25,Social,18
2024-01-26,Social,82
2024-01-27,Social,103
2024-01-28,Social,6
2024-01-29,Social,67
2024-01-30,Social,8
2024-01-31,Social,20
2024-02-02,Social,24.5
2024-02-04,Social,61
2024-02-05,Social,18
2024-02-07,Social,13
2024-02-10,Social,19
2024-02-11,Social,31
2024-02-13,Social,32
2024-02-14,Social,31
2024-02-16,Social,40
2024-02-17,Social,20
2024-02-19,Social,27
2024-02-24,Social,21
2024-02-26,Social,14.5
2024-02-28,Social,28
2024-02-29,Social,25
2024-03-01,Social,65.6666666666667
2024-03-02,Social,42
2024-03-03,Social,17
2024-03-04,Social,3
2024-03-07,Social,33
2024-03-08,Social,30
2024-03-09,Social,40
2024-03-10,Social,26
2024-03-12,Social,12.5
2024-03-13,Social,24
2024-03-19,Social,17
2024-03-20,Social,34.5
2024-03-21,Social,9
2024-03-22,Social,37
2024-03-23,Social,13.6666666666667
2024-03-24,Social,60
2024-03-25,Social,30.3333333333333
2024-03-27,Social,56
2024-03-29,Social,26.5
2024-03-30,Social,17
2024-04-01,Social,20
2024-04-02,Social,22
2024-04-03,Social,3.5
2024-04-04,Social,20
2024-04-06,Social,41.5
2024-04-07,Social,32.5
2024-04-09,Social,11
2024-04-10,Social,44
2024-04-11,Social,31
2024-04-12,Social,23
2024-04-13,Social,41
2024-04-14,Social,22
2024-04-15,Social,14
2024-04-16,Social,25
2024-04-18,Social,37
2024-04-19,Social,40
2024-04-20,Social,25
2024-04-21,Social,4
2024-04-22,Social,41
2024-04-23,Social,25
2024-04-24,Social,18
2024-04-25,Social,35
2024-04-28,Social,0
2024-04-29,Social,24.5
2024-05-02,Social,33
2024-05-06,Social,11
2024-05-09,Social,9.5
2024-05-10,Social,9
2024-05-11,Social,40
2024-05-12,Social,46
2024-05-13,Social,65
2024-05-17,Social,6
2024-05-18,Social,15
2024-05-20,Social,52
2024-05-21,Social,9.5
2024-05-23,Social,26
2024-05-24,Social,12
2024-05-25,Social,18
2024-05-26,Social,67
2024-05-28,Social,23
2024-05-30,Social,18
2024-05-31,Social,15
2024-06-01,Social,16
2024-06-02,Social,16
2024-06-03,Social,23.5
2024-06-04,Social,34.5
2024-06-05,Social,45
2024-06-06,Social,37
2024-06-08,Social,14
2024-06-13,Social,56.5
2024-06-16,Social,38
2024-06-19,Social,6
2024-06-23,Social,12
2024-06-24,Social,11.6666666666667
2024-06-25,Social,13
2024-06-26,Social,35
2024-06-27,Social,22.2
2024-06-28,Social,3
2024-06-29,Social,4
2024-06-30,Social,23
2024-07-01,Social,11
2024-07-03,Social,19
2024-07-05,Social,42
2024-07-06,Social,24.3333333333333
2024-07-07,Social,21
2024-07-08,Social,9
2024-07-10,Social,28
2024-07-12,Social,7
2024-07-13,Social,64
2024-07-15,Social,8
2024-07-16,Social,26
2024-07-17,Social,21.6666666666667
2024-07-18,Social,11
2024-07-19,Social,25
2024-07-21,Social,60
2024-07-22,Social,14
2024-07-23,Social,36.5
2024-07-24,Social,2
2024-07-25,Social,8
2024-07-26,Social,25
2024-07-30,Social,15.3333333333333
2024-07-31,Social,16.6666666666667
2024-08-01,Social,31
2024-08-02,Social,23
2024-08-05,Social,5
2024-08-06,Social,2
2024-08-07,Social,42
2024-08-09,Social,22
2024-08-10,Social,24
2024-08-13,Social,8
2024-08-14,Social,31
2024-08-15,Social,12
2024-08-17,Social,43.5
2024-08-18,Social,6
2024-08-19,Social,23.6666666666667
2024-08-20,Social,11
2024-08-21,Social,2
2024-08-22,Social,19
2024-08-23,Social,13
2024-08-24,Social,74
2024-08-26,Social,51
2024-08-28,Social,34.5
2024-08-29,Social,8
2024-09-03,Social,1
2024-09-04,Social,15
2024-09-05,Social,26
2024-09-06,Social,36.3333333333333
2024-09-07,Social,9
2024-09-08,Social,20
2024-09-09,Social,11.5
2024-09-11,Social,0
2024-09-14,Social,28
2024-09-15,Social,5
2024-09-16,Social,4
2024-09-17,Social,23.5
2024-09-19,Social,12
2024-09-21,Social,10
2024-09-22,Social,8
2024-09-23,Social,21
2024-09-24,Social,11.25
2024-09-25,Social,52
2024-09-26,Social,7.5
2024-09-27,Social,22
2024-09-28,Social,10
2024-10-01,Social,28
2024-10-03,Social,8
2024-10-04,Social,32.5
2024-10-05,Social,9
2024-10-08,Social,36.5
2024-10-09,Social,8
2024-10-10,Social,1
2024-10-13,Social,16
2024-10-14,Social,40
2024-10-15,Social,16
2024-10-19,Social,16
2024-10-20,Social,21.5
2024-10-21,Social,28
2024-10-23,Social,10.6666666666667
2024-10-25,Social,15
2024-10-27,Social,17
2024-10-28,Social,26
2024-10-29,Social,8.66666666666667
2024-10-31,Social,13.3333333333333
2024-11-02,Social,21.5
2024-11-03,Social,29
2024-11-04,Social,6
2024-11-05,Social,38
2024-11-06,Social,3.5
2024-11-07,Social,54.5
2024-11-08,Social,30.3333333333333
2024-11-09,Social,8
2024-11-10,Social,64
2024-11-11,Social,28
2024-11-12,Social,17.5
2024-11-14,Social,31
2024-11-15,Social,12
2024-11-16,Social,28
2024-11-17,Social,11
2024-11-18,Social,5
2024-11-19,Social,14
2024-11-20,Social,112
2024-11-21,Social,9
2024-11-22,Social,28.3333333333333
2024-11-24,Social,6
2024-11-26,Social,7
2024-11-27,Social,6
2024-11-28,Social,9
2024-11-30,Social,9
2024-12-01,Social,64
2024-12-02,Social,14
2024-12-03,Social,23
2024-12-04,Social,27
2024-12-06,Social,32.3333333333333
2024-12-07,Social,21
2024-12-08,Social,47
2024-12-09,Social,19.5
2024-12-10,Social,7
2024-12-11,Social,20
2024-12-13,Social,35
2024-12-14,Social,34.3333333333333
2024-12-15,Social,17
2024-12-16,Social,9.5
2024-12-17,Social,13
2024-12-19,Social,24
2024-12-20,Social,88
2024-12-23,Social,13.3333333333333
2024-12-24,Social,13.6666666666667
2024-12-26,Social,47
2024-12-27,Social,11
2024-12-28,Social,17
2024-12-29,Social,29
2024-12-30,Social,16
2024-12-31,Social,44
2025-01-02,Social,18
2025-01-04,Social,5
2025-01-05,Social,12
2025-01-06,Social,18
2025-01-07,Social,18.6666666666667
2025-01-08,Social,25
2025-01-10,Social,8.5
2025-01-15,Social,16.5
2025-01-16,Social,36
2025-01-17,Social,35
2025-01-18,Social,12
2025-01-19,Social,39.6666666666667
2025-01-20,Social,17.5
2025-01-21,Social,46
2025-01-22,Social,18
2025-01-23,Social,12
2025-01-26,Social,21
2025-01-27,Social,73
2025-01-28,Social,22.6666666666667
2025-01-30,Social,14
2025-02-02,Social,6
2025-02-03,Social,25
2025-02-05,Social,10
2025-02-08,Social,35.3333333333333
2025-02-09,Social,31.3333333333333
2025-02-10,Social,22.5
2025-02-11,Social,76
2025-02-12,Social,23
2025-02-13,Social,44
2025-02-15,Social,114
2025-02-16,Social,43
2025-02-17,Social,22
2025-02-18,Social,67
2025-02-19,Social,65
2025-02-20,Social,20
2025-02-21,Social,6
2025-02-22,Social,21
2025-02-23,Social,31.4
2025-02-25,Social,22
2025-02-28,Social,10
2025-03-03,Social,27
2025-03-05,Social,21
2025-03-06,Social,23
2025-03-07,Social,18
2025-03-08,Social,55.5
2025-03-10,Social,43
2025-03-12,Social,13.5
2025-03-14,Social,98
2025-03-16,Social,38
2025-03-17,Social,32.5
2025-03-19,Social,45
2025-03-20,Social,20
2025-03-21,Social,47
2025-03-23,Social,12.5
2025-03-25,Social,14
2025-03-26,Social,15
2025-03-27,Social,17.5
2025-03-28,Social,15
2025-03-29,Social,58
2025-03-31,Social,36
2025-04-01,Social,44.3333333333333
2025-04-02,Social,17
2025-04-03,Social,10
2025-04-04,Social,13
2025-04-06,Social,68
2025-04-07,Social,22
2025-04-09,Social,77
2025-04-10,Social,28.6666666666667
2025-04-11,Social,29
2025-04-13,Social,7
2025-04-14,Social,5
2025-04-15,Social,54
2025-04-16,Social,31.5
2025-04-17,Social,20.6666666666667
2025-04-19,Social,12
2025-04-20,Social,81
2025-04-21,Social,13
2025-04-22,Social,25.3333333333333
2025-04-23,Social,41
2025-04-24,Social,51
2025-04-25,Social,37.6666666666667
2025-04-26,Social,9
2025-04-27,Social,27.2
2025-04-28,Social,8
2025-05-02,Social,16.5
2025-05-03,Social,18
2025-05-04,Social,50
2025-05-05,Social,10.75
2025-05-06,Social,16
2025-05-08,Social,31
2025-05-09,Social,39.5
2025-05-10,Social,13
2025-05-12,Social,9
2025-05-14,Social,22
2025-05-15,Social,19
2025-05-16,Social,7.5
2025-05-18,Social,27
2025-05-20,Social,14
2025-05-21,Social,33
2025-05-22,Social,18
2025-05-23,Social,31
2025-05-24,Social,170
2025-05-25,Social,39
2025-05-26,Social,16
2025-05-27,Social,47.5
2025-05-28,Social,82
2025-05-29,Social,10
2025-05-30,Social,29.3333333333333
2025-06-02,Social,4
2025-06-03,Social,47
2025-06-04,Social,24.5
2025-06-06,Social,80.5
2025-06-07,Social,8
2025-06-08,Social,73
2025-06-09,Social,11
2025-06-10,Social,9
2025-06-11,Social,36.5
2025-06-13,Social,35
2025-06-14,Social,21
2025-06-16,Social,26
2025-06-17,Social,26
2025-06-18,Social,5
2025-06-19,Social,47.5
2025-06-21,Social,45
2025-06-22,Social,53.5
2025-06-23,Social,20
2025-06-24,Social,38
2025-06-26,Social,33.5
2025-06-27,Social,31.6666666666667
2025-06-29,Social,20
2025-06-30,Social,18
2025-07-05,Social,22
2025-07-07,Social,18
2025-07-08,Social,43
2025-07-09,Social,8
2025-07-10,Social,6.5
2025-07-12,Social,1
2025-07-13,Social,13
2025-07-15,Social,2
2025-07-22,Social,6
2025-07-23,Social,22
2025-07-24,Social,13
2025-07-27,Social,9.5
2025-07-28,Social,6
2025-07-31,Social,5
2025-08-01,Social,23
2025-08-02,Social,21
2025-08-05,Social,15
2025-08-06,Social,26
2025-08-08,Social,12
2025-08-09,Social,20
2025-08-12,Social,27
2025-08-13,Social,15
2025-08-14,Social,35
2025-08-15,Social,21
2025-08-16,Social,27
2025-08-17,Social,13
2025-08-18,Social,14
2025-08-19,Social,21
2025-08-21,Social,8.5
2025-08-22,Social,13
2025-08-26,Social,23.25
2025-08-28,Social,21.8
2025-09-02,Social,16
2025-09-03,Social,14
2025-09-04,Social,60
2025-09-05,Social,17
2025-09-06,Social,19.5
2025-09-07,Social,11
2025-09-08,Social,1
2025-09-10,Social,25
2025-09-11,Social,23
2025-09-12,Social,19
2025-09-14,Social,16.3333333333333
2025-09-15,Social,13
2025-09-16,Social,19
2025-09-17,Social,14
2025-09-18,Social,38
2025-09-19,Social,19
2025-09-20,Social,67
2025-09-22,Social,27
2025-09-24,Social,30
2025-09-28,Social,5
2025-09-29,Social,5.5
2025-10-01,Social,7
2025-10-03,Social,33.6666666666667
2025-10-04,Social,16
2025-10-07,Social,17
2025-10-08,Social,26.5
2025-10-10,Social,12
2025-10-11,Social,9
2025-10-12,Social,6
2025-10-13,Social,2
2025-10-15,Social,22
2025-10-16,Social,31
2025-10-17,Social,18
2025-10-18,Social,6
2025-10-19,Social,23.5
2025-10-21,Social,5
2025-10-22,Social,26.5
2025-10-23,Social,43
2025-10-25,Social,20
2025-10-26,Social,112
2025-10-27,Social,7.5
2025-10-28,Social,10
2025-10-29,Social,10
2025-10-30,Social,35.5
2025-10-31,Social,11.5
2025-11-02,Social,20
2025-11-03,Social,27.5
2025-11-04,Social,23
2025-11-06,Social,33
2025-11-08,Social,19
2025-11-10,Social,35
2025-11-11,Social,23
2025-11-13,Social,14
2025-11-14,Social,14.5
2025-11-16,Social,13
2025-11-18,Social,10.5
2025-11-19,Social,10
2025-11-20,Social,32
2025-11-22,Social,35.3333333333333
2025-11-24,Social,18.5
2025-11-25,Social,25.6666666666667
2025-11-26,Social,22
2025-11-27,Social,35
2025-11-28,Social,23.5
2025-11-29,Social,14
2025-11-30,Social,34
2025-12-01,Social,44.5
2025-12-02,Social,21.5
2025-12-03,Social,39
2025-12-04,Social,30
2025-12-05,Social,10
2025-12-06,Social,21
2025-12-08,Social,84
2025-12-10,Social,22
2025-12-12,Social,33.6666666666667
2025-12-13,Social,48
2025-12-14,Social,14.5
2025-12-17,Social,20
2025-12-20,Social,5
2025-12-22,Social,20.5
2025-12-23,Social,21
2025-12-24,Social,21
2025-12-25,Social,25
2025-12-26,Social,21
2025-12-27,Social,45
2025-12-28,Social,11
2025-12-29,Social,31.5
2025-12-30,Social,24
2025-12-31,Social,10
