event_date,channel,revenue
2023-01-01,Affiliate,5977.84
2023-01-06,Affiliate,681.68
2023-01-09,Affiliate,11678.88
2023-01-10,Affiliate,10310.09
2023-01-17,Affiliate,4760.75
2023-01-22,Affiliate,1301.52
2023-01-28,Affiliate,11383.16
2023-02-02,Affiliate,5515.42
2023-02-04,Affiliate,5344.18
2023-02-07,Affiliate,9302.355
2023-02-08,Affiliate,73068.77
2023-02-09,Affiliate,130.01
2023-02-10,Affiliate,9198.69
2023-02-13,Affiliate,9944.28
2023-02-16,Affiliate,4488.9
2023-02-18,Affiliate,1727.14
2023-02-20,Affiliate,2670.075
2023-02-22,Affiliate,13474.19
2023-03-09,Affiliate,12191.73
2023-03-10,Affiliate,2938.01
2023-03-11,Affiliate,4764.46
2023-03-13,Affiliate,15370.52
2023-03-18,Affiliate,2444.55
2023-03-24,Affiliate,12127.41
2023-03-25,Affiliate,929.72
2023-03-29,Affiliate,8136.29
2023-03-30,Affiliate,2394.06
2023-04-03,Affiliate,4117.19
2023-04-07,Affiliate,39954.89
2023-04-08,Affiliate,5029.52
2023-04-09,Affiliate,2544.47
2023-04-14,Affiliate,7515.95
2023-04-16,Affiliate,13609.71
2023-04-21,Affiliate,11423.745
2023-04-28,Affiliate,10599.12
2023-05-05,Affiliate,2981.05
2023-05-06,Affiliate,4357.97
2023-05-09,Affiliate,7633.97
2023-05-11,Affiliate,19198.31
2023-05-12,Affiliate,40388.94
2023-05-14,Affiliate,4089.34
2023-05-19,Affiliate,5484.975
2023-05-21,Affiliate,5177.835
2023-05-24,Affiliate,1260.49
2023-05-25,Affiliate,2911.99
2023-06-02,Affiliate,2556.72
2023-06-16,Affiliate,32452.29
2023-06-21,Affiliate,1180.98
2023-06-23,Affiliate,2840.72
2023-06-26,Affiliate,15986.65
2023-07-03,Affiliate,2960.42
2023-07-04,Affiliate,2629.08
2023-07-10,Affiliate,10936.41
2023-07-12,Affiliate,7449.42
2023-07-14,Affiliate,1737.66
2023-07-15,Affiliate,37261.11
2023-07-16,Affiliate,3795.67
2023-07-17,Affiliate,1872.88
2023-07-24,Affiliate,1584.58
2023-07-31,Affiliate,2300.03
2023-08-03,Affiliate,5297.58181843047
2023-08-04,Affiliate,6837.87
2023-08-11,Affiliate,3815.73
2023-08-14,Affiliate,2426.65
2023-08-18,Affiliate,21445.9
2023-08-19,Affiliate,23355.35
2023-08-22,Affiliate,1861.77
2023-08-24,Affiliate,6155.93
2023-08-26,Affiliate,1037.31
2023-08-27,Affiliate,4130.89
2023-08-31,Affiliate,17381.9
2023-09-01,Affiliate,7562.18
2023-09-10,Affiliate,10498.26
2023-09-15,Affiliate,16646.06
2023-09-19,Affiliate,8622.23
2023-09-23,Affiliate,13044.14
2023-09-24,Affiliate,5691.64
2023-09-26,Affiliate,2346.39
2023-09-28,Affiliate,19468.78
2023-09-30,Affiliate,1886.66
2023-10-02,Affiliate,2125.39
2023-10-10,Affiliate,4248.51
2023-10-19,Affiliate,685.08
2023-10-22,Affiliate,3353.72
2023-10-23,Affiliate,2471.4
2023-10-24,Affiliate,1132.59
2023-10-27,Affiliate,956.75
2023-10-28,Affiliate,824.92
2023-10-30,Affiliate,1020.27
2023-11-02,Affiliate,14447.53
2023-11-03,Affiliate,4590.95
2023-11-04,Affiliate,1517.205
2023-11-07,Affiliate,18102.54
2023-11-08,Affiliate,4453.54
2023-11-10,Affiliate,3023.34
2023-11-13,Affiliate,2586.86
2023-11-21,Affiliate,2619.08
2023-11-22,Affiliate,1778.53
2023-11-23,Affiliate,2016.9
2023-11-24,Affiliate,6339.28
2023-12-04,Affiliate,4705.92
2023-12-10,Affiliate,7290.78
2023-12-16,Affiliate,51420.55
2023-12-18,Affiliate,804.62
2023-12-20,Affiliate,6868.145
2023-12-23,Affiliate,11174.02
2023-12-25,Affiliate,2949.48
2023-12-26,Affiliate,5284.105
2023-12-28,Affiliate,2367.4
2023-12-31,Affiliate,2919.52
2024-01-03,Affiliate,891.27
2024-01-04,Affiliate,610.78
2024-01-08,Affiliate,10522
2024-01-15,Affiliate,11245.08
2024-01-16,Affiliate,2959.59
2024-01-18,Affiliate,1105.84
2024-01-19,Affiliate,3940.65
2024-01-29,Affiliate,18465.67
2024-01-30,Affiliate,1540.65
2024-02-01,Affiliate,19526.28
2024-02-04,Affiliate,29438.91
2024-02-05,Affiliate,3564.425
2024-02-15,Affiliate,61336
2024-02-18,Affiliate,7294.98
2024-02-19,Affiliate,10168.595
2024-02-21,Affiliate,8424.065
2024-02-24,Affiliate,20215.59
2024-02-27,Affiliate,1683.46
2024-03-01,Affiliate,8949.77
2024-03-11,Affiliate,1575.45
2024-03-13,Affiliate,7607.14
2024-03-16,Affiliate,4922.22
2024-03-18,Affiliate,2835.37
2024-03-21,Affiliate,3754.97333333333
2024-03-23,Affiliate,2668.47
2024-03-29,Affiliate,25167.75
2024-03-30,Affiliate,2672.84
2024-04-01,Affiliate,5161.09
2024-04-03,Affiliate,14619.19
2024-04-06,Affiliate,4725.11
2024-04-07,Affiliate,10222.22
2024-04-16,Affiliate,15007.89
2024-04-23,Affiliate,2316.66
2024-04-24,Affiliate,5285.29
2024-04-25,Affiliate,26392.17
2024-04-26,Affiliate,4023.445
2024-04-27,Affiliate,4142.98
2024-04-29,Affiliate,4215.39
2024-04-30,Affiliate,1811.78
2024-05-04,Affiliate,21610.0933333333
2024-05-07,Affiliate,8151.38
2024-05-08,Affiliate,13940.35
2024-05-12,Affiliate,966.54
2024-05-13,Affiliate,1878.01
2024-05-18,Affiliate,515.53
2024-05-21,Affiliate,5236.18
2024-05-22,Affiliate,3644.5
2024-05-23,Affiliate,89539.95
2024-05-25,Affiliate,9949.88
2024-06-05,Affiliate,4583.89
2024-06-06,Affiliate,333.94
2024-06-07,Affiliate,1767.55
2024-06-08,Affiliate,2425.04
2024-06-09,Affiliate,9526.91
2024-06-11,Affiliate,744.07
2024-06-13,Affiliate,7662.98
2024-06-19,Affiliate,7303.53
2024-06-20,Affiliate,9080.36
2024-06-23,Affiliate,695.39
2024-06-27,Affiliate,5267.52
2024-06-30,Affiliate,7004.58
2024-07-05,Affiliate,3994.98
2024-07-10,Affiliate,10156.44
2024-07-15,Affiliate,6658.09
2024-07-17,Affiliate,41102.275
2024-07-18,Affiliate,1252.72
2024-07-20,Affiliate,47615.11
2024-07-26,Affiliate,23528.44
2024-07-27,Affiliate,631.13
2024-08-02,Affiliate,17722.13
2024-08-05,Affiliate,3720.68
2024-08-08,Affiliate,15569.27
2024-08-10,Affiliate,9936.48
2024-08-11,Affiliate,777.41
2024-08-14,Affiliate,134.7
2024-08-15,Affiliate,10903.77
2024-08-25,Affiliate,1668.305
2024-08-29,Affiliate,56217.43
2024-08-30,Affiliate,31241.74
2024-09-15,Affiliate,35916.96
2024-09-16,Affiliate,492.4
2024-09-17,Affiliate,2625.1
2024-09-21,Affiliate,872.73
2024-09-23,Affiliate,4264.55
2024-09-24,Affiliate,30182.335
2024-09-29,Affiliate,993.69
2024-09-30,Affiliate,21220.17
2024-10-03,Affiliate,29119.79
2024-10-08,Affiliate,1935.58
2024-10-09,Affiliate,4120.09
2024-10-14,Affiliate,7477.15
2024-10-18,Affiliate,5918.42
2024-10-21,Affiliate,2956.28333333333
2024-10-22,Affiliate,4655.77
2024-10-25,Affiliate,1742.88
2024-10-27,Affiliate,6916.9
2024-11-01,Affiliate,16849.56
2024-11-11,Affiliate,4223.38
2024-11-12,Affiliate,1623.58
2024-11-13,Affiliate,4829.99
2024-11-19,Affiliate,5506.97
2024-11-23,Affiliate,3308.6575
2024-12-04,Affiliate,1363.79
2024-12-06,Affiliate,3717.7
2024-12-12,Affiliate,0
2024-12-17,Affiliate,52257.25
2024-12-19,Affiliate,1211.09
2024-12-20,Affiliate,4478.5
2024-12-22,Affiliate,12867.71
2024-12-24,Affiliate,2724.97
2024-12-29,Affiliate,3413.02
2025-01-05,Affiliate,38893.58
2025-01-21,Affiliate,7993.03
2025-01-24,Affiliate,22559.45
2025-01-26,Affiliate,4343.58
2025-02-01,Affiliate,12418.61
2025-02-10,Affiliate,1298.05
2025-02-17,Affiliate,3956.93
2025-02-18,Affiliate,25488.27
2025-02-19,Affiliate,683.76
2025-02-22,Affiliate,3548.52
2025-02-25,Affiliate,5561.595
2025-02-27,Affiliate,1004.5
2025-03-01,Affiliate,11111.83
2025-03-04,Affiliate,123679.08
2025-03-05,Affiliate,31141.73
2025-03-09,Affiliate,1489.36
2025-03-10,Affiliate,2287.68
2025-03-12,Affiliate,15189.76
2025-03-13,Affiliate,9785.1
2025-03-14,Affiliate,6373.96
2025-03-19,Affiliate,39224.33
2025-03-20,Affiliate,9264.79
2025-03-22,Affiliate,1140.85
2025-03-29,Affiliate,10348.89
2025-03-30,Affiliate,1688.4
2025-04-01,Affiliate,59137.85
2025-04-06,Affiliate,19860.01
2025-04-13,Affiliate,9540.83
2025-04-15,Affiliate,7380.05
2025-04-21,Affiliate,4139.4
2025-04-22,Affiliate,99628.08
2025-04-25,Affiliate,427.45
2025-04-27,Affiliate,21616.89
2025-05-02,Affiliate,454.3
2025-05-04,Affiliate,36548.94
2025-05-08,Affiliate,4553.615
2025-05-09,Affiliate,858.27
2025-05-12,Affiliate,47302.9
2025-05-13,Affiliate,6406.48
2025-05-14,Affiliate,11497.31
2025-05-15,Affiliate,3513.18
2025-05-20,Affiliate,7629.62
2025-05-23,Affiliate,16661.02
2025-05-27,Affiliate,3577.89
2025-05-28,Affiliate,36614.22
2025-05-30,Affiliate,5572.17
2025-06-01,Affiliate,11091.9
2025-06-02,Affiliate,6009.62
2025-06-05,Affiliate,5497.13
2025-06-07,Affiliate,18045.995
2025-06-08,Affiliate,1935.53
2025-06-14,Affiliate,113349.8
2025-06-25,Affiliate,7625.74
2025-06-26,Affiliate,1273.26
2025-06-27,Affiliate,1047.845
2025-06-29,Affiliate,294.56
2025-06-30,Affiliate,20147.36
2025-07-02,Affiliate,2713.32
2025-07-11,Affiliate,10159.18
2025-07-13,Affiliate,7482.36
2025-07-16,Affiliate,3629.27
2025-07-19,Affiliate,2318.89
2025-07-21,Affiliate,4728.385
2025-07-27,Affiliate,2648.52
2025-07-28,Affiliate,5647.46
2025-07-30,Affiliate,6806.3
2025-08-05,Affiliate,0
2025-08-07,Affiliate,4172.88
2025-08-08,Affiliate,24746.3
2025-08-11,Affiliate,7973.3
2025-08-14,Affiliate,520.38
2025-08-16,Affiliate,2323.75
2025-08-17,Affiliate,13893.01
2025-08-20,Affiliate,4218.345
2025-08-21,Affiliate,767947.80348425
2025-08-23,Affiliate,12969.13
2025-08-27,Affiliate,5663.31
2025-08-30,Affiliate,7517.9
2025-08-31,Affiliate,3796.81
2025-09-01,Affiliate,16511.72
2025-09-05,Affiliate,3320.485
2025-09-06,Affiliate,30830.945
2025-09-10,Affiliate,2177.78
2025-09-13,Affiliate,1763.44
2025-09-17,Affiliate,2060.4
2025-09-18,Affiliate,4630.99
2025-09-22,Affiliate,1081.14
2025-09-25,Affiliate,5445.175
2025-09-29,Affiliate,4090.95
2025-09-30,Affiliate,13059.05
2025-10-01,Affiliate,8403.55
2025-10-03,Affiliate,6805.21
2025-10-04,Affiliate,6009.945
2025-10-07,Affiliate,2355.91
2025-10-10,Affiliate,19026.86
2025-10-15,Affiliate,6170.79
2025-10-20,Affiliate,31194.1
2025-10-22,Affiliate,1973.61
2025-10-25,Affiliate,5215.3
2025-10-31,Affiliate,5994.87
2025-11-08,Affiliate,4734.37
2025-11-10,Affiliate,8300.05
2025-11-12,Affiliate,16544
2025-11-13,Affiliate,639.2
2025-11-14,Affiliate,11807.81
2025-11-18,Affiliate,25499.59
2025-11-27,Affiliate,1872.41
2025-11-28,Affiliate,3278.14
2025-11-30,Affiliate,57379.5
2025-12-08,Affiliate,14239.65
2025-12-13,Affiliate,1894.43
2025-12-14,Affiliate,4839.87
2025-12-15,Affiliate,10968.13
2025-12-16,Affiliate,6282.93
2025-12-23,Affiliate,638.13
2025-12-24,Affiliate,6077.76
2025-12-26,Affiliate,4404.265
2025-12-30,Affiliate,4283.21
2025-12-31,Affiliate,2399.42
2023-01-01,Direct,8067.36
2023-01-04,Direct,4843.87
2023-01-05,Direct,1918.08
2023-01-06,Direct,1982.56
2023-01-09,Direct,4621.97
2023-01-10,Direct,20422.44
2023-01-12,Direct,7983.595
2023-01-15,Direct,25470.17
2023-01-16,Direct,6269.16
2023-01-17,Direct,17874.44
2023-01-19,Direct,27741.335
2023-01-21,Direct,10558.16
2023-01-24,Direct,15852.24
2023-01-25,Direct,3055.68
2023-01-28,Direct,4553.17
2023-01-29,Direct,5425.79
2023-02-05,Direct,3863.77
2023-02-06,Direct,20320.115
2023-02-07,Direct,3512.31
2023-02-09,Direct,13375.085
2023-02-10,Direct,23870.76
2023-02-11,Direct,5090.58
2023-02-12,Direct,7697.19
2023-02-13,Direct,1994.105
2023-02-16,Direct,3392.68
2023-02-17,Direct,8858.655
2023-02-18,Direct,82940.21
2023-02-21,Direct,3176.975
2023-02-25,Direct,3445.39
2023-02-26,Direct,5542.33
2023-03-02,Direct,4322.995
2023-03-03,Direct,97657.49
2023-03-07,Direct,33493.72
2023-03-08,Direct,14992.255
2023-03-09,Direct,11735.56
2023-03-10,Direct,2385.32333333333
2023-03-11,Direct,61980.0633333333
2023-03-13,Direct,18873.34
2023-03-14,Direct,2403.76
2023-03-18,Direct,2036.24
2023-03-23,Direct,8314.06
2023-03-24,Direct,5865.53
2023-03-26,Direct,4593.0325
2023-03-27,Direct,3313.53
2023-03-28,Direct,13024.14
2023-03-29,Direct,27770.75
2023-03-30,Direct,5644.59
2023-03-31,Direct,3330.965
2023-04-01,Direct,5756.63
2023-04-02,Direct,360.66
2023-04-03,Direct,4642.66
2023-04-05,Direct,10943.8
2023-04-06,Direct,10452.555
2023-04-08,Direct,561.56
2023-04-17,Direct,6888.9
2023-04-20,Direct,49080.01
2023-04-21,Direct,4393.355
2023-04-22,Direct,22511.68
2023-05-01,Direct,283.05
2023-05-02,Direct,2454.935
2023-05-05,Direct,7177.22
2023-05-06,Direct,6923.18
2023-05-09,Direct,293136.61
2023-05-13,Direct,3927.57
2023-05-14,Direct,90737.26
2023-05-15,Direct,1501.44
2023-05-17,Direct,9123.665
2023-05-19,Direct,51315.63
2023-05-20,Direct,32710.58
2023-05-21,Direct,4674.445
2023-05-24,Direct,7424.565
2023-05-25,Direct,3175.15
2023-05-26,Direct,17144.03
2023-05-28,Direct,1325.8
2023-05-29,Direct,9067.43
2023-05-31,Direct,3547.24
2023-06-01,Direct,2997.71
2023-06-02,Direct,8517.95
2023-06-03,Direct,15341.29
2023-06-04,Direct,21055.7192838174
2023-06-05,Direct,1321.37
2023-06-06,Direct,1948.24
2023-06-07,Direct,7689.14
2023-06-08,Direct,71071.24
2023-06-10,Direct,11511.55
2023-06-14,Direct,2012.57
2023-06-15,Direct,5701.98
2023-06-18,Direct,14885.83
2023-06-20,Direct,10832.88
2023-06-21,Direct,5274.06333333333
2023-06-23,Direct,6630.08
2023-06-24,Direct,16670.68
2023-06-26,Direct,5645.94
2023-06-27,Direct,20388.8375
2023-06-28,Direct,9576.87
2023-06-30,Direct,19705.015
2023-07-01,Direct,10459.6333333333
2023-07-02,Direct,1775.25
2023-07-07,Direct,5755.27
2023-07-08,Direct,1855.365
2023-07-09,Direct,13914.65
2023-07-13,Direct,3180.71
2023-07-14,Direct,9005.18
2023-07-15,Direct,20248.39
2023-07-16,Direct,6588.86
2023-07-17,Direct,40149.68
2023-07-19,Direct,24846.8
2023-07-20,Direct,11295.89
2023-07-22,Direct,12964.89
2023-07-23,Direct,492.79
2023-07-24,Direct,3305.83333333333
2023-07-25,Direct,4017.16
2023-07-27,Direct,7157.17
2023-07-29,Direct,481.99
2023-07-30,Direct,30370.965
2023-07-31,Direct,8112.19
2023-08-01,Direct,5884.88
2023-08-03,Direct,31772.9933333333
2023-08-07,Direct,6304.12
2023-08-08,Direct,12890.15
2023-08-15,Direct,10642.76
2023-08-17,Direct,23899.855
2023-08-18,Direct,571.36
2023-08-19,Direct,44227.085
2023-08-20,Direct,6441.15
2023-08-21,Direct,47693.785
2023-08-23,Direct,5321.83
2023-08-27,Direct,5820.13
2023-08-28,Direct,581.41
2023-08-31,Direct,4650.26
2023-09-02,Direct,1747
2023-09-05,Direct,153985.28
2023-09-06,Direct,6701.22
2023-09-10,Direct,576.27
2023-09-11,Direct,7872.16
2023-09-12,Direct,1810.53
2023-09-14,Direct,6269.525
2023-09-17,Direct,1535.19
2023-09-18,Direct,0
2023-09-20,Direct,4245.12
2023-09-26,Direct,19338.5
2023-09-30,Direct,19585.91
2023-10-02,Direct,3431.97
2023-10-03,Direct,3604.44
2023-10-04,Direct,8779.57
2023-10-06,Direct,5004.4
2023-10-07,Direct,3217.46
2023-10-08,Direct,15282.5566666667
2023-10-10,Direct,6770.89
2023-10-12,Direct,4739.11
2023-10-15,Direct,3264.1
2023-10-18,Direct,828.19
2023-10-19,Direct,312.68
2023-10-21,Direct,2915.57
2023-10-22,Direct,5231.7
2023-10-24,Direct,2219.555
2023-10-25,Direct,1478.55
2023-10-26,Direct,20865.865
2023-10-28,Direct,5931.22666666667
2023-10-30,Direct,3295.06
2023-11-01,Direct,65120.77
2023-11-03,Direct,9253.68
2023-11-05,Direct,6351.585
2023-11-06,Direct,2242.33
2023-11-07,Direct,10187.91
2023-11-10,Direct,7309.76
2023-11-13,Direct,15341.37
2023-11-15,Direct,16192.8
2023-11-21,Direct,3891.81
2023-11-22,Direct,3108.8175
2023-11-25,Direct,2873.075
2023-11-27,Direct,5439.935
2023-11-28,Direct,22024.1
2023-11-29,Direct,777.04
2023-11-30,Direct,2103.69
2023-12-01,Direct,18366.57
2023-12-03,Direct,7030.67
2023-12-04,Direct,1678.73
2023-12-05,Direct,3056.7
2023-12-06,Direct,3486.28
2023-12-08,Direct,22408.08
2023-12-09,Direct,2238.33
2023-12-10,Direct,47492.725
2023-12-11,Direct,4670.92
2023-12-12,Direct,1335.21
2023-12-15,Direct,7068.21
2023-12-18,Direct,8639.46
2023-12-19,Direct,3258.105
2023-12-20,Direct,12566.26
2023-12-21,Direct,10015.935
2023-12-22,Direct,5963.06
2023-12-23,Direct,21091.1
2023-12-27,Direct,2197.44
2023-12-29,Direct,3012.54
2023-12-30,Direct,5734.99
2024-01-01,Direct,3834.61
2024-01-02,Direct,76921.0975
2024-01-07,Direct,22830.345
2024-01-09,Direct,2132.22
2024-01-10,Direct,6637.76
2024-01-14,Direct,1802.8
2024-01-15,Direct,1210.8
2024-01-16,Direct,5747.1
2024-01-17,Direct,14956.68
2024-01-18,Direct,3612.47
2024-01-20,Direct,12077.23
2024-01-21,Direct,15336.575
2024-01-23,Direct,4579.25
2024-01-25,Direct,2137.71
2024-01-26,Direct,2199.88
2024-01-27,Direct,7306.92
2024-01-31,Direct,3565.21
2024-02-01,Direct,27050.16
2024-02-03,Direct,19660.36
2024-02-04,Direct,19197.11
2024-02-05,Direct,40180.02
2024-02-09,Direct,12285.24
2024-02-10,Direct,14567.455
2024-02-13,Direct,3249.01
2024-02-16,Direct,7926.82
2024-02-17,Direct,8840.26
2024-02-18,Direct,9990.83
2024-02-19,Direct,2557.43
2024-02-20,Direct,3260.855
2024-02-23,Direct,4047.455
2024-02-28,Direct,26015.09
2024-03-01,Direct,18715.68
2024-03-02,Direct,20532.45
2024-03-03,Direct,16234.02
2024-03-06,Direct,8949.695
2024-03-07,Direct,2177.36
2024-03-08,Direct,6086.125
2024-03-09,Direct,4901.33
2024-03-11,Direct,42562.14
2024-03-12,Direct,7380.05
2024-03-14,Direct,22099.68
2024-03-15,Direct,9365.61
2024-03-16,Direct,2623.53
2024-03-19,Direct,4170.965
2024-03-20,Direct,5745.67
2024-03-21,Direct,6542.47
2024-03-23,Direct,4639.16
2024-03-25,Direct,13637.19
2024-03-28,Direct,13020.92
2024-03-29,Direct,21031.53
2024-03-30,Direct,9784.78
2024-03-31,Direct,4043.91
2024-04-01,Direct,55613.8280973793
2024-04-07,Direct,16260.135
2024-04-09,Direct,16229.73
2024-04-13,Direct,4965.66
2024-04-14,Direct,9699.08
2024-04-15,Direct,7850.79
2024-04-17,Direct,10295.58
2024-04-18,Direct,5692.16
2024-04-22,Direct,718
2024-04-23,Direct,5022.07
2024-04-24,Direct,14284.82
2024-04-26,Direct,8362.555
2024-04-27,Direct,2736.81
2024-04-29,Direct,20624.73
2024-05-01,Direct,35248.6833333333
2024-05-03,Direct,2732.7
2024-05-04,Direct,402
2024-05-05,Direct,5405.48
2024-05-06,Direct,13295.92
2024-05-11,Direct,16176.09
2024-05-14,Direct,573.31
2024-05-16,Direct,10884.145
2024-05-17,Direct,12838.31
2024-05-19,Direct,12832.095
2024-05-21,Direct,7505.988
2024-05-24,Direct,3576.44
2024-05-25,Direct,1410.53
2024-05-30,Direct,10828.225
2024-06-01,Direct,45304.83
2024-06-03,Direct,4090.81333333333
2024-06-04,Direct,63693.74
2024-06-05,Direct,8270.45
2024-06-08,Direct,1504.22
2024-06-09,Direct,11722.48
2024-06-10,Direct,5862.74
2024-06-13,Direct,8354.74
2024-06-15,Direct,7495.26
2024-06-16,Direct,7026.18333333333
2024-06-17,Direct,12405.12
2024-06-18,Direct,16611.72
2024-06-21,Direct,7137.8
2024-06-22,Direct,7653.73
2024-06-23,Direct,5572.565
2024-06-26,Direct,11706.26
2024-06-28,Direct,2814.93
2024-06-29,Direct,35331.56
2024-06-30,Direct,7124.34
2024-07-04,Direct,19561.29
2024-07-08,Direct,2903.85
2024-07-09,Direct,4433.69
2024-07-11,Direct,15848.3
2024-07-13,Direct,1341.81
2024-07-15,Direct,11497.9966666667
2024-07-16,Direct,4180.59
2024-07-19,Direct,138.16
2024-07-20,Direct,13987.4
2024-07-21,Direct,14145.98
2024-07-24,Direct,1769.57
2024-07-25,Direct,9976.55
2024-07-30,Direct,3845.86
2024-08-01,Direct,4446.86
2024-08-02,Direct,8580.45
2024-08-04,Direct,17621.2
2024-08-07,Direct,3727.74
2024-08-08,Direct,6209.1
2024-08-10,Direct,2226.34
2024-08-11,Direct,2572.61
2024-08-12,Direct,697.32
2024-08-13,Direct,1481.26
2024-08-16,Direct,1787.02
2024-08-18,Direct,15803.73
2024-08-20,Direct,9159.06
2024-08-21,Direct,30460.05
2024-08-22,Direct,4194.95
2024-08-24,Direct,3507.69
2024-08-26,Direct,5440.48666666667
2024-08-27,Direct,13355.69
2024-08-28,Direct,3137.64
2024-09-02,Direct,4626.74
2024-09-05,Direct,3509.14
2024-09-06,Direct,6638.42
2024-09-07,Direct,326.23
2024-09-09,Direct,5446.38
2024-09-12,Direct,13680.9195138579
2024-09-13,Direct,35648.65
2024-09-15,Direct,5785.86
2024-09-16,Direct,4651.21
2024-09-17,Direct,13810
2024-09-19,Direct,15934.5
2024-09-20,Direct,469.27
2024-09-25,Direct,1719.1
2024-09-28,Direct,18698.31
2024-09-30,Direct,5060.78
2024-10-01,Direct,3222.56
2024-10-02,Direct,5049.06
2024-10-03,Direct,2776
2024-10-05,Direct,3022.26
2024-10-06,Direct,4267.415
2024-10-07,Direct,19575.08
2024-10-08,Direct,44275.6
2024-10-10,Direct,1674.76
2024-10-19,Direct,4817.45
2024-10-21,Direct,1475.16
2024-10-25,Direct,3448.04
2024-10-27,Direct,6515.16333333333
2024-10-28,Direct,5135.14
2024-10-29,Direct,15809.65
2024-11-03,Direct,5030.07
2024-11-06,Direct,58494.2
2024-11-07,Direct,85942.365
2024-11-08,Direct,10617.675
2024-11-09,Direct,8005.14
2024-11-11,Direct,2403.47
2024-11-16,Direct,4417.13
2024-11-17,Direct,10711.12
2024-11-19,Direct,4083.17
2024-11-20,Direct,5717.92333333333
2024-11-24,Direct,24652.245
2024-11-28,Direct,3930.87
2024-12-03,Direct,19084.74
2024-12-07,Direct,1206.43
2024-12-08,Direct,10526.21
2024-12-09,Direct,9033.98
2024-12-14,Direct,11952.335
2024-12-15,Direct,1288.5
2024-12-16,Direct,3269.71
2024-12-17,Direct,32699.058
2024-12-18,Direct,9054.73
2024-12-19,Direct,4396.355
2024-12-22,Direct,2128.58
2024-12-23,Direct,36090.745
2024-12-24,Direct,9526.365
2024-12-29,Direct,4333.43333333333
2025-01-03,Direct,88141.0266666667
2025-01-04,Direct,29460.77
2025-01-07,Direct,4460.99
2025-01-08,Direct,12353.34
2025-01-10,Direct,2492.26
2025-01-12,Direct,9003.3
2025-01-14,Direct,6358.79
2025-01-15,Direct,12603.565
2025-01-16,Direct,2098.19
2025-01-18,Direct,3502.645
2025-01-19,Direct,11025.59
2025-01-20,Direct,26279.735
2025-01-26,Direct,21208.31
2025-01-27,Direct,9051.54
2025-01-29,Direct,6011.36
2025-01-30,Direct,42824.33
2025-02-01,Direct,9021.56
2025-02-02,Direct,9208.935
2025-02-03,Direct,21144.9
2025-02-08,Direct,179989.9
2025-02-10,Direct,7011.24
2025-02-11,Direct,2599.025
2025-02-12,Direct,3586.95
2025-02-16,Direct,2549.16
2025-02-20,Direct,27689.27
2025-02-22,Direct,6478.24
2025-02-23,Direct,9780.66
2025-02-27,Direct,5676.14
2025-02-28,Direct,1677.89
2025-03-01,Direct,22438.1
2025-03-02,Direct,27788.55
2025-03-03,Direct,49885.1633333333
2025-03-04,Direct,50580.98
2025-03-05,Direct,3135.75
2025-03-08,Direct,43232.0633333333
2025-03-09,Direct,1615.23
2025-03-10,Direct,1223.58
2025-03-11,Direct,7092.86
2025-03-13,Direct,8413.015
2025-03-15,Direct,6687.6
2025-03-16,Direct,29470.3001699376
2025-03-21,Direct,11075.1
2025-03-23,Direct,12434.515
2025-03-25,Direct,4283.49
2025-03-26,Direct,6430.02
2025-03-30,Direct,17927.915
2025-04-02,Direct,398.58
2025-04-04,Direct,15618.46
2025-04-05,Direct,28976.225
2025-04-06,Direct,26493.96
2025-04-07,Direct,14989.955
2025-04-09,Direct,5461.36
2025-04-10,Direct,6810.43
2025-04-12,Direct,36280.1533333333
2025-04-14,Direct,23345.065
2025-04-15,Direct,1295.54
2025-04-16,Direct,11237.74
2025-04-17,Direct,5534.65
2025-04-19,Direct,5123.47
2025-04-20,Direct,5673.97
2025-04-21,Direct,8583.11
2025-04-23,Direct,4165.32
2025-04-24,Direct,13316.195
2025-04-25,Direct,25895.16
2025-04-27,Direct,4012.1
2025-05-01,Direct,3483.72333333333
2025-05-02,Direct,1563.38
2025-05-03,Direct,6464.1
2025-05-04,Direct,1371.72
2025-05-06,Direct,44668.96
2025-05-10,Direct,41816.93
2025-05-11,Direct,92731.645
2025-05-15,Direct,9093.095
2025-05-16,Direct,12823.99
2025-05-19,Direct,17676.59
2025-05-21,Direct,5297.67
2025-05-23,Direct,4040.61
2025-05-24,Direct,14151.53
2025-05-25,Direct,1189.86
2025-05-26,Direct,7102.22
2025-05-27,Direct,71106.37
2025-05-28,Direct,7075.435
2025-05-29,Direct,4331.04
2025-05-30,Direct,2945.01
2025-05-31,Direct,22791.795
2025-06-01,Direct,16612.565
2025-06-03,Direct,54885.785
2025-06-04,Direct,20109.27
2025-06-09,Direct,48278.38
2025-06-11,Direct,15846.9
2025-06-12,Direct,14610.13
2025-06-13,Direct,1990.35
2025-06-14,Direct,1243.935
2025-06-15,Direct,7531.035
2025-06-16,Direct,6140.38
2025-06-17,Direct,10056.765
2025-06-18,Direct,24612.91
2025-06-19,Direct,4765.18
2025-06-22,Direct,12777.79
2025-06-24,Direct,10846.2966666667
2025-06-26,Direct,27765.94
2025-06-27,Direct,5676.14
2025-06-30,Direct,16907.105
2025-07-05,Direct,5430.15
2025-07-07,Direct,5010.17
2025-07-08,Direct,11673.54
2025-07-09,Direct,33783.59
2025-07-11,Direct,6729.77
2025-07-12,Direct,31884.55
2025-07-13,Direct,10374.47
2025-07-17,Direct,23482.66
2025-07-20,Direct,7903.82
2025-07-26,Direct,1819.58
2025-07-27,Direct,3881.43
2025-07-29,Direct,16362.575
2025-07-30,Direct,7724.6475
2025-08-02,Direct,9695.61
2025-08-03,Direct,3000.1
2025-08-07,Direct,9387.52
2025-08-08,Direct,6165.37
2025-08-11,Direct,10726.005
2025-08-13,Direct,3653.68
2025-08-14,Direct,6608.26
2025-08-15,Direct,2498.46
2025-08-16,Direct,6192.945
2025-08-18,Direct,15884.63
2025-08-19,Direct,4192.955
2025-08-25,Direct,26372.8
2025-08-26,Direct,5368.73
2025-08-28,Direct,16805.75
2025-09-01,Direct,2080.75
2025-09-02,Direct,5766.24
2025-09-03,Direct,2115.99
2025-09-04,Direct,5187.705
2025-09-08,Direct,37395.135
2025-09-10,Direct,5159.51
2025-09-11,Direct,20802.26
2025-09-16,Direct,961.76
2025-09-21,Direct,3989.7
2025-09-23,Direct,13270.285
2025-09-25,Direct,11897.76
2025-09-28,Direct,21344.42
2025-09-29,Direct,7224.67
2025-09-30,Direct,23588.07
2025-10-01,Direct,8734.47
2025-10-02,Direct,1417.555
2025-10-03,Direct,13855.95
2025-10-06,Direct,4251.88
2025-10-07,Direct,1884.94
2025-10-08,Direct,11827.07
2025-10-11,Direct,5520.71
2025-10-14,Direct,3725.98
2025-10-15,Direct,6461.32
2025-10-16,Direct,905.26
2025-10-20,Direct,4501.95
2025-10-21,Direct,742.2
2025-10-22,Direct,2310.22
2025-10-23,Direct,5770.56
2025-10-24,Direct,5561.42
2025-10-25,Direct,6765.33
2025-10-26,Direct,10323.925
2025-10-30,Direct,4964.35
2025-11-01,Direct,8357.83
2025-11-05,Direct,5529.62
2025-11-09,Direct,19441.82
2025-11-11,Direct,1738.88
2025-11-12,Direct,6581.37666666667
2025-11-13,Direct,2561.45
2025-11-15,Direct,1230.29
2025-11-16,Direct,3998.49
2025-11-17,Direct,24436.35
2025-11-18,Direct,5142.71
2025-11-20,Direct,3963.53
2025-11-21,Direct,1761.33
2025-11-23,Direct,5716.04
2025-11-24,Direct,7087.16
2025-11-26,Direct,6083.85
2025-11-29,Direct,1981.87
2025-12-03,Direct,5840.26
2025-12-04,Direct,8348.135
2025-12-06,Direct,31111.46
2025-12-07,Direct,57782.65
2025-12-09,Direct,20934.85
2025-12-11,Direct,17486.8
2025-12-14,Direct,18746.62
2025-12-16,Direct,2015.91
2025-12-17,Direct,46421.44
2025-12-18,Direct,15399.8
2025-12-19,Direct,36732.4
2025-12-20,Direct,4804.56
2025-12-21,Direct,66074.47
2025-12-22,Direct,11781.385
2025-12-24,Direct,4902.83
2025-12-25,Direct,8578.68
2025-12-27,Direct,16913.96
2025-12-29,Direct,108170.07
2025-12-31,Direct,3817.32
2023-01-01,Email,5762.28
2023-01-05,Email,1646.3
2023-01-06,Email,9399.42
2023-01-07,Email,2167.09
2023-01-10,Email,17606.72
2023-01-11,Email,5770.62
2023-01-12,Email,6585.6
2023-01-16,Email,77382.145
2023-01-22,Email,6674.26
2023-01-24,Email,11973.76
2023-01-25,Email,6245.445
2023-01-28,Email,6050.06
2023-01-29,Email,13350.27
2023-01-30,Email,11346.98
2023-02-02,Email,53262.66
2023-02-03,Email,16070.555
2023-02-05,Email,7402.18
2023-02-08,Email,20348.5266666667
2023-02-10,Email,4494.01
2023-02-12,Email,39178.8
2023-02-13,Email,7465.54
2023-02-14,Email,10953.78
2023-02-17,Email,20408.89
2023-02-21,Email,2218.09
2023-02-23,Email,14139.24
2023-03-02,Email,2643.85
2023-03-03,Email,96066.81
2023-03-04,Email,9223.04
2023-03-05,Email,3502.45
2023-03-06,Email,22886.125
2023-03-09,Email,14829.89
2023-03-11,Email,18278.47
2023-03-13,Email,52707.5
2023-03-20,Email,3338.435
2023-03-22,Email,33942.55
2023-03-23,Email,11228.32
2023-03-24,Email,31458.21
2023-03-25,Email,18019.26
2023-03-27,Email,2543.98
2023-03-30,Email,58129.71
2023-04-01,Email,28361.5
2023-04-03,Email,52988.82
2023-04-04,Email,13425.7033333333
2023-04-05,Email,23493.88
2023-04-07,Email,20237.6975
2023-04-09,Email,8687.455
2023-04-10,Email,29483.23
2023-04-11,Email,15553.93
2023-04-12,Email,3270.395
2023-04-13,Email,14067.07
2023-04-18,Email,12110.4033333333
2023-04-19,Email,9851.75
2023-04-21,Email,14408.51
2023-04-23,Email,6487.6
2023-05-01,Email,1477.04
2023-05-04,Email,47691.0366666667
2023-05-05,Email,3072.15
2023-05-06,Email,5979.94
2023-05-08,Email,12180.4
2023-05-10,Email,10606.465
2023-05-11,Email,2017.77
2023-05-13,Email,5721.85
2023-05-15,Email,2746
2023-05-16,Email,4923.49
2023-05-17,Email,2270.33
2023-05-18,Email,7483.55
2023-05-19,Email,16602.67
2023-05-21,Email,25442.895
2023-05-23,Email,14129.84
2023-05-24,Email,5540.38
2023-05-26,Email,6886.35
2023-05-28,Email,5835.08
2023-05-30,Email,26723.37
2023-05-31,Email,3960.38
2023-06-01,Email,6144.97
2023-06-02,Email,6736.75
2023-06-03,Email,9080.12
2023-06-04,Email,24604.97
2023-06-05,Email,2589.72
2023-06-06,Email,17489.88
2023-06-07,Email,11024.08
2023-06-08,Email,91806.04
2023-06-10,Email,23559.39
2023-06-11,Email,15976.87
2023-06-12,Email,93165.33
2023-06-14,Email,11298.185
2023-06-15,Email,6515.93
2023-06-16,Email,10134.55
2023-06-18,Email,6820.73
2023-06-19,Email,509.6
2023-06-20,Email,8886.44
2023-06-25,Email,6953.045
2023-06-26,Email,16353.53
2023-06-27,Email,14543.45
2023-06-28,Email,4351.97
2023-06-30,Email,15530.965
2023-07-01,Email,980.82
2023-07-02,Email,7977.25
2023-07-03,Email,5786.06
2023-07-06,Email,18487.8633333333
2023-07-07,Email,7903.89
2023-07-08,Email,10673.07
2023-07-09,Email,35754.36
2023-07-13,Email,6238.9
2023-07-14,Email,3231.98
2023-07-16,Email,12476.49
2023-07-17,Email,5074.89
2023-07-19,Email,3252.8
2023-07-23,Email,7527.9
2023-07-24,Email,49376.26
2023-07-25,Email,5967.65
2023-07-26,Email,4709.98
2023-07-27,Email,9213.55
2023-07-29,Email,4590.54
2023-07-30,Email,16134.65
2023-07-31,Email,12256.1
2023-08-03,Email,4339.67
2023-08-05,Email,15508.07
2023-08-10,Email,9167.97
2023-08-12,Email,5552.92
2023-08-13,Email,7555.015
2023-08-14,Email,37328.29
2023-08-16,Email,12786.655
2023-08-17,Email,31166.16
2023-08-18,Email,1769.28
2023-08-20,Email,7556.25
2023-08-21,Email,8632.21666666667
2023-08-22,Email,9101.9
2023-08-24,Email,3267.675
2023-08-28,Email,9149.53
2023-08-29,Email,11902.03
2023-09-02,Email,3280.99
2023-09-06,Email,895.87
2023-09-13,Email,4676.79
2023-09-14,Email,61764.57
2023-09-15,Email,3913.755
2023-09-16,Email,7000.01
2023-09-17,Email,19884.79
2023-09-18,Email,6199.76
2023-09-19,Email,16631.69
2023-09-20,Email,31457.34
2023-09-21,Email,7710.11
2023-09-23,Email,7814.78
2023-09-27,Email,2157.53
2023-09-28,Email,1006.65
2023-09-29,Email,15177.39
2023-09-30,Email,6767.56
2023-10-01,Email,30479.66
2023-10-04,Email,2398.25
2023-10-06,Email,50596.33
2023-10-08,Email,23780.16
2023-10-10,Email,2216.64
2023-10-11,Email,6120.63
2023-10-12,Email,9308.82
2023-10-13,Email,2665.7
2023-10-17,Email,16432.78
2023-10-19,Email,15065.525
2023-10-20,Email,2834.12
2023-10-21,Email,10749.28
2023-10-24,Email,7784.67
2023-10-25,Email,7822.89
2023-10-26,Email,12300.41
2023-10-27,Email,4459.84
2023-10-31,Email,2805.81
2023-11-03,Email,17812.6633333333
2023-11-04,Email,88289.51
2023-11-06,Email,2532.2
2023-11-07,Email,4875.26
2023-11-09,Email,3207.69
2023-11-10,Email,41685.34
2023-11-16,Email,12286.24
2023-11-17,Email,4097.92
2023-11-18,Email,24938.09
2023-11-19,Email,1602.86
2023-11-22,Email,9704.66
2023-11-26,Email,4132.92
2023-11-28,Email,9735.78
2023-11-30,Email,9948.05
2023-12-02,Email,18256.95
2023-12-06,Email,19785.27
2023-12-08,Email,5154.93
2023-12-12,Email,38473.985
2023-12-15,Email,13573.37
2023-12-20,Email,7420.08
2023-12-21,Email,15130.55
2023-12-22,Email,15368.41
2023-12-24,Email,11754.99
2023-12-25,Email,5804.905
2023-12-26,Email,1123.4
2023-12-27,Email,3334.72
2023-12-29,Email,713.54
2023-12-30,Email,3366.31
2024-01-01,Email,44038.39
2024-01-03,Email,10219.83
2024-01-04,Email,27419.92
2024-01-06,Email,2264.93
2024-01-08,Email,2007.68
2024-01-09,Email,30046.87
2024-01-11,Email,5131.335
2024-01-12,Email,39856.44
2024-01-14,Email,1523.62
2024-01-16,Email,57150.39
2024-01-19,Email,3709.51
2024-01-26,Email,7519.37
2024-01-27,Email,87761.95
2024-01-28,Email,14591.93
2024-02-01,Email,13913.6
2024-02-02,Email,9171.03
2024-02-04,Email,50682.89
2024-02-05,Email,1540.06
2024-02-06,Email,4979.165
2024-02-08,Email,25600.21
2024-02-09,Email,3361.16
2024-02-10,Email,8233.76
2024-02-11,Email,1249.28
2024-02-12,Email,6526.67
2024-02-13,Email,33728.94
2024-02-14,Email,62106.9
2024-02-15,Email,26072.21
2024-02-17,Email,127502.34
2024-02-19,Email,14416.53
2024-02-24,Email,24985.59
2024-02-25,Email,12272.325
2024-02-26,Email,9016.33
2024-03-03,Email,110182.14
2024-03-05,Email,11637.07
2024-03-06,Email,5535.36
2024-03-08,Email,7292.69
2024-03-12,Email,47637.37
2024-03-13,Email,19974.87
2024-03-14,Email,4987.7
2024-03-16,Email,3709.93
2024-03-17,Email,11675.13
2024-03-19,Email,30072.99
2024-03-20,Email,13772.69
2024-03-22,Email,7831.935
2024-03-23,Email,5410.33
2024-03-24,Email,11833.065
2024-03-26,Email,11162.41
2024-03-28,Email,48010.78
2024-04-02,Email,15939.93
2024-04-03,Email,3534.54
2024-04-05,Email,7406.51
2024-04-06,Email,19675.215
2024-04-07,Email,941.94
2024-04-10,Email,803
2024-04-14,Email,28311.8
2024-04-15,Email,112369.545
2024-04-16,Email,25533.415
2024-04-17,Email,1440.73
2024-04-19,Email,16225.75
2024-04-24,Email,58181.67
2024-04-26,Email,48078.605
2024-04-29,Email,49033.56
2024-04-30,Email,4664.21
2024-05-01,Email,7237.76
2024-05-02,Email,44177.53
2024-05-05,Email,8706.345
2024-05-06,Email,15972.76
2024-05-08,Email,7850.32
2024-05-13,Email,5703.52
2024-05-15,Email,9562.74
2024-05-19,Email,38867.02
2024-05-21,Email,5062.23
2024-05-22,Email,15844.615
2024-05-23,Email,8326.71
2024-05-26,Email,10830.12
2024-05-29,Email,67541.38
2024-05-30,Email,10144.42
2024-06-02,Email,11458.21
2024-06-03,Email,8488.41
2024-06-05,Email,2348.09
2024-06-08,Email,32937.155
2024-06-09,Email,66669.44
2024-06-10,Email,5381.31
2024-06-11,Email,5464.31666666667
2024-06-13,Email,6449.17
2024-06-16,Email,15708.91
2024-06-17,Email,1046039.29318914
2024-06-18,Email,13455.525
2024-06-19,Email,19204.66
2024-06-21,Email,52754.67
2024-06-25,Email,1510.01
2024-06-26,Email,311.85
2024-06-28,Email,12406.23
2024-07-03,Email,5420.46
2024-07-04,Email,77384.07
2024-07-06,Email,6902.46
2024-07-07,Email,18639.9233333333
2024-07-09,Email,49612.88
2024-07-10,Email,3286.67
2024-07-13,Email,9788.75
2024-07-14,Email,11292.54
2024-07-15,Email,24369.27
2024-07-16,Email,1996.505
2024-07-19,Email,3839.56
2024-07-20,Email,14502.6066666667
2024-07-25,Email,1064.17
2024-07-26,Email,1673.93
2024-07-27,Email,10699.34
2024-07-28,Email,6008.335
2024-07-30,Email,19148.57
2024-08-02,Email,2017.87
2024-08-04,Email,2540.74
2024-08-08,Email,13944.75
2024-08-10,Email,22300.55
2024-08-12,Email,13863.21
2024-08-13,Email,2182.42
2024-08-14,Email,23432.47
2024-08-21,Email,4547.98
2024-08-23,Email,26925.645
2024-08-28,Email,4165.575
2024-08-31,Email,5597.33
2024-09-02,Email,933.84
2024-09-03,Email,21546.11
2024-09-06,Email,59054.19
2024-09-09,Email,80650.58
2024-09-10,Email,7513.33
2024-09-12,Email,5310.005
2024-09-14,Email,5162.23
2024-09-15,Email,6184.85
2024-09-18,Email,17774.4
2024-09-19,Email,41468.87
2024-09-21,Email,5937.94
2024-09-23,Email,25972
2024-09-24,Email,32297.47
2024-09-25,Email,1094.02
2024-09-29,Email,4246.71
2024-10-01,Email,1682.94
2024-10-04,Email,1682.21
2024-10-06,Email,24334.695
2024-10-08,Email,53638.29
2024-10-09,Email,21684.14
2024-10-13,Email,2446.3
2024-10-17,Email,2342.69
2024-10-19,Email,10774.21
2024-10-20,Email,9180.49
2024-10-21,Email,12783.77
2024-10-26,Email,23686.79
2024-10-28,Email,43662.13
2024-10-30,Email,2840.93
2024-11-01,Email,9769.75
2024-11-02,Email,16715.96
2024-11-03,Email,15505.08
2024-11-05,Email,17170.62
2024-11-06,Email,12479.37
2024-11-07,Email,16690.27
2024-11-09,Email,5574.23
2024-11-11,Email,15546.97
2024-11-12,Email,19225.11
2024-11-14,Email,4223.51
2024-11-15,Email,8732.21
2024-11-16,Email,14556.11
2024-11-17,Email,2142.56
2024-11-20,Email,8048.555
2024-11-21,Email,10140.76
2024-11-22,Email,8907.785
2024-11-23,Email,16956.21
2024-11-24,Email,4295.38
2024-11-26,Email,15563.93
2024-11-28,Email,6886.16
2024-11-30,Email,2795.87
2024-12-01,Email,13863.395
2024-12-03,Email,7604.6
2024-12-04,Email,41121.4140501549
2024-12-06,Email,18515.135
2024-12-10,Email,18281.34
2024-12-12,Email,10621.045
2024-12-13,Email,59105.275
2024-12-18,Email,48795.44
2024-12-19,Email,2286.485
2024-12-20,Email,12689.4766666667
2024-12-21,Email,3286.33
2024-12-24,Email,11912.9
2024-12-25,Email,54290.73
2024-12-28,Email,12097.9933333333
2024-12-30,Email,69071.38
2025-01-01,Email,42195.45
2025-01-04,Email,9080.79
2025-01-05,Email,166511.53
2025-01-06,Email,25211.12
2025-01-11,Email,1200.8
2025-01-13,Email,10089.46
2025-01-14,Email,13431.71
2025-01-15,Email,9145.06
2025-01-18,Email,15111.22
2025-01-20,Email,18151.91
2025-01-21,Email,6513.94
2025-01-25,Email,59508.52
2025-01-26,Email,34206.06
2025-01-27,Email,5627.6
2025-01-28,Email,6440.51
2025-01-29,Email,3794.07
2025-01-30,Email,13828.1075
2025-01-31,Email,6875.72
2025-02-03,Email,4583.32
2025-02-05,Email,11391.94
2025-02-09,Email,6739.15
2025-02-12,Email,61943.47
2025-02-16,Email,6429.68
2025-02-18,Email,4639.24
2025-02-19,Email,8539.53
2025-02-23,Email,222426.93
2025-02-25,Email,6978.72
2025-03-03,Email,22627.95
2025-03-06,Email,3547.71
2025-03-07,Email,36765.81
2025-03-08,Email,130787.877167928
2025-03-09,Email,51560.4
2025-03-10,Email,42334.73
2025-03-12,Email,60701.83
2025-03-14,Email,40373.94
2025-03-15,Email,134514.43
2025-03-16,Email,724.85
2025-03-19,Email,7141.17
2025-03-21,Email,31741.93
2025-03-24,Email,4912.935
2025-03-25,Email,23671.7633333333
2025-03-27,Email,26809.96
2025-03-28,Email,10486.24
2025-04-01,Email,8191.62
2025-04-02,Email,5747.74
2025-04-04,Email,12595.585
2025-04-05,Email,43457.98
2025-04-08,Email,12591.8875
2025-04-10,Email,2079.64
2025-04-13,Email,7146.935
2025-04-14,Email,62420.86
2025-04-15,Email,2774.73
2025-04-16,Email,10024.6468460403
2025-04-17,Email,2785
2025-04-18,Email,31613.36
2025-04-20,Email,26622
2025-04-21,Email,46526.97
2025-04-22,Email,21801.41
2025-04-23,Email,8898.79
2025-04-25,Email,37860.49
2025-04-28,Email,9797.435
2025-04-29,Email,10641.12
2025-04-30,Email,27644.95
2025-05-03,Email,7626.64
2025-05-04,Email,7316.87
2025-05-08,Email,1938.04
2025-05-09,Email,4215.72
2025-05-10,Email,154386.28
2025-05-12,Email,177297.99
2025-05-14,Email,25516.44
2025-05-19,Email,12935.64
2025-05-20,Email,11340.41
2025-05-23,Email,5232.89
2025-05-24,Email,4306.46
2025-05-25,Email,12005.14
2025-05-26,Email,82594.94
2025-05-27,Email,797.93
2025-05-28,Email,90015.76
2025-05-29,Email,3912.07
2025-05-30,Email,11438.79
2025-06-02,Email,47984.43
2025-06-04,Email,14401.09
2025-06-05,Email,4088.05
2025-06-09,Email,12850.0966666667
2025-06-10,Email,3866.29
2025-06-11,Email,16947.37
2025-06-12,Email,26968.975
2025-06-13,Email,6947.42
2025-06-15,Email,7786.29
2025-06-16,Email,8265.23
2025-06-17,Email,37829.34
2025-06-18,Email,27252.92
2025-06-19,Email,4255.49
2025-06-21,Email,19820.495
2025-06-22,Email,11245.22
2025-06-23,Email,84409.66
2025-06-24,Email,29250.09
2025-06-26,Email,28543.67
2025-06-28,Email,30833.22
2025-06-29,Email,36291.26
2025-06-30,Email,56916.09
2025-07-03,Email,11713.19
2025-07-05,Email,42582.17
2025-07-12,Email,35587.98
2025-07-14,Email,7724.39
2025-07-15,Email,90973.43
2025-07-16,Email,22366.63
2025-07-21,Email,16500.115
2025-07-23,Email,16209.7466666667
2025-07-25,Email,4883.495
2025-07-26,Email,18248.1
2025-07-27,Email,10420.52
2025-07-28,Email,25181.87
2025-07-29,Email,6710.54
2025-07-31,Email,699.19
2025-08-01,Email,4987.12
2025-08-02,Email,97650.77
2025-08-03,Email,3783.41
2025-08-04,Email,19270.755
2025-08-05,Email,5219.25
2025-08-06,Email,9400.94
2025-08-10,Email,4825.25
2025-08-12,Email,2651.32
2025-08-13,Email,2518.29
2025-08-14,Email,1658.52
2025-08-16,Email,12072.8133333333
2025-08-18,Email,4154.14
2025-08-20,Email,11083.595
2025-08-21,Email,1821.16
2025-08-22,Email,138212.11
2025-08-24,Email,11058.415
2025-08-25,Email,10009.62
2025-08-27,Email,15370.9866666667
2025-08-28,Email,2064
2025-08-29,Email,1918.02
2025-08-31,Email,44719.62
2025-09-01,Email,8880.56
2025-09-03,Email,1217.41
2025-09-04,Email,12306.02
2025-09-05,Email,30044.59
2025-09-08,Email,7506.175
2025-09-10,Email,5398.78
2025-09-11,Email,9151.80666666667
2025-09-12,Email,22972.74
2025-09-15,Email,36001.085
2025-09-20,Email,6005.12
2025-09-24,Email,7660.25
2025-09-25,Email,14572.28
2025-09-26,Email,22632.11
2025-09-27,Email,7376.18
2025-09-28,Email,8729.31
2025-09-29,Email,3723.165
2025-10-02,Email,7256.15
2025-10-03,Email,8272.01
2025-10-07,Email,2698.3
2025-10-09,Email,3879.2
2025-10-10,Email,6325.29
2025-10-11,Email,4733.67
2025-10-12,Email,2306
2025-10-15,Email,18004.39
2025-10-16,Email,42569.085
2025-10-18,Email,10827.725
2025-10-20,Email,1305.41
2025-10-22,Email,40826.8166666667
2025-10-24,Email,14197.72
2025-10-25,Email,4137.03
2025-10-26,Email,1994.3
2025-10-28,Email,9309.965
2025-10-29,Email,39620.47
2025-10-31,Email,11860.3
2025-11-01,Email,20656.17
2025-11-02,Email,5822.42
2025-11-05,Email,11917.855
2025-11-06,Email,14166.605
2025-11-07,Email,11620.1
2025-11-11,Email,10988.5766666667
2025-11-12,Email,11492.67
2025-11-14,Email,14927.59
2025-11-15,Email,7897.78
2025-11-17,Email,7766.65
2025-11-18,Email,25905.07
2025-11-19,Email,6937.5
2025-11-20,Email,7323.71
2025-11-21,Email,7343.9
2025-11-22,Email,7924.145
2025-11-30,Email,11448.74
2025-12-01,Email,136840.18
2025-12-04,Email,3633.53
2025-12-05,Email,51046.24
2025-12-10,Email,44060.11
2025-12-11,Email,4965.12
2025-12-12,Email,14452.96
2025-12-15,Email,66279.71
2025-12-18,Email,2103.24
2025-12-19,Email,34954.67
2025-12-23,Email,2077.84
2025-12-24,Email,58463.75
2025-12-27,Email,4699.2
2023-01-01,Search,11842.86
2023-01-02,Search,20615.835
2023-01-04,Search,67767.555
2023-01-05,Search,31171.16
2023-01-06,Search,4828.57
2023-01-07,Search,88011.79
2023-01-08,Search,4450.41
2023-01-09,Search,9247.855
2023-01-10,Search,10887.03
2023-01-11,Search,2509.14
2023-01-12,Search,4280.39
2023-01-13,Search,17971.51
2023-01-14,Search,11176.355
2023-01-15,Search,83280.42
2023-01-16,Search,18990.83
2023-01-18,Search,11498.308
2023-01-21,Search,15619.39
2023-01-22,Search,16860.95
2023-01-23,Search,5862.2
2023-01-24,Search,28478.53
2023-01-26,Search,20350.55
2023-01-27,Search,19919.175
2023-01-28,Search,52630.36
2023-01-29,Search,11456.77
2023-01-31,Search,23184.76
2023-02-01,Search,21234.9866666667
2023-02-02,Search,144283.76
2023-02-03,Search,5177.61
2023-02-06,Search,12433.07
2023-02-07,Search,8964.96666666667
2023-02-08,Search,15064.29
2023-02-09,Search,898.57
2023-02-10,Search,10200.59
2023-02-11,Search,5354.78
2023-02-12,Search,9463.66
2023-02-13,Search,18389.4
2023-02-14,Search,3455.63
2023-02-15,Search,8131.08666666667
2023-02-16,Search,3025.27
2023-02-18,Search,32939.1
2023-02-20,Search,2303.425
2023-02-21,Search,14221.31
2023-02-22,Search,4379.54
2023-02-23,Search,18756.1475
2023-02-24,Search,8505.65
2023-02-25,Search,14827.6333333333
2023-02-27,Search,8738.38
2023-02-28,Search,12242.675
2023-03-03,Search,14613.9025
2023-03-05,Search,7775.81
2023-03-07,Search,30535.465
2023-03-08,Search,5562.56
2023-03-11,Search,8384.474
2023-03-12,Search,1206.87
2023-03-13,Search,28568.6
2023-03-16,Search,15611.31
2023-03-17,Search,5518.31
2023-03-18,Search,8308.81
2023-03-19,Search,23955.16
2023-03-20,Search,13930.0733333333
2023-03-21,Search,20906.09
2023-03-23,Search,27017.66
2023-03-25,Search,8599.29
2023-03-26,Search,6385.295
2023-03-28,Search,80216.88
2023-03-29,Search,7682.745
2023-03-30,Search,7537.4
2023-03-31,Search,14826.4166666667
2023-04-01,Search,7151.87
2023-04-02,Search,6359.34333333333
2023-04-03,Search,12440.3466666667
2023-04-04,Search,5459.65
2023-04-05,Search,5188.47
2023-04-06,Search,5985.14333333333
2023-04-07,Search,3165.55
2023-04-08,Search,11874.37
2023-04-09,Search,70467.78
2023-04-10,Search,5291.1
2023-04-11,Search,9404.62666666667
2023-04-12,Search,4915.625
2023-04-13,Search,12533.85
2023-04-14,Search,6847.9
2023-04-15,Search,25439.22
2023-04-16,Search,21809.77
2023-04-17,Search,5014.24
2023-04-18,Search,2190.38
2023-04-19,Search,15554.0433333333
2023-04-21,Search,23833
2023-04-23,Search,6738.2
2023-04-24,Search,4185.235
2023-04-26,Search,7748.655
2023-04-27,Search,7241.77
2023-04-28,Search,38083.15
2023-04-29,Search,27531.845
2023-04-30,Search,4467.535
2023-05-01,Search,95849.3
2023-05-02,Search,3763.41
2023-05-03,Search,28379.4933333333
2023-05-05,Search,17223.635
2023-05-06,Search,96510.06
2023-05-07,Search,11359.84
2023-05-08,Search,7945.485
2023-05-09,Search,19756.5
2023-05-11,Search,13006.42
2023-05-12,Search,6402.66
2023-05-13,Search,559.57
2023-05-17,Search,13012.0466666667
2023-05-18,Search,8624.26
2023-05-19,Search,31018.94
2023-05-20,Search,23086.86
2023-05-21,Search,13922.4525
2023-05-22,Search,10157.07
2023-05-23,Search,3135.22
2023-05-24,Search,5332.7
2023-05-25,Search,11738.22
2023-05-26,Search,15298.5725
2023-05-27,Search,12170.51
2023-05-28,Search,27876.52
2023-05-29,Search,15451.255
2023-05-30,Search,18965.26
2023-05-31,Search,102127.85
2023-06-01,Search,26013.5866666667
2023-06-02,Search,8334.41
2023-06-03,Search,13899.415
2023-06-04,Search,68741.37
2023-06-05,Search,20754.835
2023-06-06,Search,27550.32
2023-06-07,Search,30944.905
2023-06-08,Search,6397.89333333333
2023-06-09,Search,8017.06333333333
2023-06-10,Search,5117.505
2023-06-12,Search,3006.75
2023-06-13,Search,4167.165
2023-06-14,Search,23051.535
2023-06-15,Search,5399.6
2023-06-16,Search,5494.27
2023-06-17,Search,8818.02
2023-06-18,Search,7075.76333333333
2023-06-19,Search,126.4
2023-06-20,Search,2995.72
2023-06-21,Search,16053.57
2023-06-22,Search,29229.57
2023-06-24,Search,20243.04
2023-06-26,Search,18306.6
2023-06-29,Search,5446.66
2023-06-30,Search,57179.1751124493
2023-07-01,Search,11455.47
2023-07-02,Search,3611.365
2023-07-03,Search,29778.8825
2023-07-04,Search,10745.56
2023-07-05,Search,1758.16
2023-07-06,Search,50862.56
2023-07-07,Search,12272.86
2023-07-08,Search,10404.94
2023-07-11,Search,19407.8025
2023-07-12,Search,5688.12333333333
2023-07-13,Search,11726.6
2023-07-14,Search,5672.2
2023-07-15,Search,11750.79
2023-07-16,Search,11661.73
2023-07-17,Search,4722.34
2023-07-18,Search,14393.825
2023-07-19,Search,7039.83
2023-07-20,Search,6087.9
2023-07-21,Search,4950.94
2023-07-22,Search,8619.20333333334
2023-07-23,Search,4534.925
2023-07-24,Search,3829.53
2023-07-27,Search,2914.45
2023-07-28,Search,8359.62
2023-07-29,Search,8146.27
2023-07-30,Search,39809.02
2023-07-31,Search,22373.535
2023-08-01,Search,1939.6
2023-08-02,Search,4920.42
2023-08-03,Search,7972.095
2023-08-04,Search,6544.24044757981
2023-08-06,Search,8417.66
2023-08-07,Search,3084.28
2023-08-08,Search,6049.56
2023-08-09,Search,19272.16
2023-08-10,Search,3435.14
2023-08-12,Search,5414.07
2023-08-13,Search,3239.785
2023-08-14,Search,3707.25
2023-08-16,Search,7148.828
2023-08-17,Search,6735.63
2023-08-18,Search,965.91
2023-08-20,Search,8732.58
2023-08-21,Search,4758.1
2023-08-22,Search,528.47
2023-08-25,Search,3544.80333333333
2023-08-26,Search,61271.3633333333
2023-08-27,Search,13521.245
2023-08-28,Search,14990.64
2023-08-29,Search,3174.81
2023-08-30,Search,12690.36
2023-09-02,Search,11501.778
2023-09-03,Search,19686.565
2023-09-04,Search,19451.06
2023-09-05,Search,6012.52
2023-09-06,Search,1971.05
2023-09-07,Search,22713.43
2023-09-08,Search,8930.18333333333
2023-09-09,Search,9162.31666666667
2023-09-10,Search,3134.14
2023-09-11,Search,4851.935
2023-09-12,Search,2671.1375
2023-09-14,Search,28563.685
2023-09-15,Search,9887.28
2023-09-16,Search,292.9
2023-09-17,Search,3778.53
2023-09-18,Search,2268.18
2023-09-19,Search,351.66
2023-09-21,Search,40311.22
2023-09-23,Search,10000.28
2023-09-24,Search,3646.69
2023-09-25,Search,15237.245
2023-09-26,Search,1944.61
2023-09-27,Search,34251.66
2023-09-28,Search,6678.445
2023-09-29,Search,6146.405
2023-09-30,Search,4094.19
2023-10-02,Search,4010.98333333333
2023-10-03,Search,2465.31
2023-10-04,Search,5061.14
2023-10-06,Search,3882.83
2023-10-07,Search,10856.775
2023-10-10,Search,6208.28
2023-10-11,Search,4661.615
2023-10-12,Search,4282.46333333333
2023-10-13,Search,14848.83
2023-10-14,Search,6416.95
2023-10-15,Search,16716.43
2023-10-16,Search,5292.39
2023-10-17,Search,19052.315
2023-10-18,Search,13087.565
2023-10-19,Search,24986.6575
2023-10-20,Search,1877.14
2023-10-21,Search,1392.65
2023-10-23,Search,8107.74
2023-10-24,Search,2838.77
2023-10-26,Search,13648.715
2023-10-28,Search,16690.895
2023-10-29,Search,42108.21
2023-10-30,Search,5319.78
2023-10-31,Search,9234.53
2023-11-01,Search,7122.65
2023-11-02,Search,14451.43
2023-11-03,Search,26000.0366666667
2023-11-04,Search,26593.76
2023-11-05,Search,4413.895
2023-11-06,Search,12078.12
2023-11-07,Search,4171.11
2023-11-08,Search,4171.08
2023-11-09,Search,4574.26
2023-11-10,Search,14315.42
2023-11-12,Search,2286.53
2023-11-13,Search,9352.31
2023-11-14,Search,18004.92
2023-11-15,Search,1558.09
2023-11-16,Search,6421.98333333333
2023-11-18,Search,1763.65
2023-11-19,Search,6264.16
2023-11-20,Search,19229.935
2023-11-21,Search,6473.88
2023-11-22,Search,12314.995
2023-11-23,Search,976.62
2023-11-24,Search,11732.14
2023-11-25,Search,1611.15
2023-11-29,Search,41162.31
2023-11-30,Search,1581.1
2023-12-01,Search,11241.53
2023-12-02,Search,3541.81
2023-12-03,Search,43153.5725
2023-12-04,Search,10242.34
2023-12-07,Search,4101.76
2023-12-08,Search,6216.33
2023-12-12,Search,18793.91
2023-12-13,Search,25298.7100422694
2023-12-14,Search,5585.77
2023-12-15,Search,15701.425
2023-12-16,Search,16286.2325641432
2023-12-17,Search,6282.79
2023-12-18,Search,3461.73
2023-12-19,Search,13702.65
2023-12-20,Search,4821.32
2023-12-21,Search,13840.09
2023-12-22,Search,187674.36
2023-12-23,Search,20544.91
2023-12-26,Search,15529.9166666667
2023-12-27,Search,25047.9366666667
2023-12-28,Search,14626.0033333333
2023-12-29,Search,7843.26
2023-12-31,Search,1997.7
2024-01-01,Search,27646.61
2024-01-03,Search,82601.5225
2024-01-06,Search,13028.222
2024-01-09,Search,13616.52
2024-01-10,Search,5479.91
2024-01-12,Search,1641.05
2024-01-13,Search,6671.82
2024-01-14,Search,17457.34
2024-01-17,Search,78368.87
2024-01-19,Search,5480.26
2024-01-20,Search,6638.885
2024-01-21,Search,9175.91
2024-01-22,Search,2316.73
2024-01-23,Search,13505.475
2024-01-24,Search,52979.07
2024-01-25,Search,9967.62
2024-01-26,Search,22812.1033333333
2024-01-27,Search,32195.53
2024-01-28,Search,31324.76
2024-01-29,Search,8796.41
2024-01-31,Search,2049.8
2024-02-01,Search,48125.05
2024-02-02,Search,3081.355
2024-02-03,Search,8777.28
2024-02-04,Search,9723.67
2024-02-05,Search,8400.66666666667
2024-02-06,Search,15011.9
2024-02-08,Search,4953.29
2024-02-09,Search,19452.29
2024-02-10,Search,8436.44
2024-02-11,Search,6336.22
2024-02-14,Search,10492.37
2024-02-15,Search,11685.9
2024-02-16,Search,15629.05
2024-02-17,Search,68078.37
2024-02-19,Search,18004.895
2024-02-20,Search,11078.815
2024-02-21,Search,14176.234
2024-02-22,Search,23854.68
2024-02-23,Search,28362.12
2024-02-24,Search,14258.9733333333
2024-02-25,Search,15731.34
2024-02-27,Search,5530.62
2024-02-28,Search,17864.7433333333
2024-03-01,Search,18748.99
2024-03-02,Search,7686.18
2024-03-03,Search,17113.95
2024-03-05,Search,37587.0087705667
2024-03-07,Search,8698.5025
2024-03-08,Search,15355.31
2024-03-09,Search,17633.6
2024-03-10,Search,12891.6
2024-03-11,Search,5511.565
2024-03-12,Search,12338.5433333333
2024-03-13,Search,14295.4966666667
2024-03-14,Search,6750.94
2024-03-16,Search,3228.295
2024-03-17,Search,17722.13
2024-03-18,Search,27513.71
2024-03-20,Search,23716.765
2024-03-21,Search,42795.3166666667
2024-03-22,Search,14510.405
2024-03-23,Search,12750.4633333333
2024-03-24,Search,11989.915
2024-03-26,Search,12655.56
2024-03-27,Search,13987.9525
2024-03-28,Search,18569.53
2024-03-29,Search,38005.73
2024-03-30,Search,9043.365
2024-03-31,Search,21796.85
2024-04-01,Search,4435.435
2024-04-02,Search,17522.74
2024-04-03,Search,3870.43
2024-04-04,Search,1777.04
2024-04-05,Search,12144.86
2024-04-06,Search,7946.44
2024-04-07,Search,8435.8
2024-04-08,Search,8118.425
2024-04-09,Search,2227.22
2024-04-10,Search,24830.325
2024-04-11,Search,7088.11
2024-04-12,Search,111191.34
2024-04-14,Search,12560.28
2024-04-15,Search,17791.3433333333
2024-04-17,Search,40921.61
2024-04-18,Search,28334.0266666667
2024-04-19,Search,59987.47
2024-04-21,Search,4183.43
2024-04-22,Search,26628.02
2024-04-23,Search,56170.74
2024-04-25,Search,12003.35
2024-04-26,Search,30021.7666666667
2024-04-27,Search,69610.03
2024-04-29,Search,42185.83
2024-05-02,Search,22948.66
2024-05-04,Search,4736.44
2024-05-06,Search,15523.23
2024-05-07,Search,3094.5
2024-05-08,Search,35440.2133333333
2024-05-09,Search,354.26
2024-05-10,Search,45589.27
2024-05-12,Search,2841.28
2024-05-13,Search,7783.28
2024-05-14,Search,9442.08
2024-05-15,Search,11171.995
2024-05-16,Search,2255.68
2024-05-17,Search,15567.23
2024-05-19,Search,9964.555
2024-05-20,Search,10004.49
2024-05-22,Search,10110.07
2024-05-24,Search,1737.54
2024-05-25,Search,24508.77
2024-05-26,Search,4898.29
2024-05-27,Search,7968.36
2024-05-28,Search,7367.31
2024-05-30,Search,7426.28
2024-05-31,Search,50961.38
2024-06-02,Search,41069.8525
2024-06-03,Search,11449.35
2024-06-04,Search,5221.38
2024-06-05,Search,29890.03
2024-06-06,Search,4571.47
2024-06-07,Search,32274.57
2024-06-09,Search,8064.08
2024-06-10,Search,20782.3
2024-06-12,Search,426.28
2024-06-13,Search,7084.45333333333
2024-06-15,Search,7133.96
2024-06-16,Search,7824.05666666667
2024-06-20,Search,82206.66
2024-06-21,Search,7530.35
2024-06-23,Search,16679.485
2024-06-24,Search,14608.99
2024-06-25,Search,2592.825
2024-06-26,Search,66218.85
2024-06-27,Search,16261.09
2024-06-28,Search,10896.25
2024-06-30,Search,10956.805
2024-07-01,Search,14880.28
2024-07-02,Search,17751.58
2024-07-04,Search,4396.87
2024-07-05,Search,11675.275
2024-07-06,Search,5747.67
2024-07-07,Search,18298.7466666667
2024-07-08,Search,33884.03
2024-07-09,Search,13268.79
2024-07-13,Search,10462.2466666667
2024-07-15,Search,10831.545
2024-07-16,Search,9966.90333333333
2024-07-17,Search,10711.92
2024-07-18,Search,13425.0185714286
2024-07-19,Search,9365.82
2024-07-21,Search,33367.42
2024-07-22,Search,1507.765
2024-07-23,Search,11953.7825
2024-07-25,Search,14399.7
2024-07-26,Search,10580.7985661626
2024-07-28,Search,13497.25
2024-07-29,Search,67576.24
2024-07-30,Search,11397.32
2024-08-01,Search,10073.37
2024-08-02,Search,817.45
2024-08-03,Search,9067.29
2024-08-04,Search,9085.65
2024-08-05,Search,12409.4166666667
2024-08-06,Search,8067.07
2024-08-07,Search,18260.336
2024-08-08,Search,432.51
2024-08-09,Search,1480.98
2024-08-10,Search,14224.98
2024-08-12,Search,30714.32
2024-08-13,Search,31075.33
2024-08-14,Search,3378.11
2024-08-15,Search,1503.2
2024-08-16,Search,616884.188767727
2024-08-17,Search,3341.935
2024-08-18,Search,3771.64
2024-08-19,Search,2376.155
2024-08-20,Search,52939.03
2024-08-21,Search,2125.81
2024-08-22,Search,2646.19
2024-08-23,Search,7360.08666666667
2024-08-24,Search,10388.48
2024-08-25,Search,10127.89
2024-08-27,Search,3853.375
2024-08-28,Search,13825.98
2024-08-29,Search,13486.39
2024-08-30,Search,19150.125
2024-09-01,Search,20299.8725
2024-09-02,Search,16818.1
2024-09-03,Search,1107.14
2024-09-04,Search,11492.044
2024-09-06,Search,3313.84
2024-09-07,Search,4142.68
2024-09-08,Search,10637.0275
2024-09-09,Search,12234.17
2024-09-10,Search,9115.87666666667
2024-09-11,Search,7846.2
2024-09-12,Search,4246.21
2024-09-13,Search,7633.69
2024-09-15,Search,3123.10333333333
2024-09-16,Search,16325.065
2024-09-17,Search,6981.165
2024-09-18,Search,5256.21
2024-09-19,Search,1993.22
2024-09-20,Search,5817.4525
2024-09-21,Search,313861.94
2024-09-22,Search,6273.535
2024-09-23,Search,21332.21
2024-09-26,Search,5000.385
2024-09-27,Search,14528.2
2024-09-28,Search,57427.14
2024-09-29,Search,34428.2466666667
2024-10-01,Search,6944.62666666667
2024-10-03,Search,6980.36
2024-10-05,Search,21702.75
2024-10-06,Search,9427.65
2024-10-08,Search,6296.58
2024-10-09,Search,8824.88
2024-10-11,Search,3447.18
2024-10-12,Search,12161.295
2024-10-14,Search,10245.77
2024-10-15,Search,18520.785
2024-10-16,Search,28822.827965191
2024-10-17,Search,35233.13
2024-10-18,Search,16112.855
2024-10-20,Search,14964.47
2024-10-21,Search,10208.385
2024-10-22,Search,12503.41
2024-10-23,Search,2113.82
2024-10-24,Search,38153.1
2024-10-26,Search,610.18
2024-10-27,Search,1856.905
2024-10-28,Search,5776.575
2024-10-29,Search,42642.11
2024-10-30,Search,3401.99
2024-10-31,Search,2267.02
2024-11-01,Search,26476.935
2024-11-02,Search,3170.32
2024-11-03,Search,15083.02
2024-11-05,Search,2833.955
2024-11-06,Search,62355.43
2024-11-07,Search,10451.35
2024-11-08,Search,5528.46
2024-11-09,Search,20469.1
2024-11-10,Search,18331.83
2024-11-11,Search,849.43
2024-11-12,Search,22145.55
2024-11-13,Search,7036.34
2024-11-15,Search,44772.05
2024-11-17,Search,14853.1866666667
2024-11-18,Search,37326.7966666667
2024-11-19,Search,10389.6905524166
2024-11-20,Search,44513.485
2024-11-22,Search,107031.75
2024-11-23,Search,9124.26
2024-11-24,Search,4980.515
2024-11-25,Search,3552.28
2024-11-26,Search,16631.335
2024-11-28,Search,1946.35
2024-11-29,Search,4081.62
2024-12-01,Search,4598.11
2024-12-06,Search,9671.42
2024-12-07,Search,7713.5
2024-12-08,Search,11570.4133333333
2024-12-09,Search,5112.55
2024-12-10,Search,6727.27
2024-12-11,Search,25086.63
2024-12-12,Search,3894.44
2024-12-14,Search,31302.88
2024-12-15,Search,23007.505
2024-12-16,Search,7687.19
2024-12-17,Search,5635.16
2024-12-18,Search,15463.418
2024-12-19,Search,16683.26
2024-12-20,Search,20992.065
2024-12-21,Search,12259.03
2024-12-22,Search,11029.13
2024-12-23,Search,41383.26
2024-12-25,Search,6805.85
2024-12-26,Search,9344.33333333333
2024-12-27,Search,15158.47
2024-12-28,Search,25911.12
2024-12-29,Search,16585.84
2024-12-30,Search,10077.705
2024-12-31,Search,13640.23
2025-01-01,Search,21419.65
2025-01-02,Search,2376.605
2025-01-03,Search,2386.46
2025-01-06,Search,11389.96
2025-01-07,Search,18690.5266666667
2025-01-08,Search,26067.85
2025-01-10,Search,30402.692
2025-01-11,Search,23456.83
2025-01-12,Search,11990.33
2025-01-14,Search,6725.52
2025-01-16,Search,18324.142
2025-01-17,Search,18291.96
2025-01-18,Search,52061.115
2025-01-19,Search,4146.16
2025-01-20,Search,17140.13
2025-01-21,Search,20573.11
2025-01-22,Search,4642.45
2025-01-23,Search,10345.9775
2025-01-24,Search,7796.8
2025-01-25,Search,23613.752
2025-01-27,Search,1919.7
2025-01-28,Search,278901.07
2025-01-29,Search,23381.7
2025-01-30,Search,43800.735
2025-01-31,Search,6062.47
2025-02-02,Search,8480.705
2025-02-04,Search,30597.78
2025-02-05,Search,9299.8
2025-02-06,Search,16441.76
2025-02-07,Search,2816.535
2025-02-08,Search,12650.64
2025-02-09,Search,11458.98
2025-02-10,Search,12076.765
2025-02-11,Search,25461.24
2025-02-12,Search,22927.67
2025-02-13,Search,5846.23
2025-02-15,Search,8446.77
2025-02-16,Search,10416.605
2025-02-17,Search,22358.39
2025-02-18,Search,31257.55
2025-02-19,Search,18958.47
2025-02-20,Search,23453.86
2025-02-21,Search,7849.525
2025-02-22,Search,17026.3966666667
2025-02-23,Search,172572.275
2025-02-24,Search,56892.86
2025-02-26,Search,33676.975
2025-02-27,Search,8569.78333333333
2025-03-01,Search,12032.38
2025-03-02,Search,1632.94
2025-03-04,Search,21117.095
2025-03-05,Search,21869.34
2025-03-06,Search,37723.01
2025-03-08,Search,18091.23
2025-03-09,Search,33570.245
2025-03-11,Search,33368.7266666667
2025-03-12,Search,13603.25
2025-03-14,Search,64564.71
2025-03-15,Search,60181.7925
2025-03-16,Search,33657.41
2025-03-18,Search,7699.46
2025-03-19,Search,8362.90666666667
2025-03-21,Search,15061.91
2025-03-22,Search,5722.2
2025-03-23,Search,11048.495
2025-03-24,Search,32872.35
2025-03-25,Search,11595.48
2025-03-28,Search,7594.685
2025-03-30,Search,52917.91
2025-03-31,Search,14349.92
2025-04-01,Search,10976.495
2025-04-02,Search,56955.89
2025-04-03,Search,8561.495
2025-04-04,Search,5229.615
2025-04-06,Search,20418.8433333333
2025-04-07,Search,102768.99
2025-04-08,Search,26887.48
2025-04-09,Search,52666.84
2025-04-10,Search,2690.77
2025-04-11,Search,9292.14
2025-04-12,Search,12515.805
2025-04-13,Search,17031.49
2025-04-14,Search,53943.615
2025-04-15,Search,12029.155
2025-04-16,Search,16198.43
2025-04-17,Search,4266.525
2025-04-19,Search,13442.54
2025-04-20,Search,18962.34
2025-04-22,Search,15250.635
2025-04-23,Search,29077.26
2025-04-24,Search,4575.74
2025-04-25,Search,29612.8249853596
2025-04-26,Search,24741.2866666667
2025-04-27,Search,7790.73
2025-04-29,Search,34597.17
2025-05-01,Search,1488.5
2025-05-02,Search,21203.6
2025-05-03,Search,24918.21
2025-05-05,Search,23221.12
2025-05-06,Search,11079.08
2025-05-07,Search,2367.9
2025-05-08,Search,17577.84
2025-05-09,Search,35847.72
2025-05-10,Search,20234.2233333333
2025-05-11,Search,5384.87
2025-05-13,Search,16324.48
2025-05-14,Search,35497.94
2025-05-15,Search,22582.145
2025-05-16,Search,11927.8475
2025-05-18,Search,11148.16
2025-05-19,Search,20172.0533333333
2025-05-20,Search,7992.225
2025-05-21,Search,17403.33
2025-05-22,Search,5731.27333333333
2025-05-23,Search,5747.19666666667
2025-05-25,Search,2487.22
2025-05-26,Search,1315.94
2025-05-27,Search,29331.3133333333
2025-05-29,Search,9376.13
2025-05-30,Search,8636.3
2025-05-31,Search,3225.75
2025-06-01,Search,4110.32
2025-06-02,Search,17736.5
2025-06-04,Search,52066.54
2025-06-05,Search,7186.165
2025-06-06,Search,27946.61
2025-06-07,Search,15499.12
2025-06-08,Search,12611.25
2025-06-10,Search,13085.655
2025-06-12,Search,15896.58
2025-06-13,Search,135522.16
2025-06-16,Search,7566.07333333333
2025-06-17,Search,14789.375
2025-06-18,Search,5792.61
2025-06-19,Search,12256.3525
2025-06-20,Search,3075.665
2025-06-21,Search,26574.0433333333
2025-06-22,Search,16289.645
2025-06-23,Search,29710.205
2025-06-24,Search,33664.79
2025-06-25,Search,7961.92
2025-06-26,Search,8445.15
2025-06-27,Search,16100.09
2025-06-28,Search,2140
2025-06-30,Search,13340.875
2025-07-01,Search,12771.29
2025-07-02,Search,59978.555854313
2025-07-03,Search,9714.945
2025-07-04,Search,1657.81
2025-07-05,Search,6538.13
2025-07-06,Search,2977.78
2025-07-07,Search,4127.46
2025-07-08,Search,10501.1433333333
2025-07-10,Search,5005.8
2025-07-12,Search,4567.37
2025-07-13,Search,46937.805
2025-07-14,Search,1124.36
2025-07-15,Search,16456.77
2025-07-16,Search,10886.8375
2025-07-18,Search,20022.45
2025-07-19,Search,56851.6482745902
2025-07-20,Search,1527.94
2025-07-21,Search,25816.49
2025-07-23,Search,27643.21
2025-07-24,Search,55579.36
2025-07-25,Search,6230.745
2025-07-26,Search,39690.08
2025-07-27,Search,20040.29
2025-07-28,Search,17998.905
2025-07-30,Search,12552.1283333333
2025-07-31,Search,23260.01
2025-08-01,Search,5897.34
2025-08-02,Search,6348.18
2025-08-04,Search,17076.8633333333
2025-08-05,Search,14854.25
2025-08-06,Search,15134.32
2025-08-07,Search,4573.06
2025-08-08,Search,15072.365
2025-08-10,Search,8216.18
2025-08-11,Search,73842.77
2025-08-13,Search,29406.46
2025-08-14,Search,11045.24
2025-08-15,Search,15640.295
2025-08-16,Search,9687.76
2025-08-17,Search,2898.81
2025-08-18,Search,4576.03
2025-08-19,Search,11196.22
2025-08-20,Search,18660.89
2025-08-23,Search,2012.08
2025-08-24,Search,7905.52
2025-08-25,Search,6929.985
2025-08-26,Search,1058.9
2025-08-27,Search,11078.6923519999
2025-08-29,Search,6179.48
2025-08-30,Search,17694.2
2025-09-01,Search,6126.255
2025-09-03,Search,11765.92
2025-09-04,Search,19615.1966666667
2025-09-05,Search,3263.3
2025-09-06,Search,27726.755
2025-09-08,Search,9183.905
2025-09-09,Search,7074.44
2025-09-10,Search,19211.67
2025-09-11,Search,4629.6975
2025-09-12,Search,5010.015
2025-09-13,Search,30206.13
2025-09-14,Search,6390.97
2025-09-16,Search,4045.09
2025-09-17,Search,17796.61
2025-09-19,Search,15424.39
2025-09-20,Search,2282.67
2025-09-22,Search,3663.4
2025-09-23,Search,7595.08
2025-09-24,Search,25568.35
2025-09-26,Search,4488.24
2025-09-27,Search,26915.68
2025-09-28,Search,6414.53
2025-10-01,Search,11468.245
2025-10-02,Search,4898.42
2025-10-04,Search,123779.82
2025-10-05,Search,2027.36
2025-10-06,Search,21490.1
2025-10-08,Search,10819.55
2025-10-09,Search,9967.74
2025-10-10,Search,6517.26
2025-10-11,Search,32315.885
2025-10-12,Search,10121.4066666667
2025-10-13,Search,16247.42
2025-10-14,Search,103213.64
2025-10-15,Search,15028.5549072006
2025-10-16,Search,6505.468
2025-10-18,Search,9946.48
2025-10-20,Search,4441.325
2025-10-21,Search,37782.97
2025-10-22,Search,7392.60666666667
2025-10-24,Search,5445.69
2025-10-26,Search,2447.94
2025-10-28,Search,10319.4033333333
2025-10-31,Search,3633.98
2025-11-02,Search,14811.95
2025-11-04,Search,25224.125
2025-11-05,Search,6459.93
2025-11-06,Search,15199.83
2025-11-07,Search,4059.905
2025-11-09,Search,25124.535
2025-11-10,Search,54464.36
2025-11-11,Search,34853.4291000649
2025-11-12,Search,6271.04
2025-11-14,Search,18419.8583333333
2025-11-15,Search,3335.575
2025-11-16,Search,40305.97
2025-11-17,Search,21363.145
2025-11-18,Search,29611.02
2025-11-19,Search,30989.855
2025-11-20,Search,19473.77
2025-11-21,Search,13651.23
2025-11-22,Search,13006.41
2025-11-23,Search,8259.36
2025-11-24,Search,29275.72
2025-11-25,Search,7807.2
2025-11-26,Search,22470.1533333333
2025-11-27,Search,27701.19
2025-11-28,Search,10520.0033333333
2025-11-29,Search,7489.69
2025-12-01,Search,16606.14
2025-12-03,Search,13765.5325
2025-12-04,Search,25217.385
2025-12-05,Search,12236
2025-12-07,Search,4882.91
2025-12-08,Search,2951.55
2025-12-09,Search,4992
2025-12-10,Search,19756.77
2025-12-11,Search,6931.49333333333
2025-12-12,Search,68269.15
2025-12-13,Search,24438.57
2025-12-15,Search,10988
2025-12-17,Search,2221.7
2025-12-18,Search,22319.995
2025-12-19,Search,15201.06
2025-12-21,Search,17648.12
2025-12-22,Search,2949.86
2025-12-23,Search,27871.6133333333
2025-12-24,Search,4294.26
2025-12-25,Search,21263.39
2025-12-26,Search,7104.68666666667
2025-12-27,Search,2728.24
2025-12-28,Search,58646.13
2025-12-29,Search,12815.975
2025-12-30,Search,76924.195
2025-12-31,Search,12623.06
2023-01-01,Social,11725.19
2023-01-02,Social,6576.69
2023-01-04,Social,10480.3
2023-01-05,Social,17520.055
2023-01-06,Social,12205.165
2023-01-08,Social,28231.0666666667
2023-01-11,Social,8917.34
2023-01-13,Social,7133.65
2023-01-16,Social,99207.6
2023-01-17,Social,14921.2233333333
2023-01-18,Social,5077.27
2023-01-20,Social,7847.07333333333
2023-01-21,Social,3269.67
2023-01-23,Social,18966.72
2023-01-26,Social,13813.16
2023-01-27,Social,5599.37
2023-01-29,Social,2517.12
2023-02-02,Social,14882.94
2023-02-03,Social,17634.4
2023-02-04,Social,6450.78333333333
2023-02-07,Social,6078.1
2023-02-09,Social,18378.01
2023-02-10,Social,3204.03
2023-02-11,Social,9239.54
2023-02-12,Social,11337.55
2023-02-13,Social,12643.7975
2023-02-14,Social,6361.165
2023-02-18,Social,3885.24
2023-02-19,Social,7409.69
2023-02-20,Social,11480.43
2023-02-21,Social,2513.47
2023-02-22,Social,13402.0166666667
2023-02-23,Social,3113.95
2023-02-24,Social,23048.83
2023-02-25,Social,40129.1833333333
2023-02-26,Social,2769.96
2023-02-27,Social,4016.85
2023-03-01,Social,627.53
2023-03-02,Social,28046.02
2023-03-04,Social,16265.12
2023-03-06,Social,4608.35
2023-03-07,Social,20925.25
2023-03-08,Social,4923.975
2023-03-09,Social,7639.498
2023-03-10,Social,1601.625
2023-03-11,Social,9819.42
2023-03-12,Social,11054.97
2023-03-13,Social,10860.92
2023-03-14,Social,1657.5
2023-03-16,Social,13423.9333333333
2023-03-19,Social,17083.72
2023-03-20,Social,9305.12
2023-03-21,Social,6556.44
2023-03-22,Social,10106.7525
2023-03-24,Social,6546.29
2023-03-25,Social,22927.78
2023-03-26,Social,48410.61
2023-03-27,Social,42435.32
2023-03-28,Social,232.47
2023-03-29,Social,3437.86
2023-03-30,Social,4627.32
2023-03-31,Social,1456.21
2023-04-02,Social,5615.35
2023-04-03,Social,18076.25
2023-04-04,Social,7357.47
2023-04-07,Social,18975.46
2023-04-08,Social,12411
2023-04-11,Social,1320.45
2023-04-13,Social,6962.96
2023-04-14,Social,39805.126602979
2023-04-18,Social,16111.93
2023-04-20,Social,5058.035
2023-04-22,Social,3821.99
2023-04-23,Social,4225.8
2023-04-24,Social,5799.52
2023-04-26,Social,28691.445
2023-04-28,Social,2333.315
2023-04-29,Social,17854.78
2023-04-30,Social,9863.99666666667
2023-05-02,Social,3200.63
2023-05-04,Social,4379.185
2023-05-06,Social,3434.66
2023-05-07,Social,12994.89
2023-05-08,Social,3942.765
2023-05-09,Social,1317.23
2023-05-13,Social,3077.08
2023-05-14,Social,2171.8
2023-05-15,Social,16274.34
2023-05-16,Social,22972.85
2023-05-17,Social,8900.56
2023-05-18,Social,2541.2
2023-05-19,Social,4875.76
2023-05-20,Social,5972.4325
2023-05-23,Social,11301.54625
2023-05-25,Social,44331.78
2023-05-26,Social,8084.595
2023-05-27,Social,3252.75
2023-05-29,Social,6440.995
2023-05-31,Social,4549.725
2023-06-02,Social,2171.12
2023-06-04,Social,2028.5
2023-06-05,Social,21637.215
2023-06-06,Social,21652.88
2023-06-07,Social,12322.65
2023-06-09,Social,5553.465
2023-06-10,Social,1792.32
2023-06-11,Social,5300.65
2023-06-12,Social,983.57
2023-06-13,Social,6706.9
2023-06-14,Social,22091.8
2023-06-16,Social,481.62
2023-06-18,Social,8914.29
2023-06-19,Social,2610.47
2023-06-20,Social,27226.28
2023-06-21,Social,7436.13
2023-06-22,Social,6008.53
2023-06-23,Social,2096.6
2023-06-24,Social,26934.51
2023-06-25,Social,9733.25
2023-06-27,Social,9768.33
2023-06-28,Social,5544.84
2023-06-29,Social,23165.478535561
2023-06-30,Social,6892.02
2023-07-01,Social,12784.8
2023-07-02,Social,2556.075
2023-07-03,Social,10108.5648673549
2023-07-04,Social,5973.47
2023-07-05,Social,12940.59
2023-07-06,Social,19152.61
2023-07-07,Social,9383.345
2023-07-11,Social,4709.81
2023-07-12,Social,5803.365
2023-07-14,Social,3201.27
2023-07-16,Social,33633
2023-07-17,Social,2868.68666666667
2023-07-18,Social,1201.81
2023-07-19,Social,6971.16
2023-07-20,Social,5922.55
2023-07-21,Social,50018.8
2023-07-22,Social,5507.33
2023-07-23,Social,9373.61
2023-07-24,Social,1749.76
2023-07-25,Social,5194.23
2023-07-26,Social,4241.47
2023-07-27,Social,2281.11
2023-07-31,Social,11581.19
2023-08-01,Social,13826.66
2023-08-04,Social,4906.24
2023-08-05,Social,8865.668
2023-08-06,Social,7798.73
2023-08-07,Social,5734.3
2023-08-08,Social,7717.3
2023-08-09,Social,1493.77
2023-08-11,Social,4940.97
2023-08-12,Social,2986.26
2023-08-14,Social,16407.56
2023-08-17,Social,4932.225
2023-08-18,Social,512.53
2023-08-19,Social,42801.6533333333
2023-08-21,Social,5646.04
2023-08-22,Social,1651.642
2023-08-23,Social,2441.12
2023-08-24,Social,4717.915
2023-08-26,Social,5644.75
2023-08-27,Social,19797.8729152242
2023-08-28,Social,23650.24
2023-08-29,Social,4116.365
2023-08-31,Social,2473.02
2023-09-01,Social,9350.95333333333
2023-09-02,Social,539.72
2023-09-03,Social,7507.32666666667
2023-09-07,Social,1737.47
2023-09-09,Social,658.19
2023-09-11,Social,4060.54
2023-09-12,Social,9600.26
2023-09-13,Social,13355.38
2023-09-15,Social,8393.605
2023-09-16,Social,15846.07
2023-09-17,Social,6085.05
2023-09-18,Social,7066.02666666667
2023-09-20,Social,5719.275
2023-09-21,Social,19474.3233333333
2023-09-22,Social,8812.815
2023-09-23,Social,27783.39
2023-09-24,Social,581.21
2023-09-26,Social,10532.865
2023-09-30,Social,32807.47
2023-10-01,Social,4485.52
2023-10-02,Social,13837.71
2023-10-04,Social,136.58
2023-10-05,Social,6528.41
2023-10-06,Social,2811.98
2023-10-07,Social,11718.785
2023-10-09,Social,134714.69
2023-10-11,Social,3187.31
2023-10-13,Social,34208.105
2023-10-14,Social,1060.81
2023-10-15,Social,2277.325
2023-10-17,Social,10589.32
2023-10-19,Social,3080.7
2023-10-22,Social,51093.65
2023-10-23,Social,6405.68
2023-10-24,Social,4252.43
2023-10-25,Social,2833.32333333333
2023-10-26,Social,1687.27
2023-10-27,Social,5839.96
2023-10-28,Social,6347.555
2023-10-31,Social,6046.42666666667
2023-11-01,Social,2625.89
2023-11-02,Social,29482.11
2023-11-03,Social,5450.23
2023-11-04,Social,3760.2
2023-11-05,Social,4126.6
2023-11-09,Social,1350.96
2023-11-10,Social,2382.545
2023-11-11,Social,5587.15
2023-11-12,Social,5656.35
2023-11-13,Social,10813.93
2023-11-14,Social,4225.39
2023-11-15,Social,4188.62
2023-11-16,Social,11086.24
2023-11-17,Social,22313.065
2023-11-18,Social,6660.43
2023-11-19,Social,33455.72
2023-11-20,Social,1973.85
2023-11-22,Social,4537
2023-11-23,Social,14212.51
2023-11-24,Social,1220.09
2023-11-25,Social,2571.8
2023-11-26,Social,9276.815
2023-11-27,Social,2907.65
2023-11-29,Social,6313.64333333333
2023-11-30,Social,12234.325
2023-12-01,Social,3746.31
2023-12-03,Social,3170.59666666667
2023-12-04,Social,3683.155
2023-12-05,Social,6692.85
2023-12-06,Social,14749.32
2023-12-07,Social,0
2023-12-08,Social,1757.49
2023-12-10,Social,2294.61
2023-12-12,Social,5784.85
2023-12-14,Social,14990.88
2023-12-17,Social,25165.92
2023-12-20,Social,1693.4
2023-12-22,Social,2821.91
2023-12-26,Social,6482.485
2023-12-28,Social,27585.79
2023-12-30,Social,8661.5
2023-12-31,Social,11160.97
2024-01-01,Social,4330.39
2024-01-02,Social,11262.5033333333
2024-01-04,Social,8982.99
2024-01-07,Social,33988.52
2024-01-08,Social,626.04
2024-01-11,Social,21508.79
2024-01-13,Social,11007.02
2024-01-15,Social,9193.01
2024-01-17,Social,3237.35
2024-01-18,Social,2783.44
2024-01-19,Social,19223.85
2024-01-20,Social,11179.16
2024-01-23,Social,7789.68
2024-01-24,Social,8192.015
2024-01-25,Social,7685.43
2024-01-26,Social,37825.38
2024-01-27,Social,19837.89
2024-01-28,Social,2400.55
2024-01-29,Social,52951.85
2024-01-30,Social,3330.59
2024-01-31,Social,5090.51
2024-02-02,Social,4546.705
2024-02-04,Social,8794.68
2024-02-05,Social,9553.64
2024-02-07,Social,760.26
2024-02-10,Social,3138.57
2024-02-11,Social,10786.11
2024-02-13,Social,9517.65
2024-02-14,Social,29660.14
2024-02-16,Social,3548.62
2024-02-17,Social,3661.845
2024-02-19,Social,5459.425
2024-02-24,Social,4840.58
2024-02-26,Social,3264.59
2024-02-28,Social,2355.87
2024-02-29,Social,7637.89
2024-03-01,Social,68272.2
2024-03-02,Social,48134.21
2024-03-03,Social,11539.76
2024-03-04,Social,958.47
2024-03-07,Social,28577.585
2024-03-08,Social,14599.3566666667
2024-03-09,Social,6487.29
2024-03-10,Social,10831.82
2024-03-12,Social,4289.845
2024-03-13,Social,7321.24
2024-03-19,Social,4891.58
2024-03-20,Social,11523.965
2024-03-21,Social,6350.22
2024-03-22,Social,13369.39
2024-03-23,Social,3587.19
2024-03-24,Social,27595.79
2024-03-25,Social,5867
2024-03-27,Social,11995.06
2024-03-29,Social,18925.935
2024-03-30,Social,10066.91
2024-04-01,Social,12250.89
2024-04-02,Social,8294.23333333333
2024-04-03,Social,633.21
2024-04-04,Social,8778.50666666667
2024-04-06,Social,23411.005
2024-04-07,Social,17694.11
2024-04-09,Social,3720.96
2024-04-10,Social,16775.16
2024-04-12,Social,13871.92
2024-04-13,Social,21145.43
2024-04-14,Social,7040.47
2024-04-15,Social,2598.3
2024-04-16,Social,15536.59
2024-04-18,Social,15678.165
2024-04-19,Social,12804.77
2024-04-20,Social,7713.71
2024-04-21,Social,441.35
2024-04-22,Social,55663.605
2024-04-23,Social,1073.43
2024-04-24,Social,11894.86
2024-04-25,Social,7073.72
2024-04-28,Social,0
2024-04-29,Social,6646.975
2024-05-02,Social,8435.4
2024-05-06,Social,5523.48
2024-05-09,Social,4173.7
2024-05-10,Social,3380.995
2024-05-11,Social,28077.87
2024-05-12,Social,19922.02
2024-05-13,Social,22227.39
2024-05-17,Social,2693.61
2024-05-18,Social,1812.47
2024-05-20,Social,77066.25
2024-05-21,Social,3570.995
2024-05-23,Social,10059.36
2024-05-24,Social,10613.37
2024-05-25,Social,16398.42
2024-05-28,Social,10177.97
2024-05-30,Social,3318.39
2024-05-31,Social,4746.88
2024-06-01,Social,5491.535
2024-06-02,Social,2586.205
2024-06-03,Social,13891.82
2024-06-04,Social,16331.525
2024-06-05,Social,6181.66
2024-06-06,Social,23716
2024-06-08,Social,5499.82
2024-06-13,Social,40370.74
2024-06-16,Social,8622.31
2024-06-19,Social,1689.65
2024-06-23,Social,6800.48
2024-06-24,Social,4089.79333333333
2024-06-25,Social,10639.28
2024-06-26,Social,6004.07
2024-06-27,Social,40933.559907334
2024-06-28,Social,895
2024-06-29,Social,549.61
2024-06-30,Social,8096.946
2024-07-01,Social,1864.02
2024-07-03,Social,5029.82666666667
2024-07-05,Social,16882.265
2024-07-06,Social,11730.5366666667
2024-07-07,Social,7890.67
2024-07-08,Social,1568.19
2024-07-10,Social,4891.4
2024-07-12,Social,3265.19
2024-07-13,Social,67334.6
2024-07-15,Social,2421.75
2024-07-16,Social,19114.71
2024-07-17,Social,6692.15333333333
2024-07-18,Social,5766.415
2024-07-19,Social,5321.17
2024-07-21,Social,76789.27
2024-07-22,Social,3941.75
2024-07-23,Social,49052.93
2024-07-24,Social,326.56
2024-07-25,Social,4372.71
2024-07-30,Social,2701.10333333333
2024-07-31,Social,8475.69333333333
2024-08-01,Social,7396.38
2024-08-02,Social,3841.85
2024-08-05,Social,4128.79
2024-08-06,Social,736.45
2024-08-07,Social,8147.97
2024-08-09,Social,4866.9
2024-08-10,Social,2811.62
2024-08-13,Social,2814.99
2024-08-14,Social,26218.5
2024-08-15,Social,4389.86
2024-08-17,Social,28012.39
2024-08-18,Social,2796.81
2024-08-19,Social,14442.2833333333
2024-08-20,Social,5288.41
2024-08-21,Social,463.91
2024-08-22,Social,3589.625
2024-08-23,Social,1015.51
2024-08-24,Social,43899.49
2024-08-26,Social,86845.44
2024-08-28,Social,15849.11
2024-08-29,Social,1949.895
2024-09-03,Social,159.94
2024-09-04,Social,3742.57
2024-09-05,Social,5144.12
2024-09-06,Social,13200.53
2024-09-07,Social,1727.88
2024-09-08,Social,10544.865
2024-09-09,Social,3801.125
2024-09-11,Social,0
2024-09-14,Social,27603.06
2024-09-15,Social,2130.24
2024-09-16,Social,784.81
2024-09-17,Social,19614.163876269
2024-09-19,Social,5764.44666666667
2024-09-21,Social,3622.57
2024-09-22,Social,2254.66
2024-09-23,Social,8761.78
2024-09-24,Social,3303.8475
2024-09-25,Social,20728.05
2024-09-26,Social,3239.56
2024-09-27,Social,7001.76
2024-09-28,Social,3766.31
2024-10-03,Social,5278.305
2024-10-04,Social,8597.99
2024-10-05,Social,2517.005
2024-10-08,Social,12919.615
2024-10-09,Social,1116.06
2024-10-10,Social,321.04
2024-10-13,Social,2621.95
2024-10-14,Social,23185.12
2024-10-15,Social,5514.315
2024-10-19,Social,23445.49
2024-10-20,Social,6789.095
2024-10-21,Social,20876.79
2024-10-23,Social,2503.92333333333
2024-10-25,Social,6498.19
2024-10-27,Social,2949.875
2024-10-28,Social,15606.805
2024-10-29,Social,2491.03333333333
2024-10-31,Social,5264.43333333333
2024-11-02,Social,4609.36
2024-11-03,Social,17098.17
2024-11-04,Social,3169.7
2024-11-05,Social,21477.98
2024-11-06,Social,711.6
2024-11-07,Social,36424.535
2024-11-08,Social,11190.58
2024-11-09,Social,2716
2024-11-10,Social,52835.96
2024-11-11,Social,22375.14
2024-11-12,Social,8017.52
2024-11-14,Social,11195.32
2024-11-15,Social,7246.65
2024-11-16,Social,5114.73
2024-11-17,Social,2895.53
2024-11-18,Social,847.06
2024-11-19,Social,5250.115
2024-11-20,Social,190953.07
2024-11-21,Social,3236.44
2024-11-22,Social,13956.22
2024-11-24,Social,2069.06
2024-11-27,Social,872.36
2024-11-28,Social,8490.39
2024-11-30,Social,3083.03
2024-12-01,Social,17617.89
2024-12-02,Social,2007.31
2024-12-03,Social,3391.55
2024-12-04,Social,8290.13
2024-12-06,Social,25544.0633333333
2024-12-07,Social,4664
2024-12-09,Social,7895.425
2024-12-10,Social,3246.185
2024-12-11,Social,6321.32
2024-12-13,Social,4341.485
2024-12-14,Social,13811.2533333333
2024-12-15,Social,3062.79
2024-12-16,Social,4947.905
2024-12-17,Social,5563.185
2024-12-19,Social,6282.42
2024-12-20,Social,45238.54
2024-12-23,Social,2452.52
2024-12-24,Social,5129.57333333333
2024-12-26,Social,10662.75
2024-12-27,Social,6685.48
2024-12-28,Social,5711.515
2024-12-29,Social,4508.51
2024-12-30,Social,2108.115
2024-12-31,Social,22772.46
2025-01-02,Social,13229.29
2025-01-04,Social,2062.47
2025-01-05,Social,4634.24
2025-01-06,Social,5627.62
2025-01-07,Social,5561.32666666667
2025-01-08,Social,5058.61
2025-01-10,Social,2312.75
2025-01-15,Social,6046.75
2025-01-16,Social,14864.43
2025-01-17,Social,11084.475
2025-01-18,Social,5058.19
2025-01-19,Social,22809.6466666667
2025-01-20,Social,6924.915
2025-01-21,Social,14992.05
2025-01-22,Social,6842.31
2025-01-23,Social,4384.24
2025-01-26,Social,16394.4
2025-01-27,Social,17747.8
2025-01-28,Social,22093.3433333333
2025-01-30,Social,2097.81
2025-02-02,Social,982.19
2025-02-03,Social,15124.44
2025-02-05,Social,3245.13
2025-02-08,Social,5200.84
2025-02-09,Social,12717.315
2025-02-10,Social,30138.8
2025-02-11,Social,17926.8
2025-02-12,Social,28433.35
2025-02-13,Social,41575.575
2025-02-15,Social,57792.78
2025-02-16,Social,8502
2025-02-17,Social,5396.65
2025-02-18,Social,32660.37
2025-02-19,Social,23642.98
2025-02-20,Social,2105.03
2025-02-21,Social,12353.8978253308
2025-02-22,Social,8165.56
2025-02-23,Social,9703.194
2025-02-25,Social,14264.48
2025-02-28,Social,3854.76
2025-03-03,Social,18623.81
2025-03-05,Social,3761.55
2025-03-06,Social,10787.54
2025-03-07,Social,4573.02333333333
2025-03-08,Social,14358.765
2025-03-10,Social,17797.93
2025-03-12,Social,3253.86
2025-03-14,Social,43966.11
2025-03-17,Social,8499.75
2025-03-19,Social,27630.08
2025-03-20,Social,2023.25
2025-03-21,Social,17101.53
2025-03-23,Social,2203.76
2025-03-25,Social,6388.76
2025-03-26,Social,6258.82
2025-03-27,Social,12585.315
2025-03-28,Social,6689.12
2025-03-29,Social,31328.8
2025-03-31,Social,6169.53
2025-04-01,Social,33743.225815562
2025-04-02,Social,4517.67
2025-04-03,Social,3543.99
2025-04-04,Social,4039.01
2025-04-06,Social,63983.59
2025-04-07,Social,4101.485
2025-04-09,Social,35439.855
2025-04-10,Social,9147.34333333333
2025-04-11,Social,14671.95
2025-04-13,Social,756.31
2025-04-14,Social,1417
2025-04-15,Social,29637.0033333333
2025-04-16,Social,7410.425
2025-04-17,Social,5415.57
2025-04-19,Social,2394.91
2025-04-20,Social,12383.93
2025-04-21,Social,652.56
2025-04-22,Social,13001.07
2025-04-23,Social,15699.77
2025-04-24,Social,7701.08
2025-04-25,Social,14630.1133333333
2025-04-26,Social,1853.63
2025-04-27,Social,11621.71
2025-04-28,Social,2858.72
2025-05-02,Social,2078.94
2025-05-03,Social,6112.09
2025-05-04,Social,18093.16
2025-05-05,Social,2010.1075
2025-05-06,Social,4806.29
2025-05-08,Social,10165.41
2025-05-09,Social,7502.52
2025-05-10,Social,2686.015
2025-05-12,Social,1815.96
2025-05-14,Social,7145.81
2025-05-15,Social,6371.04
2025-05-16,Social,2799.035
2025-05-18,Social,11092.25
2025-05-20,Social,6007.1
2025-05-21,Social,19329.74
2025-05-22,Social,12248.72
2025-05-23,Social,13357.91
2025-05-24,Social,69100.41
2025-05-25,Social,5697.62
2025-05-26,Social,4459.8
2025-05-27,Social,19490.72
2025-05-28,Social,12848.44
2025-05-29,Social,5057.64
2025-05-30,Social,18512.7533333333
2025-06-02,Social,656.65
2025-06-03,Social,21330.5466666667
2025-06-04,Social,9318.77
2025-06-06,Social,23049.47
2025-06-07,Social,1034.9
2025-06-08,Social,20937.3
2025-06-09,Social,7756.03
2025-06-10,Social,1297.11
2025-06-11,Social,26840.875
2025-06-13,Social,6223.44
2025-06-14,Social,4449.09
2025-06-16,Social,4711.68
2025-06-18,Social,892.15
2025-06-19,Social,9807.355
2025-06-21,Social,49935.695
2025-06-22,Social,18424.37
2025-06-23,Social,7451.91
2025-06-24,Social,11747.72
2025-06-26,Social,16306.42
2025-06-27,Social,21217.8966666667
2025-06-29,Social,10466.11
2025-06-30,Social,3027.58
2025-07-05,Social,11983.84
2025-07-07,Social,7273.35
2025-07-08,Social,8773.86
2025-07-09,Social,4811.62
2025-07-10,Social,1034.405
2025-07-12,Social,419.36
2025-07-13,Social,3340.495
2025-07-15,Social,897.05
2025-07-22,Social,1087.11
2025-07-23,Social,2375.69
2025-07-24,Social,10390.34
2025-07-27,Social,3135.705
2025-07-31,Social,718.85
2025-08-01,Social,8202.19
2025-08-02,Social,1141.99
2025-08-05,Social,3020.68
2025-08-06,Social,15746.15
2025-08-08,Social,2454.58
2025-08-09,Social,6711.88
2025-08-12,Social,28099.4333333333
2025-08-13,Social,8490.03666666667
2025-08-14,Social,13888
2025-08-15,Social,9413.935
2025-08-16,Social,4774.09666666667
2025-08-17,Social,3533.2
2025-08-18,Social,8663.56
2025-08-19,Social,2939.19
2025-08-21,Social,4471.46
2025-08-22,Social,2690.15
2025-08-26,Social,6926.9025
2025-08-28,Social,9268.085
2025-09-02,Social,7278.0575
2025-09-03,Social,19740.53
2025-09-04,Social,9020.51
2025-09-05,Social,4216.3
2025-09-06,Social,4846.09
2025-09-07,Social,406.72
2025-09-08,Social,455.42
2025-09-10,Social,9593.97
2025-09-11,Social,13518.45
2025-09-12,Social,12131.085
2025-09-14,Social,13868.3533333333
2025-09-15,Social,2964.96
2025-09-16,Social,12150.35
2025-09-17,Social,9793.765
2025-09-18,Social,16127.15
2025-09-19,Social,13584.42
2025-09-20,Social,47958.315
2025-09-22,Social,14049.88
2025-09-24,Social,22949.79
2025-09-28,Social,2325.49
2025-09-29,Social,250.02
2025-10-01,Social,1492.66
2025-10-03,Social,12516.9833333333
2025-10-04,Social,7761.025
2025-10-07,Social,3300.11
2025-10-08,Social,27072.085
2025-10-10,Social,3843.16
2025-10-11,Social,1305.88
2025-10-12,Social,2043.215
2025-10-13,Social,883.52
2025-10-15,Social,11014.61
2025-10-16,Social,12186.93
2025-10-17,Social,22806.03
2025-10-18,Social,1223.07
2025-10-19,Social,39315.665
2025-10-21,Social,864.39
2025-10-22,Social,6281.875
2025-10-23,Social,18650.09
2025-10-25,Social,2427.26
2025-10-26,Social,125973.205
2025-10-27,Social,2734.37
2025-10-28,Social,2396.4
2025-10-29,Social,2976.34
2025-10-30,Social,14270.01
2025-10-31,Social,2813.235
2025-11-02,Social,5815.69
2025-11-03,Social,31765.365
2025-11-04,Social,7850.7
2025-11-06,Social,16159.8
2025-11-08,Social,4480.95
2025-11-10,Social,10015.7
2025-11-11,Social,6678.59
2025-11-13,Social,2722.57
2025-11-14,Social,5289.48
2025-11-16,Social,5163.08
2025-11-18,Social,868.13
2025-11-20,Social,2662.48
2025-11-22,Social,20070.6133333333
2025-11-24,Social,2829.39
2025-11-25,Social,10207.97
2025-11-26,Social,8667.86
2025-11-27,Social,8361.5
2025-11-28,Social,16469.055
2025-11-29,Social,1619.96
2025-11-30,Social,22609.77
2025-12-01,Social,6621.24
2025-12-02,Social,9019.32
2025-12-03,Social,9788.67
2025-12-04,Social,9895.95
2025-12-05,Social,4125.34
2025-12-06,Social,13547.71
2025-12-08,Social,31902.49
2025-12-10,Social,22273.24
2025-12-12,Social,23560.2833333333
2025-12-13,Social,14648.09
2025-12-14,Social,7653.085
2025-12-17,Social,5930.855
2025-12-20,Social,3582.39
2025-12-22,Social,9687.74
2025-12-23,Social,8747.4
2025-12-24,Social,2971.82
2025-12-25,Social,34550.36
2025-12-26,Social,11943.99
2025-12-27,Social,21167.75
2025-12-28,Social,1155.41
2025-12-29,Social,23793.355
2025-12-30,Social,2820.67
2025-12-31,Social,2796.97
