event_date,ctr
2023-01-01,0.0417081710716505
2023-01-02,0.0329065866703026
2023-01-04,0.0397323212437166
2023-01-05,0.0276352902293349
2023-01-06,0.0368252001900035
2023-01-07,0.0313305957460609
2023-01-08,0.0248713983861359
2023-01-09,0.0434025563847922
2023-01-10,0.0367526803644948
2023-01-11,0.0287364436712333
2023-01-12,0.0277211984462437
2023-01-13,0.0463022789704752
2023-01-14,0.0303379931483109
2023-01-15,0.0361024372209061
2023-01-16,0.0317835148951957
2023-01-17,0.0329396731386941
2023-01-18,0.0333523305432527
2023-01-19,0.027825231884912
2023-01-20,0.0393658194922042
2023-01-21,0.0344124154166686
2023-01-22,0.0411507373837296
2023-01-23,0.0281111115487063
2023-01-24,0.0464588108582273
2023-01-25,0.0348512466084253
2023-01-26,0.0390732788290774
2023-01-27,0.0421430396994354
2023-01-28,0.0438343648328017
2023-01-29,0.035004776226682
2023-01-30,0.0276718730783422
2023-01-31,0.0579323388838193
2023-02-01,0.0393251344742106
2023-02-02,0.0396206096258695
2023-02-03,0.0373443107227665
2023-02-04,0.0297994061722946
2023-02-05,0.041416759946395
2023-02-06,0.0409868396474923
2023-02-07,0.0334429212586664
2023-02-08,0.0402593760541769
2023-02-09,0.0419746236027275
2023-02-10,0.0403682609615923
2023-02-11,0.0381106049797117
2023-02-12,0.0410959333519892
2023-02-13,0.0304779160540233
2023-02-14,0.0406277854269723
2023-02-15,0.0441572854739645
2023-02-16,0.0334805269422115
2023-02-17,0.0374859615647611
2023-02-18,0.0399335826700431
2023-02-19,0.0138981691834826
2023-02-20,0.0322341146051961
2023-02-21,0.0318936122437704
2023-02-22,0.0302903599457162
2023-02-23,0.0386437114280689
2023-02-24,0.0430406884594595
2023-02-25,0.0381214715928506
2023-02-26,0.0371225934280836
2023-02-27,0.0386933148694481
2023-02-28,0.0372104705699202
2023-03-01,0.0274894271434064
2023-03-02,0.0352658957039116
2023-03-03,0.0442126430002758
2023-03-04,0.034655209621335
2023-03-05,0.0305922382130894
2023-03-06,0.0339299214794105
2023-03-07,0.0367501164582962
2023-03-08,0.0271899153671783
2023-03-09,0.0344953977682149
2023-03-10,0.0346975440511872
2023-03-11,0.0341360733448128
2023-03-12,0.0524792698536369
2023-03-13,0.0347352943242767
2023-03-14,0.0285538459397502
2023-03-16,0.0279127432437922
2023-03-17,0.0429531160663236
2023-03-18,0.038125050114247
2023-03-19,0.0386015580636002
2023-03-20,0.0311374632721696
2023-03-21,0.0407776306570672
2023-03-22,0.0428332328020367
2023-03-23,0.0367711062997111
2023-03-24,0.0355037027481673
2023-03-25,0.0332763029558402
2023-03-26,0.0321732171333304
2023-03-27,0.0424092442216879
2023-03-28,0.0364175240378478
2023-03-29,0.0433736333870658
2023-03-30,0.0308512332379268
2023-03-31,0.0342406395719671
2023-04-01,0.0310612683183883
2023-04-02,0.0306250273477927
2023-04-03,0.0354326663634501
2023-04-04,0.0275089693657851
2023-04-05,0.033147722937231
2023-04-06,0.0304293937164656
2023-04-07,0.0374125543665445
2023-04-08,0.0367763764778122
2023-04-09,0.0342509326772501
2023-04-10,0.032151326480348
2023-04-11,0.0285780727346821
2023-04-12,0.0333872194508748
2023-04-13,0.0349355274215755
2023-04-14,0.0352426466633996
2023-04-15,0.0369343212982268
2023-04-16,0.0494068789552444
2023-04-17,0.0364647107770714
2023-04-18,0.0333108164862349
2023-04-19,0.0439065941276116
2023-04-20,0.0345674461598892
2023-04-21,0.0400489254847106
2023-04-22,0.0294833357160218
2023-04-23,0.0320202828872497
2023-04-24,0.0362633169250213
2023-04-26,0.0314489081734656
2023-04-27,0.0629573631690354
2023-04-28,0.0359276746919271
2023-04-29,0.0434963478676436
2023-04-30,0.0408609342159682
2023-05-01,0.0320308477309623
2023-05-02,0.0311313145461068
2023-05-03,0.0306535788575175
2023-05-04,0.0296676565466818
2023-05-05,0.0394984367520453
2023-05-06,0.0363378919834172
2023-05-07,0.0335167748666807
2023-05-08,0.0262934232561819
2023-05-09,0.0302172568749661
2023-05-10,0.0292085698872056
2023-05-11,0.0315119236877025
2023-05-12,0.0400953791908342
2023-05-13,0.0280396024500878
2023-05-14,0.0358547553625838
2023-05-15,0.027964637334949
2023-05-16,0.0268530294368597
2023-05-17,0.0374652404625937
2023-05-18,0.0300412350297899
2023-05-19,0.0417745505434104
2023-05-20,0.0290852449387311
2023-05-21,0.0297147153378883
2023-05-22,0.0477223427331887
2023-05-23,0.0382020770112846
2023-05-24,0.0379633358470842
2023-05-25,0.0355503646189178
2023-05-26,0.0357081443861789
2023-05-27,0.0385889130853554
2023-05-28,0.0272299546356114
2023-05-29,0.0433400072461738
2023-05-30,0.0411287619418873
2023-05-31,0.0283725699182562
2023-06-01,0.0401775102432815
2023-06-02,0.0293912704484709
2023-06-03,0.033855139634824
2023-06-04,0.0326980035254349
2023-06-05,0.0361967242285747
2023-06-06,0.0348128344512768
2023-06-07,0.0396561344211343
2023-06-08,0.0425371127763148
2023-06-09,0.0314998707653323
2023-06-10,0.0240761075294934
2023-06-11,0.0408315481808942
2023-06-12,0.0302328215961084
2023-06-13,0.038876379029544
2023-06-14,0.032755495838444
2023-06-15,0.0338526729300969
2023-06-16,0.040809191495017
2023-06-17,0.0278034361721781
2023-06-18,0.0319806000250329
2023-06-19,0.0316664470711196
2023-06-20,0.0287240313661529
2023-06-21,0.0266669575109478
2023-06-22,0.0305698329224911
2023-06-23,0.0403288902621542
2023-06-24,0.0258486741375827
2023-06-25,0.0345114146292496
2023-06-26,0.0354458639150621
2023-06-27,0.0395583782152387
2023-06-28,0.0267939199185013
2023-06-29,0.0267209978917143
2023-06-30,0.041041870215515
2023-07-01,0.0334350755528368
2023-07-02,0.0328171579922174
2023-07-03,0.0349914294968274
2023-07-04,0.0419361210106359
2023-07-05,0.0279818240875091
2023-07-06,0.0380827505004145
2023-07-07,0.0360949168384868
2023-07-08,0.0332404755727568
2023-07-09,0.0313915491618019
2023-07-10,0.0283741725993381
2023-07-11,0.0394292830608765
2023-07-12,0.033346310736079
2023-07-13,0.0445340747729625
2023-07-14,0.0399657765034822
2023-07-15,0.0436076140651871
2023-07-16,0.0415487049328624
2023-07-17,0.0330167328282995
2023-07-18,0.0335985634147699
2023-07-19,0.0259338678708335
2023-07-20,0.0360270911896926
2023-07-21,0.0384655219160066
2023-07-22,0.0397942179686357
2023-07-23,0.0261940996947745
2023-07-24,0.0294828332682261
2023-07-25,0.0379725262677917
2023-07-26,0.0293007892419794
2023-07-27,0.041530534439624
2023-07-28,0.038479019989141
2023-07-29,0.0320474104589637
2023-07-30,0.0366377552939311
2023-07-31,0.0373464837001046
2023-08-01,0.0331399833782634
2023-08-02,0.050952380952381
2023-08-03,0.0361961820248137
2023-08-04,0.0359773802686877
2023-08-05,0.0340955871875542
2023-08-06,0.030019678904246
2023-08-07,0.0358066828943931
2023-08-08,0.0375741484108615
2023-08-09,0.0377964838597596
2023-08-10,0.0350974633036046
2023-08-11,0.0326073761856431
2023-08-12,0.0475847030134572
2023-08-13,0.036795614856326
2023-08-14,0.0410030411758534
2023-08-15,0.0521562429442312
2023-08-16,0.0348276686058494
2023-08-17,0.0359683835318932
2023-08-18,0.0296516598383777
2023-08-19,0.0331669385434716
2023-08-20,0.0377291800099432
2023-08-21,0.0324079695198006
2023-08-22,0.0246007741104063
2023-08-23,0.0482374768089054
2023-08-24,0.0320300027592122
2023-08-25,0.0308032606677838
2023-08-26,0.0383337549403598
2023-08-27,0.0318739010661003
2023-08-28,0.0289099966000577
2023-08-29,0.030655642095563
2023-08-30,0.0400847319537233
2023-08-31,0.034396608119682
2023-09-01,0.0321374907187404
2023-09-02,0.0359516460918667
2023-09-03,0.0362091200296143
2023-09-04,0.0684365781710914
2023-09-05,0.0567079554634766
2023-09-06,0.0294563646234387
2023-09-07,0.0215278003212597
2023-09-08,0.0333844742589761
2023-09-09,0.0432825561224276
2023-09-10,0.0271393574131541
2023-09-11,0.0395462227918212
2023-09-12,0.0395615488695522
2023-09-13,0.0457631597586165
2023-09-14,0.0356797665774615
2023-09-15,0.0385146073570249
2023-09-16,0.0354454166606646
2023-09-17,0.0305698854172914
2023-09-18,0.0225453643945836
2023-09-19,0.0316391435761966
2023-09-20,0.0509548412287554
2023-09-21,0.0353358635189691
2023-09-22,0.0291534376846538
2023-09-23,0.0317201414702088
2023-09-24,0.0331542647021741
2023-09-25,0.0353414677791443
2023-09-26,0.0337034422697983
2023-09-27,0.0350960867965929
2023-09-28,0.0360782532191887
2023-09-29,0.0305023812088058
2023-09-30,0.0423507026977919
2023-10-01,0.0379270570293846
2023-10-02,0.0376836544020693
2023-10-03,0.0358874388248419
2023-10-04,0.034431002363601
2023-10-05,0.05003730100685
2023-10-06,0.0361761548771124
2023-10-07,0.0331054424005743
2023-10-08,0.0311150055168961
2023-10-09,0.0373507893723527
2023-10-10,0.0346670288121585
2023-10-11,0.0330155387742239
2023-10-12,0.0385279292896209
2023-10-13,0.0291762541271725
2023-10-14,0.0354636402157265
2023-10-15,0.030913833754122
2023-10-16,0.0323517547398144
2023-10-17,0.0365801926390836
2023-10-18,0.0394499359173269
2023-10-19,0.0336307104303169
2023-10-20,0.0420482969764417
2023-10-21,0.0379285466269342
2023-10-22,0.0295997489403323
2023-10-23,0.0340896930391856
2023-10-24,0.0341362525528518
2023-10-25,0.0262475955700447
2023-10-26,0.0377307962950708
2023-10-27,0.0224115148944732
2023-10-28,0.0337251355536481
2023-10-29,0.0200143425255884
2023-10-30,0.0387026415825217
2023-10-31,0.0258303814539701
2023-11-01,0.0299095525185554
2023-11-02,0.0302383452399375
2023-11-03,0.0245245742584254
2023-11-04,0.0418461735276535
2023-11-05,0.0285569634030436
2023-11-06,0.0234971061317964
2023-11-07,0.0362397813909774
2023-11-08,0.047385960090843
2023-11-09,0.0279004860831463
2023-11-10,0.0385084809764597
2023-11-11,0.0460110097773396
2023-11-12,0.0181338195269828
2023-11-13,0.0404214875361192
2023-11-14,0.0329500054010665
2023-11-15,0.034130676721239
2023-11-16,0.038148635701106
2023-11-17,0.043902087453517
2023-11-18,0.0440572718944069
2023-11-19,0.0389705512596651
2023-11-20,0.030505394217001
2023-11-21,0.0345535789003676
2023-11-22,0.0450079917927029
2023-11-23,0.0324174155342577
2023-11-24,0.0306386508069879
2023-11-25,0.0323256655266508
2023-11-26,0.0313633837203201
2023-11-27,0.0287966677194757
2023-11-28,0.0382015889757175
2023-11-29,0.0316038412574051
2023-11-30,0.0437156104062832
2023-12-01,0.0378860873900769
2023-12-02,0.037703240697407
2023-12-03,0.0321902034596367
2023-12-04,0.0377911474380456
2023-12-05,0.029127953840963
2023-12-06,0.0319375524002683
2023-12-07,0.0154746632888333
2023-12-08,0.0258848184659159
2023-12-09,0.0277269804930063
2023-12-10,0.0477215910150054
2023-12-11,0.0265796008461326
2023-12-12,0.0434950242546232
2023-12-13,0.0324182055243915
2023-12-14,0.0298716911708344
2023-12-15,0.036732900355217
2023-12-16,0.038228194190873
2023-12-17,0.0434477119758477
2023-12-18,0.0401839671945542
2023-12-19,0.039609630266941
2023-12-20,0.0368809723359036
2023-12-21,0.0319585498005344
2023-12-22,0.0319432300309734
2023-12-23,0.0381469582662973
2023-12-24,0.0274016763378466
2023-12-25,0.0319018893145212
2023-12-26,0.027318535543774
2023-12-27,0.0377549303769245
2023-12-28,0.0405901895315671
2023-12-29,0.0301030898752849
2023-12-30,0.0298004490310882
2023-12-31,0.0334376519419672
2024-01-01,0.0403845825349096
2024-01-02,0.0283223127521279
2024-01-03,0.0404682437831837
2024-01-04,0.0424239875154926
2024-01-06,0.0375029452980975
2024-01-07,0.0388363908183324
2024-01-08,0.0242661607535071
2024-01-09,0.0366390738214922
2024-01-10,0.0213993455965519
2024-01-11,0.0430936189977345
2024-01-12,0.0348241927752135
2024-01-13,0.0361937744536748
2024-01-14,0.0300906159177669
2024-01-15,0.0409888492626391
2024-01-16,0.0429859770270714
2024-01-17,0.0400510578392911
2024-01-18,0.0394049040482699
2024-01-19,0.0317037606600614
2024-01-20,0.0325169437254862
2024-01-21,0.0290549905774561
2024-01-22,0.00813476075361652
2024-01-23,0.0332029431787384
2024-01-24,0.0298220265010996
2024-01-25,0.0297189390047957
2024-01-26,0.0423795491313432
2024-01-27,0.0398540316349376
2024-01-28,0.0347371070014007
2024-01-29,0.0361085271071858
2024-01-30,0.0275504626029347
2024-01-31,0.0299992518871387
2024-02-01,0.0398633940015393
2024-02-02,0.0356752434410651
2024-02-03,0.0512829387382969
2024-02-04,0.033193732620172
2024-02-05,0.0355330807948274
2024-02-06,0.0376733070826772
2024-02-07,0.030934646804421
2024-02-08,0.0304228316414132
2024-02-09,0.0271914901710071
2024-02-10,0.0331077663099845
2024-02-11,0.0299794871359157
2024-02-12,0.0306044376434583
2024-02-13,0.0434172357196882
2024-02-14,0.032834852647452
2024-02-15,0.0438705278398037
2024-02-16,0.0431804016016016
2024-02-17,0.038871398242239
2024-02-18,0.0390531480738206
2024-02-19,0.0296918561113798
2024-02-20,0.0393756130209906
2024-02-21,0.0382570447066928
2024-02-22,0.0612377850162867
2024-02-23,0.047458641222252
2024-02-24,0.0337114692583229
2024-02-25,0.0317482527002672
2024-02-26,0.0346575079082626
2024-02-27,0.0370105181345125
2024-02-28,0.0317127446539716
2024-02-29,0.0356511891251
2024-03-01,0.0366579912041472
2024-03-02,0.0279005525368187
2024-03-03,0.0355761556746884
2024-03-04,0.00375369379442537
2024-03-05,0.0291276180412382
2024-03-06,0.0332625579261246
2024-03-07,0.0294240163290167
2024-03-08,0.0332288861167399
2024-03-09,0.0419435778283878
2024-03-10,0.0413692155367008
2024-03-11,0.0336833434174221
2024-03-12,0.0312378084346584
2024-03-13,0.035080504839537
2024-03-14,0.0427350238883
2024-03-15,0.0338574161883371
2024-03-16,0.0292332580890268
2024-03-17,0.0522549719277596
2024-03-18,0.0248256135541471
2024-03-19,0.0314245799709744
2024-03-20,0.0322801107345977
2024-03-21,0.0355058059600328
2024-03-22,0.0373878526564443
2024-03-23,0.0341088163101117
2024-03-24,0.0333708463793937
2024-03-25,0.0395507253667703
2024-03-26,0.0353863672410897
2024-03-27,0.0358638001766444
2024-03-28,0.0392999854483925
2024-03-29,0.0435736195117189
2024-03-30,0.0327136222333563
2024-03-31,0.0184117228960159
2024-04-01,0.0281736569015206
2024-04-02,0.0377451230411093
2024-04-03,0.0310538275843705
2024-04-04,0.0314820040152973
2024-04-05,0.0310373544072862
2024-04-06,0.0384648336556166
2024-04-07,0.0361597788465377
2024-04-08,0.0380720535468678
2024-04-09,0.0318296117496609
2024-04-10,0.0224498647466072
2024-04-11,0.0368259535291539
2024-04-12,0.0493242102376921
2024-04-13,0.0293348588279464
2024-04-14,0.0361895274164062
2024-04-15,0.0395359585839512
2024-04-16,0.0305583421046826
2024-04-17,0.0301417042997673
2024-04-18,0.0372301549067584
2024-04-19,0.0324026478460927
2024-04-20,0.0305797784586378
2024-04-21,0.0348835694225882
2024-04-22,0.0272520603824849
2024-04-23,0.0308059271494911
2024-04-24,0.0329208252469734
2024-04-25,0.0294459368798838
2024-04-26,0.0342434191536776
2024-04-27,0.0321709045892195
2024-04-28,0.00637709060281555
2024-04-29,0.032030469263164
2024-04-30,0.0302082861070821
2024-05-01,0.0413587903901723
2024-05-02,0.0392973357075109
2024-05-03,0.0421847246891652
2024-05-04,0.0335207529007869
2024-05-05,0.0299114088387559
2024-05-06,0.0287519040219127
2024-05-07,0.0236145197758829
2024-05-08,0.0423762859346083
2024-05-09,0.0284190859213455
2024-05-10,0.0261200529117671
2024-05-11,0.0356988298801937
2024-05-12,0.0319704918184328
2024-05-13,0.0400725054984881
2024-05-14,0.0343450510467461
2024-05-15,0.0221064549971696
2024-05-16,0.0418597481996055
2024-05-17,0.0305976367925217
2024-05-18,0.0335736769580371
2024-05-19,0.0337937295659481
2024-05-20,0.0486143885577421
2024-05-21,0.0316240188146944
2024-05-22,0.0308160863907344
2024-05-23,0.0385451735795896
2024-05-24,0.0311145119937223
2024-05-25,0.0308969527783826
2024-05-26,0.0361628461541647
2024-05-27,0.0496531219028741
2024-05-28,0.0393020943882819
2024-05-29,0.0476470588235294
2024-05-30,0.0338602746000976
2024-05-31,0.0511150960182053
2024-06-01,0.0271876468370536
2024-06-02,0.0377185372840117
2024-06-03,0.0263334238494998
2024-06-04,0.0389380197942212
2024-06-05,0.0398119808992593
2024-06-06,0.0317338829439131
2024-06-07,0.0363908297533165
2024-06-08,0.0289256720141095
2024-06-09,0.0357354328998822
2024-06-10,0.0433831269893454
2024-06-11,0.0285244078395974
2024-06-12,0.0383810188415911
2024-06-13,0.0387299802061635
2024-06-15,0.0265644765235509
2024-06-16,0.0297299738036712
2024-06-17,0.034689790107782
2024-06-18,0.0409331999245307
2024-06-19,0.0321708977539865
2024-06-20,0.03449690645313
2024-06-21,0.0361890778630435
2024-06-22,0.0265713375746534
2024-06-23,0.0338533401240202
2024-06-24,0.0313072533520481
2024-06-25,0.0362168411577464
2024-06-26,0.0341256055151951
2024-06-27,0.0361972945859898
2024-06-28,0.0378355704479908
2024-06-29,0.035042483300576
2024-06-30,0.0392210519240857
2024-07-01,0.0289391821235618
2024-07-02,0.0483657524119194
2024-07-03,0.0407604369914702
2024-07-04,0.0347959409969571
2024-07-05,0.0372972874322715
2024-07-06,0.0325500917937899
2024-07-07,0.0346754962561519
2024-07-08,0.0338802130090102
2024-07-09,0.0383190346254733
2024-07-10,0.0341649936640234
2024-07-11,0.0337441907456052
2024-07-12,0.031763660595291
2024-07-13,0.0343920285179248
2024-07-14,0.0534050403351885
2024-07-15,0.0432371199646143
2024-07-16,0.0325705227397486
2024-07-17,0.0296258074368755
2024-07-18,0.0360694125960547
2024-07-19,0.0396833666027001
2024-07-20,0.0403899821702385
2024-07-21,0.0315687449379123
2024-07-22,0.0258145434616363
2024-07-23,0.0390365631151096
2024-07-24,0.0111621931756643
2024-07-25,0.0332565084589101
2024-07-26,0.0348966459913168
2024-07-27,0.0290253239776824
2024-07-28,0.0432718128905567
2024-07-29,0.0466620466620467
2024-07-30,0.0249378867735137
2024-07-31,0.0247019590545003
2024-08-01,0.0390541089745911
2024-08-02,0.0373518969796072
2024-08-03,0.0364280699562342
2024-08-04,0.040537515431889
2024-08-05,0.0326908717816977
2024-08-06,0.0260716816757877
2024-08-07,0.0308619186896646
2024-08-08,0.0332040290040241
2024-08-09,0.0539134238726769
2024-08-10,0.0315280450026142
2024-08-11,0.0300782968545093
2024-08-12,0.0409438325801088
2024-08-13,0.034650025826198
2024-08-14,0.0338843685996968
2024-08-15,0.0428822294935122
2024-08-16,0.0419571057987539
2024-08-17,0.0309795761782948
2024-08-18,0.0317716529870334
2024-08-19,0.0411531911404984
2024-08-20,0.0298707536653613
2024-08-21,0.0352265853030061
2024-08-22,0.0400564394787494
2024-08-23,0.0283988395883212
2024-08-24,0.039985265936815
2024-08-25,0.0266894170104774
2024-08-26,0.0305889990204139
2024-08-27,0.0276728889619716
2024-08-28,0.0385660857194372
2024-08-29,0.0351300329166431
2024-08-30,0.0242997536608928
2024-08-31,0.0414696611505122
2024-09-01,0.0313513856735588
2024-09-02,0.0300419407182213
2024-09-03,0.0286757268905291
2024-09-04,0.0344775682774638
2024-09-05,0.0427961414986995
2024-09-06,0.037026386941813
2024-09-07,0.0303862807365756
2024-09-08,0.0401456396025819
2024-09-09,0.0300992135906063
2024-09-10,0.0372895910962195
2024-09-11,0.0125561685266203
2024-09-12,0.0373062981836071
2024-09-13,0.0344425261302762
2024-09-14,0.0363279045703574
2024-09-15,0.0263168314370123
2024-09-16,0.03016105378098
2024-09-17,0.032238133122227
2024-09-18,0.0461722824568545
2024-09-19,0.0330827713857715
2024-09-20,0.0338111611269542
2024-09-21,0.0350162937573192
2024-09-22,0.0358658725117334
2024-09-23,0.030675057067358
2024-09-24,0.0337333003279442
2024-09-25,0.0365195054018875
2024-09-26,0.0352196168570699
2024-09-27,0.0434586675463947
2024-09-28,0.0321652940275203
2024-09-29,0.0351300284375688
2024-09-30,0.0218180052964005
2024-10-01,0.0383478035180451
2024-10-02,0.0456778855986282
2024-10-03,0.0329404450674985
2024-10-04,0.0392071578553695
2024-10-05,0.0362060975747663
2024-10-06,0.0344242495775494
2024-10-07,0.0474756076910661
2024-10-08,0.0403240536915549
2024-10-09,0.0280031891568923
2024-10-10,0.0146576001040499
2024-10-11,0.0353221083455344
2024-10-12,0.0352095750681065
2024-10-13,0.0382224444472586
2024-10-14,0.0379286887253729
2024-10-15,0.0449468123456564
2024-10-16,0.0352228047182176
2024-10-17,0.0441345794036218
2024-10-18,0.0383126020024342
2024-10-19,0.0304340284553375
2024-10-20,0.035548751059764
2024-10-21,0.0355104215318025
2024-10-22,0.046688793935969
2024-10-23,0.025779374818395
2024-10-24,0.0542328042328042
2024-10-25,0.0258192942202137
2024-10-26,0.0290963783593087
2024-10-27,0.0322341212192006
2024-10-28,0.0363863619067095
2024-10-29,0.0408504431617967
2024-10-30,0.0306562048599223
2024-10-31,0.039897784205297
2024-11-01,0.0277259035407278
2024-11-02,0.0346413414441043
2024-11-03,0.0424618133833653
2024-11-04,0.0402208560387124
2024-11-05,0.0335712547273715
2024-11-06,0.02934952541625
2024-11-07,0.0390249716558146
2024-11-08,0.0409414817129783
2024-11-09,0.0277945217013122
2024-11-10,0.0288873356219859
2024-11-11,0.0344401609486817
2024-11-12,0.0340138678203388
2024-11-13,0.0430283838360433
2024-11-14,0.037275132376714
2024-11-15,0.0497731583759249
2024-11-16,0.0478322443085139
2024-11-17,0.0353779568166467
2024-11-18,0.0377965878141449
2024-11-19,0.0352819743085787
2024-11-20,0.0436933972907867
2024-11-21,0.0270457839768845
2024-11-22,0.0424913548678522
2024-11-23,0.0318333609855814
2024-11-24,0.0340585352795276
2024-11-25,0.0399147121535181
2024-11-26,0.0354410640679654
2024-11-27,0.0074718275355218
2024-11-28,0.0309154855803758
2024-11-29,0.0335154171184197
2024-11-30,0.0198168839037155
2024-12-01,0.0349382461356891
2024-12-02,0.0206602990033223
2024-12-03,0.0347472008709514
2024-12-04,0.0362663070772431
2024-12-06,0.0401801539641166
2024-12-07,0.0428013069423847
2024-12-08,0.0284152433964555
2024-12-09,0.035430704400352
2024-12-10,0.0336572188734676
2024-12-11,0.0310508996070142
2024-12-12,0.0347875239144611
2024-12-13,0.0314689662074866
2024-12-14,0.040670619642803
2024-12-15,0.03426067323163
2024-12-16,0.035730069494015
2024-12-17,0.0369598386365719
2024-12-18,0.0303573194404765
2024-12-19,0.0324801924685512
2024-12-20,0.03877334796717
2024-12-21,0.0354999905865435
2024-12-22,0.0363568840576383
2024-12-23,0.0349070689277298
2024-12-24,0.0305934373792509
2024-12-25,0.0317569970035823
2024-12-26,0.0364381611333805
2024-12-27,0.0377486888026799
2024-12-28,0.0375086307078538
2024-12-29,0.0419188282425937
2024-12-30,0.0286086651774006
2024-12-31,0.0362092723399878
2025-01-01,0.0393010396325776
2025-01-02,0.0366748264877088
2025-01-03,0.0363266511855464
2025-01-04,0.0316597308160955
2025-01-05,0.0389104854510941
2025-01-06,0.0379618656522924
2025-01-07,0.039504346899428
2025-01-08,0.0364230171234859
2025-01-10,0.0347870809692451
2025-01-11,0.0392686696854119
2025-01-12,0.0380870295393924
2025-01-13,0.0268079180344176
2025-01-14,0.0246395663005163
2025-01-15,0.0320797992360264
2025-01-16,0.0311253332638572
2025-01-17,0.0317141691995884
2025-01-18,0.0403913723150214
2025-01-19,0.0379031063180277
2025-01-20,0.033900520474601
2025-01-21,0.036970070230195
2025-01-22,0.026164812882121
2025-01-23,0.0286028230746985
2025-01-24,0.030265915948813
2025-01-25,0.0249691302289293
2025-01-26,0.0363717151064254
2025-01-27,0.0338043733943033
2025-01-28,0.0322611268766085
2025-01-29,0.0386765096183966
2025-01-30,0.0332432365051998
2025-01-31,0.0275622722269113
2025-02-01,0.0272468998578478
2025-02-02,0.0315927280939645
2025-02-03,0.0295147398521773
2025-02-04,0.037619315698103
2025-02-05,0.0489148623900874
2025-02-06,0.036101083032491
2025-02-07,0.0211039062905829
2025-02-08,0.039408183835698
2025-02-09,0.0294936968766113
2025-02-10,0.0359002845571376
2025-02-11,0.0269698865984092
2025-02-12,0.0373506566647247
2025-02-13,0.0415063740164963
2025-02-15,0.0360701587160602
2025-02-16,0.0297287714240397
2025-02-17,0.047620112831628
2025-02-18,0.0441553396263712
2025-02-19,0.0366448075965156
2025-02-20,0.0433249214603402
2025-02-21,0.0383319417732427
2025-02-22,0.0352062861442937
2025-02-23,0.0349012454849888
2025-02-24,0.0251065601669599
2025-02-25,0.030357237109724
2025-02-26,0.0388567350142627
2025-02-27,0.0280555720343447
2025-02-28,0.0218288129501436
2025-03-01,0.0353418495429357
2025-03-02,0.0409109844685459
2025-03-03,0.0351700242031925
2025-03-04,0.0414999167067643
2025-03-05,0.0425660861701994
2025-03-06,0.0299304674976307
2025-03-07,0.0305512247659583
2025-03-08,0.0337538395068664
2025-03-09,0.0281964900509423
2025-03-10,0.0324383216033573
2025-03-11,0.0348652290474686
2025-03-12,0.0327047992704958
2025-03-13,0.0184251038431895
2025-03-14,0.0429128687297953
2025-03-15,0.0358991448772617
2025-03-16,0.0319335626153819
2025-03-17,0.0301017582666457
2025-03-18,0.0517230232107067
2025-03-19,0.042248266430103
2025-03-20,0.0294422908480156
2025-03-21,0.0471098583179175
2025-03-22,0.0320314202506913
2025-03-23,0.0342663892820766
2025-03-24,0.0338814796792119
2025-03-25,0.0350792724739839
2025-03-26,0.029490509174213
2025-03-27,0.0362974356348538
2025-03-28,0.0309620855493306
2025-03-29,0.044513204894429
2025-03-30,0.0288795005326848
2025-03-31,0.0379062319525385
2025-04-01,0.0378526197162281
2025-04-02,0.0300009136579409
2025-04-03,0.0302100817380023
2025-04-04,0.0400629637348447
2025-04-05,0.0388691907351768
2025-04-06,0.0372735132622083
2025-04-07,0.0394894481869743
2025-04-08,0.0282057197621204
2025-04-09,0.0310535622544059
2025-04-10,0.0266359561552043
2025-04-11,0.0202612745763642
2025-04-12,0.0356291501064236
2025-04-13,0.0426318525470731
2025-04-14,0.0372786949450036
2025-04-15,0.0416921200708101
2025-04-16,0.0432357778046398
2025-04-17,0.0369526425414056
2025-04-18,0.034472852628555
2025-04-19,0.0242802320473767
2025-04-20,0.0325477540777422
2025-04-21,0.0300498634377624
2025-04-22,0.0358997592709469
2025-04-23,0.0324094362105153
2025-04-24,0.0448181582042801
2025-04-25,0.0346716543498791
2025-04-26,0.0393245220374425
2025-04-27,0.0296420920635724
2025-04-28,0.0330129122253628
2025-04-29,0.0435720301588419
2025-04-30,0.0251454138702461
2025-05-01,0.033674216423362
2025-05-02,0.0258694761638663
2025-05-03,0.0300811126251119
2025-05-04,0.0342620551027801
2025-05-05,0.0317198141244524
2025-05-06,0.0339539384159927
2025-05-07,0.0221980187749598
2025-05-08,0.0343615910315071
2025-05-09,0.0366988499258255
2025-05-10,0.0395913576229737
2025-05-11,0.0378357744553741
2025-05-12,0.035731926609813
2025-05-13,0.0307129752186319
2025-05-14,0.0332116651723812
2025-05-15,0.0391480858930094
2025-05-16,0.035632797928745
2025-05-18,0.0380309559714266
2025-05-19,0.0359225445631665
2025-05-20,0.0322252604293771
2025-05-21,0.0374575420653845
2025-05-22,0.0353979058402424
2025-05-23,0.0306600367678794
2025-05-24,0.0410623310431583
2025-05-25,0.0333100247872231
2025-05-26,0.0314874980042231
2025-05-27,0.039541901322628
2025-05-28,0.0392443806899631
2025-05-29,0.0341990328483358
2025-05-30,0.0404883280360644
2025-05-31,0.0402744044692744
2025-06-01,0.0364967860935137
2025-06-02,0.0253217716756802
2025-06-03,0.0319226020642789
2025-06-04,0.0388619309041969
2025-06-05,0.0357427763881757
2025-06-06,0.0413412167889084
2025-06-07,0.0324868411943286
2025-06-08,0.0381941572884366
2025-06-09,0.0336582796317847
2025-06-10,0.0294589109294725
2025-06-11,0.0414976735483002
2025-06-12,0.0356984484842813
2025-06-13,0.0350887930824897
2025-06-14,0.0256440468860701
2025-06-15,0.0410273455160199
2025-06-16,0.0365953755246612
2025-06-17,0.0441127988210921
2025-06-18,0.0417688967235408
2025-06-19,0.0281911102903068
2025-06-20,0.0219701182399274
2025-06-21,0.0372771902009038
2025-06-22,0.0339394909050563
2025-06-23,0.0440422909944393
2025-06-24,0.0381105355922135
2025-06-25,0.033411755006271
2025-06-26,0.0340261956431643
2025-06-27,0.0319839044873925
2025-06-28,0.0177182406026995
2025-06-29,0.0318441592308667
2025-06-30,0.0339413700783294
2025-07-01,0.0485395189003437
2025-07-02,0.0333309096676298
2025-07-03,0.0334338011083167
2025-07-04,0.029012621429401
2025-07-05,0.0294309720248102
2025-07-06,0.0461133069828722
2025-07-07,0.0308746019767441
2025-07-08,0.0391262701497226
2025-07-09,0.027951352308092
2025-07-10,0.0238114096326331
2025-07-11,0.0394064182993645
2025-07-12,0.0362896355769065
2025-07-13,0.0326761481704575
2025-07-14,0.0384757034187279
2025-07-15,0.03966591578878
2025-07-16,0.0314179247995718
2025-07-17,0.0382290421043408
2025-07-18,0.0413418788613661
2025-07-19,0.0386057508530593
2025-07-20,0.0282135953215852
2025-07-21,0.0252469165061981
2025-07-22,0.0272605106546362
2025-07-23,0.0434391033616957
2025-07-24,0.0334848450110051
2025-07-25,0.0393385928899692
2025-07-26,0.0404587046738933
2025-07-27,0.0434270432965815
2025-07-28,0.036719680677836
2025-07-29,0.0460798524889179
2025-07-30,0.0376986924913608
2025-07-31,0.0417466709372553
2025-08-01,0.0383620408472303
2025-08-02,0.0305630651936884
2025-08-03,0.0378141040738857
2025-08-04,0.0317620888211505
2025-08-05,0.0294835353878936
2025-08-06,0.0410079528480024
2025-08-07,0.0366111101987455
2025-08-08,0.0421771764869523
2025-08-09,0.0344313294411776
2025-08-10,0.033823483212151
2025-08-11,0.0301983099627597
2025-08-12,0.033772009394759
2025-08-13,0.0301369058659537
2025-08-14,0.0473729621513205
2025-08-15,0.0318825863863115
2025-08-16,0.0362254117589665
2025-08-17,0.0348558728995578
2025-08-18,0.0350812642192585
2025-08-19,0.0289903711935159
2025-08-20,0.0362483948200759
2025-08-21,0.0328831703971531
2025-08-22,0.0507828129274294
2025-08-23,0.031942458003352
2025-08-24,0.0278729641094978
2025-08-25,0.0402641347853177
2025-08-26,0.0343105478849986
2025-08-27,0.0223324085477894
2025-08-28,0.0351121467863681
2025-08-29,0.0271555051900867
2025-08-30,0.0369554510167307
2025-08-31,0.043334614760494
2025-09-01,0.0327680834535724
2025-09-02,0.0275300487260674
2025-09-03,0.0285335254498864
2025-09-04,0.0372695334156811
2025-09-05,0.0442389810094617
2025-09-06,0.0375007928312329
2025-09-07,0.0373112761606404
2025-09-08,0.0342523987072295
2025-09-09,0.0348855079145536
2025-09-10,0.0366644994578319
2025-09-11,0.0318732632173444
2025-09-12,0.0321237479188411
2025-09-13,0.0298008182020118
2025-09-14,0.0371005746044325
2025-09-15,0.0500503080070367
2025-09-16,0.0319802453800162
2025-09-17,0.0386143712601013
2025-09-18,0.0415966024408253
2025-09-19,0.0310365988880161
2025-09-20,0.0323674878989556
2025-09-21,0.0388523610280932
2025-09-22,0.0254152290106263
2025-09-23,0.0429996037073855
2025-09-24,0.0406498653980634
2025-09-25,0.0311687409130448
2025-09-26,0.0358751607375607
2025-09-27,0.0377415956819576
2025-09-28,0.0384066166404693
2025-09-29,0.0390834899584775
2025-09-30,0.0265846154311937
2025-10-01,0.0337327341447189
2025-10-02,0.0348499851869581
2025-10-03,0.0407605112912539
2025-10-04,0.0353973632265812
2025-10-05,0.0206782464846981
2025-10-06,0.0488313894996827
2025-10-07,0.0437032772768777
2025-10-08,0.0334119613498127
2025-10-09,0.0296409881337371
2025-10-10,0.0363508754374592
2025-10-11,0.0346090472577253
2025-10-12,0.0387779531146226
2025-10-13,0.0251534400200795
2025-10-14,0.048898034366987
2025-10-15,0.0381891619991082
2025-10-16,0.0301339318448942
2025-10-17,0.0291802388707926
2025-10-18,0.0350335613576924
2025-10-19,0.0390033054358219
2025-10-20,0.0411983178129404
2025-10-21,0.0356475063358547
2025-10-22,0.0316567027239959
2025-10-23,0.0390301300835195
2025-10-24,0.0357182666917065
2025-10-25,0.0318582183093189
2025-10-26,0.0389803448935523
2025-10-27,0.0338209601259182
2025-10-28,0.034258321014638
2025-10-29,0.0315652080578034
2025-10-30,0.0212017233708835
2025-10-31,0.0422060540307967
2025-11-01,0.0342714571719464
2025-11-02,0.0340604920025357
2025-11-03,0.0456489209589998
2025-11-04,0.035482669511014
2025-11-05,0.0352212077454556
2025-11-06,0.030189495456684
2025-11-07,0.0377712293086599
2025-11-08,0.0325399347130569
2025-11-09,0.0455981625905392
2025-11-10,0.0414793974475883
2025-11-11,0.0333036496291539
2025-11-12,0.0332952829515285
2025-11-13,0.0344779485305153
2025-11-14,0.0330090952728389
2025-11-15,0.0218660296330381
2025-11-16,0.030938142303009
2025-11-17,0.0373620835783504
2025-11-18,0.0338264583969344
2025-11-19,0.0344044028096904
2025-11-20,0.0337978336110161
2025-11-21,0.0330041555194943
2025-11-22,0.0287189680265075
2025-11-23,0.0497644045444192
2025-11-24,0.043639982538865
2025-11-25,0.0301887162854928
2025-11-26,0.0384858179830627
2025-11-27,0.0387843949359858
2025-11-28,0.0379112712739524
2025-11-29,0.0457194722013446
2025-11-30,0.0273640968849064
2025-12-01,0.035543711475419
2025-12-02,0.0229743573112758
2025-12-03,0.0317195238001037
2025-12-04,0.0292741009771073
2025-12-05,0.0301196220436264
2025-12-06,0.035390939125195
2025-12-07,0.0440764931802893
2025-12-08,0.0316659893059611
2025-12-09,0.0498206470865791
2025-12-10,0.0350861468930669
2025-12-11,0.0296017894626601
2025-12-12,0.0264042690677261
2025-12-13,0.0422015478581534
2025-12-14,0.0327018885299076
2025-12-15,0.0379387697564219
2025-12-16,0.0360564714857163
2025-12-17,0.0364563554898194
2025-12-18,0.0290687193930297
2025-12-19,0.0378906929146934
2025-12-20,0.0291646737241621
2025-12-21,0.0634166101589144
2025-12-22,0.0308541856709869
2025-12-23,0.0407689090649519
2025-12-24,0.0301562055428365
2025-12-25,0.0431130681931269
2025-12-26,0.0267679922038917
2025-12-27,0.0359768948428414
2025-12-28,0.0292384700355771
2025-12-29,0.0491959812041524
2025-12-30,0.0386907826039391
2025-12-31,0.0321181020579504
