event_date,channel,spend
2023-01-01,Affiliate,131.88
2023-01-06,Affiliate,45.4
2023-01-09,Affiliate,55.83
2023-01-10,Affiliate,128.6
2023-01-17,Affiliate,126.96
2023-01-22,Affiliate,25.25
2023-01-28,Affiliate,207.69
2023-02-02,Affiliate,57.4
2023-02-04,Affiliate,129.03
2023-02-07,Affiliate,85.955
2023-02-08,Affiliate,140.2
2023-02-09,Affiliate,53.94
2023-02-10,Affiliate,53.93
2023-02-13,Affiliate,47.8
2023-02-16,Affiliate,59.73
2023-02-18,Affiliate,157.78
2023-02-20,Affiliate,46.8
2023-02-22,Affiliate,144.39
2023-03-09,Affiliate,67.98
2023-03-10,Affiliate,88.5
2023-03-11,Affiliate,52.26
2023-03-13,Affiliate,61.66
2023-03-18,Affiliate,75.35
2023-03-24,Affiliate,72.99
2023-03-25,Affiliate,77.41
2023-03-29,Affiliate,79.09
2023-03-30,Affiliate,24.91
2023-04-03,Affiliate,92.78
2023-04-07,Affiliate,292.3
2023-04-08,Affiliate,52.89
2023-04-09,Affiliate,70.34
2023-04-14,Affiliate,118.79
2023-04-16,Affiliate,112.355
2023-04-21,Affiliate,101.625
2023-04-28,Affiliate,97.96
2023-05-05,Affiliate,34.65
2023-05-06,Affiliate,81.28
2023-05-09,Affiliate,51.2
2023-05-11,Affiliate,119.365
2023-05-12,Affiliate,136.91
2023-05-14,Affiliate,47.78
2023-05-19,Affiliate,92.245
2023-05-21,Affiliate,49.5
2023-05-24,Affiliate,33.79
2023-05-25,Affiliate,71.54
2023-06-02,Affiliate,57.87
2023-06-16,Affiliate,55.65
2023-06-21,Affiliate,62.24
2023-06-23,Affiliate,66.44
2023-06-26,Affiliate,70.73
2023-07-03,Affiliate,63.42
2023-07-04,Affiliate,48.105
2023-07-10,Affiliate,93.98
2023-07-12,Affiliate,50.8966666666667
2023-07-14,Affiliate,44.425
2023-07-15,Affiliate,138.84
2023-07-16,Affiliate,46.28
2023-07-17,Affiliate,54.22
2023-07-24,Affiliate,25.13
2023-07-31,Affiliate,37.33
2023-08-03,Affiliate,281.196611491165
2023-08-04,Affiliate,33.86
2023-08-11,Affiliate,51.2
2023-08-14,Affiliate,39.65
2023-08-18,Affiliate,64.13
2023-08-19,Affiliate,79.26
2023-08-22,Affiliate,94.345
2023-08-24,Affiliate,53.42
2023-08-26,Affiliate,45.23
2023-08-27,Affiliate,76.69
2023-08-31,Affiliate,54.59
2023-09-01,Affiliate,27.53
2023-09-10,Affiliate,61.27
2023-09-15,Affiliate,50.54
2023-09-19,Affiliate,26.89
2023-09-23,Affiliate,19.055
2023-09-24,Affiliate,33.81
2023-09-26,Affiliate,51.77
2023-09-28,Affiliate,50.24
2023-09-30,Affiliate,45.05
2023-10-02,Affiliate,25.79
2023-10-10,Affiliate,47.37
2023-10-19,Affiliate,37.32
2023-10-22,Affiliate,57.2
2023-10-23,Affiliate,29.86
2023-10-24,Affiliate,112.64
2023-10-27,Affiliate,78.7
2023-10-28,Affiliate,31.57
2023-10-30,Affiliate,53.91
2023-11-02,Affiliate,65.87
2023-11-03,Affiliate,70.24
2023-11-04,Affiliate,65.795
2023-11-07,Affiliate,62.43
2023-11-08,Affiliate,76.48
2023-11-10,Affiliate,34.3
2023-11-13,Affiliate,97.74
2023-11-21,Affiliate,38.55
2023-11-22,Affiliate,57.94
2023-11-23,Affiliate,57.16
2023-11-24,Affiliate,31.34
2023-11-26,Affiliate,106.35
2023-12-04,Affiliate,92.86
2023-12-10,Affiliate,141.14
2023-12-16,Affiliate,105.95
2023-12-18,Affiliate,36.79
2023-12-20,Affiliate,62.62
2023-12-23,Affiliate,174.79
2023-12-25,Affiliate,103.695
2023-12-26,Affiliate,68.4
2023-12-28,Affiliate,68.56
2023-12-31,Affiliate,46.43
2024-01-03,Affiliate,158.47
2024-01-04,Affiliate,51.29
2024-01-08,Affiliate,51.29
2024-01-15,Affiliate,37.31
2024-01-16,Affiliate,36.65
2024-01-18,Affiliate,37.09
2024-01-19,Affiliate,110.24
2024-01-29,Affiliate,72.96
2024-01-30,Affiliate,83.04
2024-02-01,Affiliate,126.68
2024-02-04,Affiliate,118.27
2024-02-05,Affiliate,98.835
2024-02-15,Affiliate,95.88
2024-02-18,Affiliate,135.706666666667
2024-02-19,Affiliate,76.52
2024-02-21,Affiliate,87.785
2024-02-24,Affiliate,52.74
2024-02-27,Affiliate,80.16
2024-03-01,Affiliate,69.59
2024-03-11,Affiliate,67.41
2024-03-13,Affiliate,60.88
2024-03-16,Affiliate,198.36
2024-03-18,Affiliate,69.46
2024-03-21,Affiliate,125.516666666667
2024-03-23,Affiliate,86.49
2024-03-29,Affiliate,128.58
2024-03-30,Affiliate,72.69
2024-04-01,Affiliate,143.11
2024-04-03,Affiliate,37.49
2024-04-06,Affiliate,151.72
2024-04-07,Affiliate,52.81
2024-04-16,Affiliate,41.53
2024-04-23,Affiliate,96.79
2024-04-24,Affiliate,88.21
2024-04-25,Affiliate,73.48
2024-04-26,Affiliate,98.825
2024-04-27,Affiliate,114.95
2024-04-29,Affiliate,106.38
2024-04-30,Affiliate,44.06
2024-05-04,Affiliate,65.61
2024-05-06,Affiliate,69.82
2024-05-07,Affiliate,142.52
2024-05-08,Affiliate,75.06
2024-05-12,Affiliate,52.7
2024-05-13,Affiliate,43.19
2024-05-18,Affiliate,68.51
2024-05-21,Affiliate,79.92
2024-05-22,Affiliate,130.92
2024-05-23,Affiliate,82.49
2024-05-25,Affiliate,144.95
2024-06-04,Affiliate,115.63
2024-06-05,Affiliate,75.25
2024-06-06,Affiliate,58.26
2024-06-07,Affiliate,93.37
2024-06-08,Affiliate,59
2024-06-09,Affiliate,59.74
2024-06-11,Affiliate,48.49
2024-06-13,Affiliate,75.345
2024-06-19,Affiliate,57.28
2024-06-20,Affiliate,60.36
2024-06-23,Affiliate,71.24
2024-06-27,Affiliate,140.46
2024-06-30,Affiliate,51.2
2024-07-05,Affiliate,82.94
2024-07-10,Affiliate,116.75
2024-07-15,Affiliate,64.78
2024-07-17,Affiliate,189.97
2024-07-18,Affiliate,80.14
2024-07-20,Affiliate,72.88
2024-07-26,Affiliate,125.6
2024-07-27,Affiliate,99.01
2024-08-02,Affiliate,69.35
2024-08-05,Affiliate,154.98
2024-08-08,Affiliate,57.25
2024-08-10,Affiliate,98.82
2024-08-11,Affiliate,22.73
2024-08-14,Affiliate,35
2024-08-15,Affiliate,42.63
2024-08-25,Affiliate,22.68
2024-08-29,Affiliate,54.01
2024-08-30,Affiliate,75.17
2024-09-15,Affiliate,29.07
2024-09-16,Affiliate,92.35
2024-09-17,Affiliate,45.1
2024-09-21,Affiliate,21.78
2024-09-23,Affiliate,32.46
2024-09-24,Affiliate,79.71
2024-09-29,Affiliate,28.95
2024-09-30,Affiliate,27.09
2024-10-03,Affiliate,76.09
2024-10-08,Affiliate,48.31
2024-10-09,Affiliate,38.9
2024-10-12,Affiliate,62.38
2024-10-14,Affiliate,32.06
2024-10-18,Affiliate,126.02
2024-10-21,Affiliate,45.43
2024-10-22,Affiliate,22.5
2024-10-25,Affiliate,27.18
2024-10-27,Affiliate,71.09
2024-11-01,Affiliate,101.89
2024-11-04,Affiliate,64.8
2024-11-11,Affiliate,73.64
2024-11-12,Affiliate,45.26
2024-11-13,Affiliate,143.33
2024-11-19,Affiliate,51.37
2024-11-23,Affiliate,99.8475
2024-12-04,Affiliate,47.515
2024-12-06,Affiliate,125.13
2024-12-12,Affiliate,25.53
2024-12-17,Affiliate,88.755
2024-12-19,Affiliate,46.53
2024-12-20,Affiliate,84.27
2024-12-22,Affiliate,54.08
2024-12-24,Affiliate,51.84
2024-12-29,Affiliate,109.69
2025-01-05,Affiliate,10.51
2025-01-21,Affiliate,128.55
2025-01-24,Affiliate,51.43
2025-01-26,Affiliate,82.68
2025-02-01,Affiliate,58.57
2025-02-10,Affiliate,219.96
2025-02-17,Affiliate,132.89
2025-02-18,Affiliate,133.78
2025-02-19,Affiliate,100.19
2025-02-22,Affiliate,139.48
2025-02-25,Affiliate,115.805
2025-02-27,Affiliate,78.35
2025-03-01,Affiliate,94.05
2025-03-04,Affiliate,98
2025-03-05,Affiliate,96.2
2025-03-09,Affiliate,206.95
2025-03-10,Affiliate,62.01
2025-03-12,Affiliate,64.05
2025-03-13,Affiliate,97.44
2025-03-14,Affiliate,45.63
2025-03-19,Affiliate,144.485
2025-03-20,Affiliate,125.74
2025-03-22,Affiliate,58.87
2025-03-29,Affiliate,91.15
2025-03-30,Affiliate,71.12
2025-04-01,Affiliate,145.09
2025-04-06,Affiliate,316.73
2025-04-13,Affiliate,139.05
2025-04-15,Affiliate,164.31
2025-04-17,Affiliate,106.22
2025-04-21,Affiliate,59.12
2025-04-22,Affiliate,138.37
2025-04-25,Affiliate,42.54
2025-04-27,Affiliate,56
2025-05-02,Affiliate,168.27
2025-05-04,Affiliate,37.53
2025-05-08,Affiliate,97.365
2025-05-09,Affiliate,67.8
2025-05-12,Affiliate,124.61
2025-05-13,Affiliate,132.17
2025-05-14,Affiliate,80.3433333333333
2025-05-15,Affiliate,106.75
2025-05-20,Affiliate,131.5
2025-05-23,Affiliate,237.93
2025-05-27,Affiliate,56.98
2025-05-28,Affiliate,132.07
2025-05-30,Affiliate,76.21
2025-06-01,Affiliate,55.33
2025-06-02,Affiliate,111.55
2025-06-05,Affiliate,46.63
2025-06-07,Affiliate,80.23
2025-06-08,Affiliate,77.085
2025-06-14,Affiliate,55.5
2025-06-25,Affiliate,132.45
2025-06-26,Affiliate,31.22
2025-06-27,Affiliate,97.655
2025-06-29,Affiliate,46.76
2025-06-30,Affiliate,26.31
2025-07-02,Affiliate,58.27
2025-07-11,Affiliate,93.47
2025-07-13,Affiliate,80.57
2025-07-16,Affiliate,83.35
2025-07-19,Affiliate,32.91
2025-07-21,Affiliate,54.055
2025-07-27,Affiliate,106.04
2025-07-28,Affiliate,92.56
2025-07-30,Affiliate,49.43
2025-08-05,Affiliate,38.88
2025-08-07,Affiliate,49.64
2025-08-08,Affiliate,63.37
2025-08-11,Affiliate,63.39
2025-08-14,Affiliate,53.83
2025-08-16,Affiliate,77.12
2025-08-17,Affiliate,138.53
2025-08-20,Affiliate,84.31
2025-08-21,Affiliate,519.857490730556
2025-08-23,Affiliate,79.37
2025-08-27,Affiliate,75.65
2025-08-30,Affiliate,59.99
2025-08-31,Affiliate,32.08
2025-09-01,Affiliate,117.51
2025-09-05,Affiliate,76.155
2025-09-06,Affiliate,54.52
2025-09-10,Affiliate,52.65
2025-09-13,Affiliate,29.57
2025-09-17,Affiliate,157.18
2025-09-18,Affiliate,89.98
2025-09-22,Affiliate,48.39
2025-09-25,Affiliate,54.45
2025-09-29,Affiliate,54.99
2025-09-30,Affiliate,99.41
2025-10-01,Affiliate,58.08
2025-10-03,Affiliate,76.17
2025-10-04,Affiliate,69.49
2025-10-07,Affiliate,36.46
2025-10-10,Affiliate,34.91
2025-10-15,Affiliate,100.845
2025-10-20,Affiliate,101.29
2025-10-22,Affiliate,109.15
2025-10-25,Affiliate,45.985
2025-10-31,Affiliate,60.15
2025-11-08,Affiliate,109.49
2025-11-10,Affiliate,84.36
2025-11-12,Affiliate,83.82
2025-11-13,Affiliate,94.41
2025-11-14,Affiliate,75.49
2025-11-18,Affiliate,113.76
2025-11-27,Affiliate,100.64
2025-11-28,Affiliate,124.93
2025-11-30,Affiliate,128.67
2025-12-03,Affiliate,43.37
2025-12-08,Affiliate,97.39
2025-12-13,Affiliate,77.57
2025-12-14,Affiliate,168.62
2025-12-15,Affiliate,118.51
2025-12-16,Affiliate,153.29
2025-12-23,Affiliate,123.26
2025-12-24,Affiliate,43.21
2025-12-26,Affiliate,140.835
2025-12-30,Affiliate,134.74
2025-12-31,Affiliate,118.08
2023-01-01,Direct,177.875
2023-01-04,Direct,156.26
2023-01-05,Direct,204.33
2023-01-06,Direct,111.32
2023-01-09,Direct,108.14
2023-01-10,Direct,392.95
2023-01-12,Direct,150.74
2023-01-15,Direct,199.96
2023-01-16,Direct,172.483333333333
2023-01-17,Direct,428.63
2023-01-19,Direct,99.365
2023-01-21,Direct,219.865
2023-01-24,Direct,213.71
2023-01-25,Direct,104.39
2023-01-27,Direct,85.84
2023-01-28,Direct,228.41
2023-01-29,Direct,134.27
2023-02-05,Direct,370.05
2023-02-06,Direct,191.12
2023-02-07,Direct,74.43
2023-02-09,Direct,177.115
2023-02-10,Direct,485.51
2023-02-11,Direct,219
2023-02-12,Direct,155.35
2023-02-13,Direct,96.88
2023-02-16,Direct,114.26
2023-02-17,Direct,292.0775
2023-02-18,Direct,244.3
2023-02-21,Direct,199.485
2023-02-25,Direct,235.295
2023-02-26,Direct,154.14
2023-03-02,Direct,192.335
2023-03-03,Direct,150.15
2023-03-07,Direct,104.02
2023-03-08,Direct,175.825
2023-03-09,Direct,183.33
2023-03-10,Direct,108.193333333333
2023-03-11,Direct,338.826666666667
2023-03-13,Direct,181.77
2023-03-14,Direct,199.46
2023-03-18,Direct,205.6
2023-03-23,Direct,126.56
2023-03-24,Direct,468.57
2023-03-26,Direct,144.2025
2023-03-27,Direct,67.54
2023-03-28,Direct,142.28
2023-03-29,Direct,420.17
2023-03-30,Direct,334.28
2023-03-31,Direct,188.96
2023-04-01,Direct,160.98
2023-04-02,Direct,250.15
2023-04-03,Direct,257.265
2023-04-05,Direct,198.17
2023-04-06,Direct,327.405
2023-04-08,Direct,49.705
2023-04-17,Direct,183.78
2023-04-20,Direct,192.08
2023-04-21,Direct,467.055
2023-04-22,Direct,168.31
2023-05-01,Direct,153.57
2023-05-02,Direct,161.65
2023-05-05,Direct,136.19
2023-05-06,Direct,185.37
2023-05-09,Direct,178.83
2023-05-13,Direct,236.69
2023-05-14,Direct,337.26
2023-05-15,Direct,140.7
2023-05-17,Direct,102.77
2023-05-19,Direct,206.67
2023-05-20,Direct,140.32
2023-05-21,Direct,222.56
2023-05-24,Direct,198.33
2023-05-25,Direct,160.56
2023-05-26,Direct,87.38
2023-05-28,Direct,237.65
2023-05-29,Direct,233.5
2023-05-31,Direct,259.97
2023-06-01,Direct,190.66
2023-06-02,Direct,325.36
2023-06-03,Direct,120.53
2023-06-04,Direct,530.008585604013
2023-06-05,Direct,91.59
2023-06-06,Direct,136.223333333333
2023-06-07,Direct,174.446666666667
2023-06-08,Direct,57.89
2023-06-10,Direct,345.23
2023-06-14,Direct,114.46
2023-06-15,Direct,112.38
2023-06-18,Direct,226.7
2023-06-20,Direct,150.49
2023-06-21,Direct,182.293333333333
2023-06-23,Direct,324.39
2023-06-24,Direct,315.08
2023-06-26,Direct,101.2
2023-06-27,Direct,172.0325
2023-06-28,Direct,297.4
2023-06-30,Direct,197.335
2023-07-01,Direct,205.836666666667
2023-07-02,Direct,210.6
2023-07-06,Direct,174.33
2023-07-07,Direct,70.44
2023-07-08,Direct,160.725
2023-07-09,Direct,151.83
2023-07-10,Direct,180.49
2023-07-13,Direct,28.73
2023-07-14,Direct,329.94
2023-07-15,Direct,50.2
2023-07-16,Direct,237.28
2023-07-17,Direct,111.57
2023-07-19,Direct,102.735
2023-07-20,Direct,77.22
2023-07-22,Direct,192.77
2023-07-23,Direct,125.16
2023-07-24,Direct,197.396666666667
2023-07-25,Direct,161.44
2023-07-27,Direct,187.47
2023-07-29,Direct,103.68
2023-07-30,Direct,182.325
2023-07-31,Direct,228.92
2023-08-01,Direct,143.8
2023-08-03,Direct,162.063333333333
2023-08-07,Direct,124.62
2023-08-08,Direct,157.24
2023-08-15,Direct,75.29
2023-08-17,Direct,261.455
2023-08-18,Direct,259.53
2023-08-19,Direct,165.235
2023-08-20,Direct,137.835
2023-08-21,Direct,131.89
2023-08-23,Direct,125.83
2023-08-27,Direct,199.82
2023-08-28,Direct,169.82
2023-08-31,Direct,86.91
2023-09-02,Direct,93.0333333333333
2023-09-05,Direct,202.26
2023-09-06,Direct,48.78
2023-09-10,Direct,119.02
2023-09-11,Direct,63.91
2023-09-12,Direct,95.85
2023-09-14,Direct,90.995
2023-09-17,Direct,99.72
2023-09-18,Direct,134.85
2023-09-20,Direct,97.61
2023-09-21,Direct,68.76
2023-09-26,Direct,98.62
2023-09-30,Direct,98.5566666666667
2023-10-02,Direct,125.99
2023-10-03,Direct,92.21
2023-10-04,Direct,81.43
2023-10-06,Direct,159.38
2023-10-07,Direct,162.01
2023-10-08,Direct,145.49
2023-10-10,Direct,84.64
2023-10-12,Direct,140.81
2023-10-15,Direct,157.525
2023-10-18,Direct,223.46
2023-10-19,Direct,108.15
2023-10-21,Direct,46.2
2023-10-22,Direct,147.69
2023-10-24,Direct,206.095
2023-10-25,Direct,62.85
2023-10-26,Direct,155.065
2023-10-28,Direct,100.51
2023-10-30,Direct,96.15
2023-11-01,Direct,343.38
2023-11-03,Direct,253.545
2023-11-05,Direct,167.19
2023-11-06,Direct,168.88
2023-11-07,Direct,167.58
2023-11-10,Direct,82.05
2023-11-13,Direct,233.06
2023-11-15,Direct,152.03
2023-11-21,Direct,246.59
2023-11-22,Direct,84.685
2023-11-25,Direct,148.45
2023-11-27,Direct,229.3
2023-11-28,Direct,155.79
2023-11-29,Direct,116.95
2023-11-30,Direct,115.54
2023-12-01,Direct,158.05
2023-12-03,Direct,122.25
2023-12-04,Direct,140.17
2023-12-05,Direct,260.85
2023-12-06,Direct,152.18
2023-12-08,Direct,86.63
2023-12-09,Direct,143.195
2023-12-10,Direct,236.635
2023-12-11,Direct,116
2023-12-12,Direct,185.25
2023-12-15,Direct,92.11
2023-12-18,Direct,163.5
2023-12-19,Direct,221.63
2023-12-20,Direct,97.115
2023-12-21,Direct,329.54
2023-12-22,Direct,135.04
2023-12-23,Direct,165.36
2023-12-27,Direct,115.65
2023-12-29,Direct,347.04
2023-12-30,Direct,121.74
2024-01-01,Direct,179.61
2024-01-02,Direct,244.805
2024-01-07,Direct,154.365
2024-01-09,Direct,180.05
2024-01-10,Direct,63.51
2024-01-14,Direct,172.81
2024-01-15,Direct,318.26
2024-01-16,Direct,206.78
2024-01-17,Direct,168.46
2024-01-18,Direct,172.56
2024-01-20,Direct,345.58
2024-01-21,Direct,115.785
2024-01-23,Direct,122.94
2024-01-25,Direct,139.53
2024-01-26,Direct,136.94
2024-01-27,Direct,241.51
2024-01-31,Direct,171.13
2024-02-01,Direct,161.16
2024-02-03,Direct,88.15
2024-02-04,Direct,164.54
2024-02-05,Direct,417.58
2024-02-09,Direct,266.2
2024-02-10,Direct,143.95
2024-02-13,Direct,379.45
2024-02-16,Direct,202.42
2024-02-17,Direct,92.7
2024-02-18,Direct,192.29
2024-02-19,Direct,129.86
2024-02-20,Direct,194.09
2024-02-23,Direct,160.133333333333
2024-02-28,Direct,121.73
2024-03-01,Direct,397.99
2024-03-02,Direct,163.25
2024-03-03,Direct,176.78
2024-03-06,Direct,253.2
2024-03-07,Direct,170.575
2024-03-08,Direct,95.75
2024-03-09,Direct,98.66
2024-03-11,Direct,171.27
2024-03-12,Direct,240.01
2024-03-14,Direct,338.32
2024-03-15,Direct,148.85
2024-03-16,Direct,107.61
2024-03-19,Direct,235.135
2024-03-20,Direct,248.475
2024-03-21,Direct,176.185
2024-03-23,Direct,186.835
2024-03-25,Direct,57.28
2024-03-28,Direct,621.61
2024-03-29,Direct,516.59
2024-03-30,Direct,256.63
2024-03-31,Direct,421.57
2024-04-01,Direct,1195.30785427409
2024-04-07,Direct,155.485
2024-04-09,Direct,433.58
2024-04-13,Direct,91.6
2024-04-14,Direct,258.07
2024-04-15,Direct,100.85
2024-04-16,Direct,261.4
2024-04-17,Direct,276.86
2024-04-18,Direct,226.31
2024-04-22,Direct,54.63
2024-04-23,Direct,289.875
2024-04-24,Direct,270.47
2024-04-26,Direct,138.54
2024-04-27,Direct,80.46
2024-04-29,Direct,240.28
2024-05-01,Direct,277.2
2024-05-03,Direct,141.28
2024-05-04,Direct,111.99
2024-05-05,Direct,250.74
2024-05-06,Direct,214.065
2024-05-11,Direct,145.42
2024-05-14,Direct,187.16
2024-05-16,Direct,231.085
2024-05-17,Direct,89.11
2024-05-19,Direct,260.605
2024-05-21,Direct,175.122
2024-05-24,Direct,309.235
2024-05-25,Direct,390.18
2024-05-30,Direct,180.875
2024-06-01,Direct,264.75
2024-06-03,Direct,142.616666666667
2024-06-04,Direct,293.21
2024-06-05,Direct,174.38
2024-06-08,Direct,80.1
2024-06-09,Direct,164.5
2024-06-10,Direct,228.74
2024-06-13,Direct,338.7
2024-06-15,Direct,245.5
2024-06-16,Direct,141.983333333333
2024-06-17,Direct,226.62
2024-06-18,Direct,85.11
2024-06-21,Direct,220.945
2024-06-22,Direct,119.983333333333
2024-06-23,Direct,216.165
2024-06-24,Direct,137.97
2024-06-26,Direct,84.05
2024-06-28,Direct,131.36
2024-06-29,Direct,307.39
2024-06-30,Direct,103.06
2024-07-04,Direct,107.05
2024-07-08,Direct,116.45
2024-07-09,Direct,128.01
2024-07-11,Direct,208.61
2024-07-13,Direct,64.51
2024-07-15,Direct,202.636666666667
2024-07-16,Direct,197
2024-07-19,Direct,83.07
2024-07-20,Direct,173.553333333333
2024-07-21,Direct,104.895
2024-07-24,Direct,116.44
2024-07-25,Direct,153.87
2024-07-30,Direct,47.6
2024-08-01,Direct,156.74
2024-08-02,Direct,184.51
2024-08-04,Direct,182.88
2024-08-07,Direct,184.44
2024-08-08,Direct,173.93
2024-08-10,Direct,76.39
2024-08-11,Direct,185.18
2024-08-12,Direct,134.35
2024-08-13,Direct,262.81
2024-08-16,Direct,69.725
2024-08-18,Direct,135.11
2024-08-20,Direct,209.55
2024-08-21,Direct,148.59
2024-08-22,Direct,191.505
2024-08-24,Direct,117.17
2024-08-26,Direct,115.785
2024-08-27,Direct,194.07
2024-08-28,Direct,140.99
2024-09-02,Direct,108.49
2024-09-05,Direct,221.605
2024-09-06,Direct,89.56
2024-09-07,Direct,184.25
2024-09-09,Direct,237.17
2024-09-12,Direct,913.819229853298
2024-09-13,Direct,151.79
2024-09-15,Direct,92.89
2024-09-16,Direct,86.1666666666667
2024-09-17,Direct,103.24
2024-09-19,Direct,315.51
2024-09-20,Direct,269.49
2024-09-25,Direct,112.3
2024-09-28,Direct,133.15
2024-09-30,Direct,186.16
2024-10-01,Direct,202.47
2024-10-02,Direct,87.745
2024-10-03,Direct,216.4
2024-10-05,Direct,110.12
2024-10-06,Direct,104.76
2024-10-07,Direct,173.46
2024-10-08,Direct,111.545
2024-10-10,Direct,182.87
2024-10-19,Direct,116.28
2024-10-21,Direct,105.2
2024-10-25,Direct,117.49
2024-10-27,Direct,205.796666666667
2024-10-28,Direct,104.97
2024-10-29,Direct,60.61
2024-10-30,Direct,108.8
2024-11-03,Direct,209.23
2024-11-06,Direct,98.88
2024-11-07,Direct,176.395
2024-11-08,Direct,197.305
2024-11-09,Direct,154.04
2024-11-11,Direct,122.55
2024-11-16,Direct,185.53
2024-11-17,Direct,175.345
2024-11-19,Direct,314.77
2024-11-20,Direct,134.156666666667
2024-11-24,Direct,187.68
2024-11-28,Direct,183.27
2024-12-03,Direct,122.56
2024-12-07,Direct,263.13
2024-12-08,Direct,73.43
2024-12-09,Direct,337.91
2024-12-14,Direct,123.49
2024-12-15,Direct,73.2
2024-12-16,Direct,70.94
2024-12-17,Direct,146.314
2024-12-18,Direct,234.76
2024-12-19,Direct,122.165
2024-12-22,Direct,199.91
2024-12-23,Direct,267.16
2024-12-24,Direct,145.815
2024-12-29,Direct,148.22
2025-01-03,Direct,304.71
2025-01-04,Direct,236.2
2025-01-07,Direct,105.84
2025-01-08,Direct,194.01
2025-01-10,Direct,110.31
2025-01-12,Direct,98.8
2025-01-14,Direct,131.23
2025-01-15,Direct,251.2
2025-01-16,Direct,202.62
2025-01-18,Direct,168.655
2025-01-19,Direct,329.29
2025-01-20,Direct,153.96
2025-01-26,Direct,431.89
2025-01-27,Direct,139.96
2025-01-29,Direct,147.07
2025-01-30,Direct,212.185
2025-02-01,Direct,165.38
2025-02-02,Direct,364.67
2025-02-03,Direct,566.28
2025-02-08,Direct,543.11
2025-02-10,Direct,112.03
2025-02-11,Direct,241.655
2025-02-12,Direct,159.74
2025-02-15,Direct,424.99
2025-02-16,Direct,144.465
2025-02-20,Direct,445.04
2025-02-22,Direct,270.42
2025-02-23,Direct,76.8
2025-02-24,Direct,75.83
2025-02-27,Direct,317.32
2025-02-28,Direct,228.03
2025-03-01,Direct,357.48
2025-03-02,Direct,227.35
2025-03-03,Direct,214.6275
2025-03-04,Direct,295.63
2025-03-05,Direct,181.19
2025-03-08,Direct,356.2
2025-03-09,Direct,303.81
2025-03-10,Direct,195.68
2025-03-11,Direct,229.08
2025-03-13,Direct,120.755
2025-03-15,Direct,308.013333333333
2025-03-16,Direct,889.668252308845
2025-03-17,Direct,111.36
2025-03-21,Direct,284.74
2025-03-23,Direct,346.125
2025-03-25,Direct,160.15
2025-03-26,Direct,262.805
2025-03-30,Direct,194.36
2025-04-02,Direct,166.63
2025-04-04,Direct,124.05
2025-04-05,Direct,240.365
2025-04-06,Direct,172.29
2025-04-07,Direct,141.345
2025-04-09,Direct,91.82
2025-04-10,Direct,383.21
2025-04-12,Direct,212.156666666667
2025-04-14,Direct,280.595
2025-04-15,Direct,183.05
2025-04-16,Direct,280.48
2025-04-17,Direct,122.99
2025-04-19,Direct,211.28
2025-04-20,Direct,236.15
2025-04-21,Direct,269.165
2025-04-23,Direct,242.45
2025-04-24,Direct,293.32
2025-04-25,Direct,365.695
2025-04-27,Direct,195.77
2025-05-01,Direct,121.746666666667
2025-05-02,Direct,205.18
2025-05-03,Direct,233.44
2025-05-04,Direct,78.65
2025-05-06,Direct,219.196666666667
2025-05-10,Direct,179.12
2025-05-11,Direct,133.905
2025-05-15,Direct,154.705
2025-05-16,Direct,226.51
2025-05-19,Direct,545.27
2025-05-21,Direct,227.925
2025-05-23,Direct,111.3
2025-05-24,Direct,97.27
2025-05-25,Direct,160.19
2025-05-26,Direct,176.98
2025-05-27,Direct,96.435
2025-05-28,Direct,277.145
2025-05-29,Direct,220.58
2025-05-30,Direct,95.76
2025-05-31,Direct,320.815
2025-06-01,Direct,112.34
2025-06-03,Direct,163.5825
2025-06-04,Direct,426.31
2025-06-09,Direct,204.73
2025-06-11,Direct,205.995
2025-06-12,Direct,168.44
2025-06-13,Direct,112.32
2025-06-14,Direct,180.02
2025-06-15,Direct,202.385
2025-06-16,Direct,312.4
2025-06-17,Direct,157.9
2025-06-18,Direct,174.355
2025-06-19,Direct,151.085
2025-06-22,Direct,217.865
2025-06-24,Direct,169.4725
2025-06-26,Direct,248.23
2025-06-27,Direct,63.92
2025-06-30,Direct,250.385
2025-07-04,Direct,72.56
2025-07-05,Direct,45.38
2025-07-07,Direct,199.05
2025-07-08,Direct,76.365
2025-07-09,Direct,116.08
2025-07-10,Direct,607.016607062295
2025-07-11,Direct,220.75
2025-07-12,Direct,249.06
2025-07-13,Direct,118.24
2025-07-17,Direct,154.03
2025-07-20,Direct,145.875
2025-07-26,Direct,113.81
2025-07-27,Direct,176.43
2025-07-29,Direct,221.875
2025-07-30,Direct,127.1325
2025-08-02,Direct,139.95
2025-08-03,Direct,58.93
2025-08-07,Direct,214.11
2025-08-08,Direct,106.89
2025-08-11,Direct,167.75
2025-08-13,Direct,213.5
2025-08-14,Direct,103.4
2025-08-15,Direct,238.14
2025-08-16,Direct,87.46
2025-08-18,Direct,155.46
2025-08-19,Direct,223.06
2025-08-25,Direct,298.745
2025-08-26,Direct,216.01
2025-08-28,Direct,157.6
2025-09-01,Direct,330.68
2025-09-02,Direct,206.45
2025-09-03,Direct,93.98
2025-09-04,Direct,134.35
2025-09-08,Direct,70.215
2025-09-10,Direct,91.97
2025-09-11,Direct,272.02
2025-09-16,Direct,97.57
2025-09-21,Direct,72.36
2025-09-23,Direct,142.17
2025-09-25,Direct,167.76
2025-09-28,Direct,232.5
2025-09-29,Direct,100.03
2025-09-30,Direct,83.07
2025-10-01,Direct,116.685
2025-10-02,Direct,176.76
2025-10-03,Direct,299.65
2025-10-06,Direct,125.24
2025-10-07,Direct,77.68
2025-10-08,Direct,126.626666666667
2025-10-11,Direct,118.5
2025-10-14,Direct,151.89
2025-10-15,Direct,196.385
2025-10-16,Direct,169.28
2025-10-20,Direct,151.16
2025-10-21,Direct,138.01
2025-10-22,Direct,205.42
2025-10-23,Direct,42.73
2025-10-24,Direct,182.15
2025-10-25,Direct,116.9
2025-10-26,Direct,135.91
2025-10-30,Direct,261.1
2025-11-01,Direct,86.35
2025-11-05,Direct,152.13
2025-11-08,Direct,147.2
2025-11-09,Direct,300.47
2025-11-11,Direct,270.8
2025-11-12,Direct,171.956666666667
2025-11-13,Direct,93.07
2025-11-15,Direct,162.6
2025-11-16,Direct,113.05
2025-11-17,Direct,220.38
2025-11-18,Direct,157.03
2025-11-20,Direct,60.87
2025-11-21,Direct,179.61
2025-11-23,Direct,252.27
2025-11-24,Direct,251.96
2025-11-26,Direct,137.265
2025-11-29,Direct,206.57
2025-12-03,Direct,111.18
2025-12-04,Direct,174.55
2025-12-06,Direct,367.19
2025-12-07,Direct,104.88
2025-12-09,Direct,133.93
2025-12-11,Direct,215.64
2025-12-14,Direct,438.715
2025-12-16,Direct,48.06
2025-12-17,Direct,179.47
2025-12-18,Direct,212.02
2025-12-19,Direct,275.84
2025-12-20,Direct,303.91
2025-12-21,Direct,147.53
2025-12-22,Direct,143.17
2025-12-24,Direct,25.57
2025-12-25,Direct,280.99
2025-12-27,Direct,171.52
2025-12-28,Direct,208.62
2025-12-29,Direct,377.19
2025-12-31,Direct,163.5
2023-01-01,Email,171.1
2023-01-05,Email,311.75
2023-01-06,Email,222.24
2023-01-07,Email,296.52
2023-01-10,Email,499.85
2023-01-11,Email,191.27
2023-01-12,Email,198.61
2023-01-16,Email,234.96
2023-01-22,Email,148.54
2023-01-24,Email,412.7
2023-01-25,Email,408.705
2023-01-28,Email,136.41
2023-01-29,Email,302.86
2023-01-30,Email,124.37
2023-02-02,Email,252.88
2023-02-03,Email,348.99
2023-02-05,Email,453.45
2023-02-08,Email,354.41
2023-02-10,Email,247.26
2023-02-12,Email,291.22
2023-02-13,Email,146.23
2023-02-14,Email,292.27
2023-02-17,Email,201.9
2023-02-21,Email,94.25
2023-02-23,Email,670.54
2023-03-02,Email,305.5
2023-03-03,Email,576.75
2023-03-04,Email,355.28
2023-03-05,Email,204.76
2023-03-06,Email,323.18
2023-03-09,Email,262.39
2023-03-11,Email,157.11
2023-03-13,Email,958.88
2023-03-20,Email,761.235
2023-03-22,Email,305.575
2023-03-23,Email,395.11
2023-03-24,Email,391.295
2023-03-25,Email,309.48
2023-03-27,Email,207.88
2023-03-30,Email,618.45
2023-04-01,Email,686.2
2023-04-03,Email,323.19
2023-04-04,Email,326.07
2023-04-05,Email,431.97
2023-04-07,Email,261.3775
2023-04-09,Email,263.82
2023-04-10,Email,492.37
2023-04-11,Email,330.77
2023-04-12,Email,448.765
2023-04-13,Email,511.07
2023-04-18,Email,697.036666666667
2023-04-19,Email,296.14
2023-04-21,Email,732.605
2023-04-23,Email,438.2
2023-05-01,Email,316.04
2023-05-04,Email,318.073333333333
2023-05-05,Email,150.67
2023-05-06,Email,601.43
2023-05-08,Email,186.235
2023-05-10,Email,175.25
2023-05-11,Email,438.93
2023-05-13,Email,269.28
2023-05-15,Email,602.83
2023-05-16,Email,429.93
2023-05-17,Email,207.58
2023-05-18,Email,343.83
2023-05-19,Email,305.63
2023-05-21,Email,196.08
2023-05-23,Email,457.75
2023-05-24,Email,120.29
2023-05-26,Email,177.49
2023-05-28,Email,248.5
2023-05-30,Email,275.79
2023-05-31,Email,256.91
2023-06-01,Email,200.58
2023-06-02,Email,322.39
2023-06-03,Email,320.3
2023-06-04,Email,266.95
2023-06-05,Email,175.37
2023-06-06,Email,275.38
2023-06-07,Email,249
2023-06-08,Email,290.83
2023-06-10,Email,119.17
2023-06-11,Email,376.68
2023-06-12,Email,583.47
2023-06-14,Email,424.41
2023-06-15,Email,149.57
2023-06-16,Email,147.9
2023-06-18,Email,332.39
2023-06-19,Email,181.21
2023-06-20,Email,547.236666666667
2023-06-25,Email,173.55
2023-06-26,Email,309.645
2023-06-27,Email,353.75
2023-06-28,Email,134.07
2023-06-30,Email,332.295
2023-07-01,Email,105.05
2023-07-02,Email,410.53
2023-07-03,Email,93.79
2023-07-06,Email,308.07
2023-07-07,Email,275.166666666667
2023-07-08,Email,265.04
2023-07-09,Email,208.415
2023-07-13,Email,166.09
2023-07-14,Email,260.65
2023-07-16,Email,136.04
2023-07-17,Email,170.74
2023-07-19,Email,266.18
2023-07-23,Email,299.51
2023-07-24,Email,314.79
2023-07-25,Email,54.64
2023-07-26,Email,358.5
2023-07-27,Email,175.73
2023-07-29,Email,258.62
2023-07-30,Email,620.49
2023-07-31,Email,196.61
2023-08-01,Email,195.62
2023-08-03,Email,316.7
2023-08-05,Email,186.58
2023-08-10,Email,405.2
2023-08-12,Email,174.95
2023-08-13,Email,272.78
2023-08-14,Email,213.85
2023-08-16,Email,358.97
2023-08-17,Email,192.38
2023-08-18,Email,239.43
2023-08-20,Email,247.71
2023-08-21,Email,400.493333333333
2023-08-22,Email,577.71
2023-08-24,Email,302.8
2023-08-28,Email,301.2
2023-08-29,Email,418
2023-09-02,Email,164.51
2023-09-06,Email,151.6
2023-09-13,Email,209.23
2023-09-14,Email,350.5
2023-09-15,Email,269.84
2023-09-16,Email,123.52
2023-09-17,Email,304.375
2023-09-18,Email,278.46
2023-09-19,Email,307.34
2023-09-20,Email,212.8
2023-09-21,Email,210.08
2023-09-23,Email,139.785
2023-09-27,Email,228.88
2023-09-28,Email,229.48
2023-09-29,Email,241.69
2023-09-30,Email,135.45
2023-10-01,Email,427.29
2023-10-04,Email,138.48
2023-10-06,Email,150.7
2023-10-08,Email,226.93
2023-10-10,Email,381.51
2023-10-11,Email,112.14
2023-10-12,Email,394.24
2023-10-13,Email,133.47
2023-10-17,Email,379.48
2023-10-19,Email,470.13
2023-10-20,Email,314.22
2023-10-21,Email,693.79
2023-10-24,Email,173.75
2023-10-25,Email,84.31
2023-10-26,Email,196.175
2023-10-27,Email,333
2023-10-31,Email,515.02
2023-11-03,Email,213.06
2023-11-04,Email,423.82
2023-11-06,Email,609.57
2023-11-07,Email,235.23
2023-11-09,Email,234.53
2023-11-10,Email,339.21
2023-11-16,Email,301.68
2023-11-17,Email,132.04
2023-11-18,Email,695.96
2023-11-19,Email,118.29
2023-11-22,Email,340.08
2023-11-23,Email,336.24
2023-11-26,Email,172.03
2023-11-28,Email,149.33
2023-11-30,Email,167.765
2023-12-02,Email,113.25
2023-12-06,Email,382.215
2023-12-08,Email,358.41
2023-12-12,Email,296.43
2023-12-15,Email,425.48
2023-12-20,Email,249.695
2023-12-21,Email,250.48
2023-12-22,Email,466.69
2023-12-24,Email,293.12
2023-12-25,Email,163.37
2023-12-26,Email,392.78
2023-12-27,Email,196.105
2023-12-29,Email,140.3
2023-12-30,Email,130.23
2024-01-01,Email,742.5
2024-01-03,Email,645.6
2024-01-04,Email,323.71
2024-01-06,Email,302.25
2024-01-08,Email,231.69
2024-01-09,Email,499.84
2024-01-11,Email,234.71
2024-01-12,Email,576.36
2024-01-14,Email,236.92
2024-01-16,Email,499.32
2024-01-19,Email,616.14
2024-01-26,Email,460.38
2024-01-27,Email,804.91
2024-01-28,Email,443.895
2024-02-01,Email,492.04
2024-02-02,Email,123.19
2024-02-04,Email,521.85
2024-02-05,Email,782.69
2024-02-06,Email,435.415
2024-02-08,Email,442.055
2024-02-09,Email,219.39
2024-02-10,Email,310.26
2024-02-11,Email,231.02
2024-02-12,Email,125.02
2024-02-13,Email,327.47
2024-02-14,Email,363.72
2024-02-15,Email,633.19
2024-02-17,Email,369.91
2024-02-19,Email,546.37
2024-02-24,Email,468.23
2024-02-25,Email,393.525
2024-02-26,Email,412.7
2024-03-03,Email,651.37
2024-03-05,Email,478.15
2024-03-06,Email,169.47
2024-03-08,Email,208.16
2024-03-12,Email,315.1
2024-03-13,Email,227.55
2024-03-14,Email,371.5
2024-03-16,Email,401.65
2024-03-17,Email,790.17
2024-03-18,Email,517.78
2024-03-19,Email,279.83
2024-03-20,Email,214.07
2024-03-22,Email,608.64
2024-03-23,Email,318.325
2024-03-24,Email,268.425
2024-03-26,Email,472.16
2024-03-28,Email,820.25
2024-04-02,Email,286.63
2024-04-03,Email,277.3
2024-04-05,Email,273.07
2024-04-06,Email,216.89
2024-04-07,Email,233.87
2024-04-10,Email,338
2024-04-14,Email,250.03
2024-04-15,Email,554.625
2024-04-16,Email,402.2
2024-04-17,Email,309.4
2024-04-19,Email,386.44
2024-04-24,Email,275.56
2024-04-26,Email,429.685
2024-04-29,Email,338.23
2024-04-30,Email,288.35
2024-05-01,Email,229.15
2024-05-02,Email,580.73
2024-05-05,Email,459.02
2024-05-06,Email,501.89
2024-05-08,Email,343.14
2024-05-13,Email,178.13
2024-05-15,Email,297.85
2024-05-19,Email,321.65
2024-05-21,Email,211.07
2024-05-22,Email,268.815
2024-05-23,Email,638.125
2024-05-26,Email,309.22
2024-05-29,Email,344.86
2024-05-30,Email,165.86
2024-06-02,Email,720.24
2024-06-03,Email,514.12
2024-06-05,Email,194.66
2024-06-08,Email,310.125
2024-06-09,Email,95.94
2024-06-10,Email,215.82
2024-06-11,Email,295.91
2024-06-13,Email,508.29
2024-06-16,Email,466.76
2024-06-17,Email,1358.12831053384
2024-06-18,Email,562.12
2024-06-19,Email,218.1
2024-06-21,Email,457.24
2024-06-25,Email,227.85
2024-06-26,Email,255.87
2024-06-28,Email,259.03
2024-07-03,Email,289.08
2024-07-04,Email,200.26
2024-07-06,Email,378.59
2024-07-07,Email,287.733333333333
2024-07-09,Email,187.18
2024-07-10,Email,256.62
2024-07-13,Email,674.67
2024-07-14,Email,228.92
2024-07-15,Email,167.385
2024-07-16,Email,239.35
2024-07-19,Email,106.13
2024-07-20,Email,338.716666666667
2024-07-25,Email,107.36
2024-07-26,Email,302.12
2024-07-27,Email,149.52
2024-07-28,Email,328.905
2024-07-30,Email,559.63
2024-08-02,Email,147.7
2024-08-04,Email,181.82
2024-08-08,Email,345.055
2024-08-10,Email,747.01
2024-08-12,Email,549.86
2024-08-13,Email,254.75
2024-08-14,Email,270.4
2024-08-21,Email,165.67
2024-08-23,Email,238.75
2024-08-28,Email,274.57
2024-08-29,Email,328.43
2024-08-31,Email,353.61
2024-09-02,Email,181.65
2024-09-03,Email,557.75
2024-09-06,Email,408.67
2024-09-09,Email,324.03
2024-09-10,Email,183.34
2024-09-12,Email,273.165
2024-09-14,Email,228.16
2024-09-15,Email,343.5
2024-09-18,Email,163.94
2024-09-19,Email,199.97
2024-09-21,Email,95.2
2024-09-23,Email,289.1
2024-09-24,Email,499.92
2024-09-25,Email,414.66
2024-09-29,Email,74.33
2024-10-01,Email,231.53
2024-10-04,Email,292.32
2024-10-06,Email,310.31
2024-10-07,Email,556.2
2024-10-08,Email,152.77
2024-10-09,Email,625.32
2024-10-13,Email,211.55
2024-10-17,Email,217.5
2024-10-19,Email,269.74
2024-10-20,Email,255.653333333333
2024-10-21,Email,367.06
2024-10-26,Email,211.5
2024-10-28,Email,229.07
2024-10-30,Email,246.31
2024-11-01,Email,336.57
2024-11-02,Email,396.85
2024-11-03,Email,373.87
2024-11-05,Email,159.68
2024-11-06,Email,298.72
2024-11-07,Email,455.67
2024-11-09,Email,229.665
2024-11-11,Email,249.29
2024-11-12,Email,266.21
2024-11-14,Email,122.91
2024-11-15,Email,284.74
2024-11-16,Email,201.42
2024-11-17,Email,164.5
2024-11-20,Email,186.47
2024-11-21,Email,255.04
2024-11-22,Email,196.2
2024-11-23,Email,146.43
2024-11-24,Email,68.22
2024-11-26,Email,261.62
2024-11-28,Email,440.55
2024-11-30,Email,295.733333333333
2024-12-01,Email,315.42
2024-12-03,Email,416.96
2024-12-04,Email,1988.26806874584
2024-12-06,Email,339.46
2024-12-10,Email,266.595
2024-12-12,Email,291.845
2024-12-13,Email,763.21
2024-12-18,Email,733.99
2024-12-19,Email,203.985
2024-12-20,Email,426.126666666667
2024-12-21,Email,120.96
2024-12-24,Email,504.84
2024-12-25,Email,258.53
2024-12-28,Email,176.03
2024-12-30,Email,188.93
2025-01-01,Email,704.58
2025-01-04,Email,349.05
2025-01-05,Email,524.24
2025-01-06,Email,676.92
2025-01-11,Email,368.72
2025-01-13,Email,327.41
2025-01-14,Email,468.74
2025-01-15,Email,613.975
2025-01-18,Email,223.39
2025-01-20,Email,431.08
2025-01-21,Email,240.63
2025-01-25,Email,489.4
2025-01-26,Email,495.52
2025-01-27,Email,341.42
2025-01-28,Email,392.385
2025-01-29,Email,294.26
2025-01-30,Email,248.0225
2025-01-31,Email,385.37
2025-02-03,Email,578.72
2025-02-05,Email,505.27
2025-02-09,Email,284.18
2025-02-12,Email,1012.47
2025-02-16,Email,450.59
2025-02-18,Email,799.03
2025-02-19,Email,336.78
2025-02-23,Email,300.89
2025-02-24,Email,797.824978910536
2025-02-25,Email,90.38
2025-03-03,Email,741.27
2025-03-06,Email,734.31
2025-03-07,Email,506.28
2025-03-08,Email,2317.77473425268
2025-03-09,Email,515.55
2025-03-10,Email,439.24
2025-03-12,Email,866.54
2025-03-14,Email,1203.32
2025-03-15,Email,375.52
2025-03-16,Email,489.09
2025-03-19,Email,318.203333333333
2025-03-21,Email,266.19
2025-03-22,Email,603.54
2025-03-24,Email,257.21
2025-03-25,Email,515.213333333333
2025-03-27,Email,217.22
2025-03-28,Email,670.455
2025-04-01,Email,162.785
2025-04-02,Email,444.42
2025-04-04,Email,304.225
2025-04-05,Email,480.733333333333
2025-04-08,Email,578.19
2025-04-10,Email,284.87
2025-04-13,Email,472.68
2025-04-14,Email,237.83
2025-04-15,Email,300.5
2025-04-16,Email,538.508903867869
2025-04-17,Email,495.06
2025-04-18,Email,495.45
2025-04-20,Email,1399.55
2025-04-21,Email,437.29
2025-04-22,Email,168.46
2025-04-23,Email,280.83
2025-04-25,Email,502.69
2025-04-28,Email,489.855
2025-04-29,Email,253.83
2025-04-30,Email,482.09
2025-05-03,Email,365.53
2025-05-04,Email,303.425
2025-05-08,Email,362.95
2025-05-09,Email,195.81
2025-05-10,Email,390.14
2025-05-12,Email,718.97
2025-05-14,Email,376.34
2025-05-19,Email,207.9
2025-05-20,Email,391.745
2025-05-23,Email,268.33
2025-05-24,Email,233.72
2025-05-25,Email,474.43
2025-05-26,Email,723.475
2025-05-27,Email,316.25
2025-05-28,Email,348
2025-05-29,Email,370.34
2025-05-30,Email,402.44
2025-06-02,Email,468.71
2025-06-04,Email,704.75
2025-06-05,Email,237.03
2025-06-09,Email,619.766666666667
2025-06-10,Email,195.335
2025-06-11,Email,605.94
2025-06-12,Email,520.46
2025-06-13,Email,333.48
2025-06-15,Email,353.17
2025-06-16,Email,523.045
2025-06-17,Email,397.72
2025-06-18,Email,247.82
2025-06-19,Email,170.57
2025-06-21,Email,370.395
2025-06-22,Email,355.92
2025-06-23,Email,328.29
2025-06-24,Email,437.385
2025-06-26,Email,241.92
2025-06-28,Email,217.87
2025-06-29,Email,513.73
2025-06-30,Email,308.83
2025-07-03,Email,171.95
2025-07-05,Email,152.48
2025-07-12,Email,391.205
2025-07-14,Email,155
2025-07-15,Email,272.21
2025-07-16,Email,563.62
2025-07-21,Email,493.195
2025-07-23,Email,301.703333333333
2025-07-25,Email,284.615
2025-07-26,Email,351.03
2025-07-27,Email,340.05
2025-07-28,Email,450.65
2025-07-29,Email,273.12
2025-07-31,Email,134.16
2025-08-01,Email,161.115
2025-08-02,Email,137.64
2025-08-03,Email,433.32
2025-08-04,Email,350.255
2025-08-05,Email,321.81
2025-08-06,Email,226.335
2025-08-10,Email,292.56
2025-08-12,Email,366.09
2025-08-13,Email,211.28
2025-08-14,Email,202.09
2025-08-16,Email,403.75
2025-08-18,Email,195.28
2025-08-20,Email,246.575
2025-08-21,Email,224.01
2025-08-22,Email,207.42
2025-08-24,Email,493.7
2025-08-25,Email,381.78
2025-08-27,Email,254.126666666667
2025-08-28,Email,132.76
2025-08-29,Email,503.01
2025-08-31,Email,478.78
2025-09-01,Email,130
2025-09-03,Email,462.72
2025-09-04,Email,212.385
2025-09-05,Email,320.48
2025-09-08,Email,297.395
2025-09-10,Email,248.1
2025-09-11,Email,337.173333333333
2025-09-12,Email,242.25
2025-09-15,Email,558.12
2025-09-20,Email,507.47
2025-09-24,Email,236.57
2025-09-25,Email,504.54
2025-09-26,Email,276.94
2025-09-27,Email,384.95
2025-09-28,Email,343.67
2025-09-29,Email,362.065
2025-10-02,Email,237.62
2025-10-03,Email,305.01
2025-10-07,Email,425.4
2025-10-09,Email,141.31
2025-10-10,Email,241.37
2025-10-11,Email,216.2
2025-10-12,Email,217.29
2025-10-13,Email,235.96
2025-10-15,Email,792.16
2025-10-16,Email,169.855
2025-10-18,Email,308.08
2025-10-20,Email,208.41
2025-10-22,Email,272.456666666667
2025-10-24,Email,407.28
2025-10-25,Email,229.76
2025-10-26,Email,324.67
2025-10-28,Email,405.57
2025-10-29,Email,238.94
2025-10-31,Email,576.84
2025-11-01,Email,579.32
2025-11-02,Email,531.23
2025-11-05,Email,223.125
2025-11-06,Email,401.55
2025-11-07,Email,82.78
2025-11-11,Email,271.033333333333
2025-11-12,Email,378.36
2025-11-14,Email,437.9
2025-11-15,Email,353.48
2025-11-17,Email,416.44
2025-11-18,Email,376.28
2025-11-19,Email,391.69
2025-11-20,Email,293.845
2025-11-21,Email,296.21
2025-11-22,Email,288.615
2025-11-30,Email,502.67
2025-12-01,Email,329.83
2025-12-04,Email,424.07
2025-12-05,Email,161.7
2025-12-10,Email,666.595
2025-12-11,Email,161.21
2025-12-12,Email,259.96
2025-12-15,Email,715.48
2025-12-18,Email,237.48
2025-12-19,Email,557.14
2025-12-23,Email,225.67
2025-12-24,Email,334.54
2025-12-27,Email,247.99
2023-01-01,Search,205.64
2023-01-02,Search,265.1
2023-01-04,Search,202.485
2023-01-05,Search,381.37
2023-01-06,Search,227.2
2023-01-07,Search,401.87
2023-01-08,Search,197.165
2023-01-09,Search,228.855
2023-01-10,Search,223.54
2023-01-11,Search,272.34
2023-01-12,Search,160.99
2023-01-13,Search,305.37
2023-01-14,Search,157.555
2023-01-15,Search,304.34
2023-01-16,Search,463.995
2023-01-18,Search,220.576
2023-01-21,Search,227.11
2023-01-22,Search,304.97
2023-01-23,Search,458.22
2023-01-24,Search,273.29
2023-01-26,Search,221.965
2023-01-27,Search,279.885
2023-01-28,Search,351.424
2023-01-29,Search,203.28
2023-01-31,Search,259.465
2023-02-01,Search,209.843333333333
2023-02-02,Search,146.45
2023-02-03,Search,124.76
2023-02-06,Search,257.4
2023-02-07,Search,300.61
2023-02-08,Search,108.635
2023-02-09,Search,302.65
2023-02-10,Search,166.92
2023-02-11,Search,387.99
2023-02-12,Search,348.12
2023-02-13,Search,315.345
2023-02-14,Search,121.04
2023-02-15,Search,290.906666666667
2023-02-16,Search,352.48
2023-02-18,Search,226.15
2023-02-20,Search,217.575
2023-02-21,Search,424.16
2023-02-22,Search,134.36
2023-02-23,Search,319.4625
2023-02-24,Search,273.75
2023-02-25,Search,277.156666666667
2023-02-27,Search,273.15
2023-02-28,Search,503.88
2023-03-03,Search,318.445
2023-03-04,Search,114.44
2023-03-05,Search,273.69
2023-03-07,Search,320.6975
2023-03-08,Search,190.45
2023-03-11,Search,310.94
2023-03-12,Search,165.68
2023-03-13,Search,509.66
2023-03-16,Search,773.88
2023-03-17,Search,229.1
2023-03-18,Search,192.375
2023-03-19,Search,138.95
2023-03-20,Search,322.623333333333
2023-03-21,Search,281.315
2023-03-23,Search,393.35
2023-03-25,Search,396.4175
2023-03-26,Search,236.44
2023-03-28,Search,551.37
2023-03-29,Search,294.353333333333
2023-03-30,Search,351.07
2023-03-31,Search,340.186666666667
2023-04-01,Search,237.2
2023-04-02,Search,198.29
2023-04-03,Search,249.98
2023-04-04,Search,142.17
2023-04-05,Search,305.52
2023-04-06,Search,275.073333333333
2023-04-07,Search,317.44
2023-04-08,Search,148.7
2023-04-09,Search,287.84
2023-04-10,Search,148.29
2023-04-11,Search,218.83
2023-04-12,Search,226.5575
2023-04-13,Search,311.93
2023-04-14,Search,235.863333333333
2023-04-15,Search,216.683333333333
2023-04-16,Search,70.78
2023-04-17,Search,173.07
2023-04-18,Search,168.56
2023-04-19,Search,277.6175
2023-04-21,Search,246.74
2023-04-23,Search,291.85
2023-04-24,Search,458.515
2023-04-26,Search,265.635
2023-04-27,Search,166.82
2023-04-28,Search,370.27
2023-04-29,Search,366.793333333333
2023-04-30,Search,292.615
2023-05-01,Search,216.18
2023-05-02,Search,290.32
2023-05-03,Search,222.693333333333
2023-05-05,Search,325.05
2023-05-06,Search,231.1
2023-05-07,Search,377.73
2023-05-08,Search,194.8925
2023-05-09,Search,339.74
2023-05-11,Search,166.655
2023-05-12,Search,197.25
2023-05-13,Search,73.99
2023-05-16,Search,321.54
2023-05-17,Search,263.043333333333
2023-05-18,Search,212.74
2023-05-19,Search,463.193333333333
2023-05-20,Search,315.93
2023-05-21,Search,231.2575
2023-05-22,Search,424.55
2023-05-23,Search,176.17
2023-05-24,Search,575.55
2023-05-25,Search,105.27
2023-05-26,Search,238.7575
2023-05-27,Search,242.52
2023-05-28,Search,203.2
2023-05-29,Search,467.3
2023-05-30,Search,369.486666666667
2023-05-31,Search,260.315
2023-06-01,Search,477.89
2023-06-02,Search,166.52
2023-06-03,Search,146.745
2023-06-04,Search,457.74
2023-06-05,Search,200.445
2023-06-06,Search,253.03
2023-06-07,Search,354.945
2023-06-08,Search,247.59
2023-06-09,Search,251.383333333333
2023-06-10,Search,186.71
2023-06-12,Search,290.37
2023-06-13,Search,309.18
2023-06-14,Search,588.925
2023-06-15,Search,132.045
2023-06-16,Search,185.99
2023-06-17,Search,140.81
2023-06-18,Search,224.106666666667
2023-06-19,Search,396.35
2023-06-20,Search,137.51
2023-06-21,Search,239.84
2023-06-22,Search,238.82
2023-06-24,Search,97.18
2023-06-26,Search,362.83
2023-06-29,Search,178.2
2023-06-30,Search,416.363582428757
2023-07-01,Search,241.905
2023-07-02,Search,188.505
2023-07-03,Search,212.8025
2023-07-04,Search,284.57
2023-07-05,Search,312.44
2023-07-06,Search,182.63
2023-07-07,Search,412.37
2023-07-08,Search,355.04
2023-07-11,Search,178.6975
2023-07-12,Search,135.74
2023-07-13,Search,276.02
2023-07-14,Search,309.97
2023-07-15,Search,266.905
2023-07-16,Search,152.225
2023-07-17,Search,221.36
2023-07-18,Search,88.095
2023-07-19,Search,247.09
2023-07-20,Search,209.5
2023-07-21,Search,140.705
2023-07-22,Search,205.403333333333
2023-07-23,Search,136.2
2023-07-24,Search,136.64
2023-07-27,Search,110.425
2023-07-28,Search,152.95
2023-07-29,Search,368.15
2023-07-30,Search,180.74
2023-07-31,Search,246.06
2023-08-01,Search,224.72
2023-08-02,Search,142.53
2023-08-03,Search,161.45
2023-08-04,Search,360.151724822152
2023-08-06,Search,163.78
2023-08-07,Search,423.82
2023-08-08,Search,221.73
2023-08-09,Search,160.93
2023-08-10,Search,98.93
2023-08-12,Search,169.265
2023-08-13,Search,148.68
2023-08-14,Search,166.23
2023-08-16,Search,213.98
2023-08-17,Search,252.193333333333
2023-08-18,Search,105.35
2023-08-20,Search,135.3
2023-08-21,Search,273.875
2023-08-22,Search,143.45
2023-08-25,Search,133.77
2023-08-26,Search,171
2023-08-27,Search,217.815
2023-08-28,Search,152.95
2023-08-29,Search,148.31
2023-08-30,Search,64.23
2023-09-02,Search,237.732
2023-09-03,Search,156.485
2023-09-04,Search,106.7
2023-09-05,Search,213.09
2023-09-06,Search,107.01
2023-09-07,Search,189.53
2023-09-08,Search,151.373333333333
2023-09-09,Search,118.56
2023-09-10,Search,116.82
2023-09-11,Search,177.035
2023-09-12,Search,193.8525
2023-09-14,Search,158.113333333333
2023-09-15,Search,110.07
2023-09-16,Search,291.11
2023-09-17,Search,119.49
2023-09-18,Search,77.93
2023-09-19,Search,217.4
2023-09-21,Search,191.085
2023-09-23,Search,233.02
2023-09-24,Search,124.956666666667
2023-09-25,Search,97.99
2023-09-26,Search,118.9
2023-09-27,Search,196.195
2023-09-28,Search,385.13
2023-09-29,Search,124.51
2023-09-30,Search,227.14
2023-10-02,Search,116.33
2023-10-03,Search,74.12
2023-10-04,Search,232.22
2023-10-06,Search,115.52
2023-10-07,Search,166.065
2023-10-10,Search,199.12
2023-10-11,Search,285.455
2023-10-12,Search,162.693333333333
2023-10-13,Search,158.13
2023-10-14,Search,85.77
2023-10-15,Search,202.95
2023-10-16,Search,201.83
2023-10-17,Search,156.28
2023-10-18,Search,226.62
2023-10-19,Search,164.5325
2023-10-20,Search,115.6
2023-10-21,Search,142.15
2023-10-23,Search,458.21
2023-10-24,Search,136.75
2023-10-26,Search,355.48
2023-10-28,Search,153.595
2023-10-29,Search,150.56
2023-10-30,Search,201.79
2023-10-31,Search,171.78
2023-11-01,Search,161.13
2023-11-02,Search,303.2
2023-11-03,Search,203.395
2023-11-04,Search,194.01
2023-11-05,Search,108.145
2023-11-06,Search,96.6
2023-11-07,Search,213.013333333333
2023-11-08,Search,70.93
2023-11-09,Search,270.926666666667
2023-11-10,Search,222.675
2023-11-12,Search,89.34
2023-11-13,Search,563.605
2023-11-14,Search,325.37
2023-11-15,Search,66.02
2023-11-16,Search,220.678333333333
2023-11-18,Search,323.17
2023-11-19,Search,157.62
2023-11-20,Search,343.515
2023-11-21,Search,150.87
2023-11-22,Search,262.335
2023-11-23,Search,255.3
2023-11-24,Search,369.72
2023-11-25,Search,229.88
2023-11-29,Search,183.45
2023-11-30,Search,173.41
2023-12-01,Search,229.7
2023-12-02,Search,258.855
2023-12-03,Search,317.5325
2023-12-04,Search,371.696666666667
2023-12-07,Search,149.87
2023-12-08,Search,200.21
2023-12-12,Search,226.343333333333
2023-12-13,Search,463.801125902992
2023-12-14,Search,254.38
2023-12-15,Search,318.715
2023-12-16,Search,772.577959520245
2023-12-17,Search,109.85
2023-12-18,Search,195.175
2023-12-19,Search,442.94
2023-12-20,Search,313.23
2023-12-21,Search,144.52
2023-12-22,Search,333.78
2023-12-23,Search,277.83
2023-12-26,Search,241.7925
2023-12-27,Search,197.02
2023-12-28,Search,302.856666666667
2023-12-29,Search,305.97
2023-12-31,Search,202.165
2024-01-01,Search,253.47
2024-01-03,Search,308.18
2024-01-06,Search,272.78
2024-01-09,Search,250.675
2024-01-10,Search,143.55
2024-01-12,Search,313.76
2024-01-13,Search,184.04
2024-01-14,Search,391.73
2024-01-17,Search,188.73
2024-01-19,Search,438.33
2024-01-20,Search,286.94
2024-01-21,Search,412.66
2024-01-22,Search,506.26
2024-01-23,Search,340.305
2024-01-24,Search,128.75
2024-01-25,Search,189.87
2024-01-26,Search,273.963333333333
2024-01-27,Search,239.03
2024-01-28,Search,544.86
2024-01-29,Search,183.22
2024-01-31,Search,325.59
2024-02-01,Search,219.37
2024-02-02,Search,210.265
2024-02-03,Search,316.56
2024-02-04,Search,346.36
2024-02-05,Search,364.556666666667
2024-02-06,Search,192.88
2024-02-08,Search,235.59
2024-02-09,Search,494.51
2024-02-10,Search,488.3
2024-02-11,Search,128.5
2024-02-14,Search,274.33
2024-02-15,Search,305.19
2024-02-16,Search,221.45
2024-02-17,Search,523.89
2024-02-19,Search,332.165
2024-02-20,Search,424.205
2024-02-21,Search,293.362
2024-02-22,Search,238.77
2024-02-23,Search,364.596666666667
2024-02-24,Search,342.48
2024-02-25,Search,377.9575
2024-02-27,Search,285.95
2024-02-28,Search,320.546666666667
2024-03-01,Search,347.38
2024-03-02,Search,347.586666666667
2024-03-03,Search,352.8
2024-03-05,Search,1863.60658035256
2024-03-07,Search,337.665
2024-03-08,Search,427.985
2024-03-09,Search,533.963333333333
2024-03-10,Search,469.56
2024-03-11,Search,437.12
2024-03-12,Search,368.753333333333
2024-03-13,Search,368.58
2024-03-14,Search,221.18
2024-03-16,Search,299.635
2024-03-17,Search,189.65
2024-03-18,Search,297.52
2024-03-20,Search,412.17
2024-03-21,Search,326.093333333333
2024-03-22,Search,190.005
2024-03-23,Search,299.656666666667
2024-03-24,Search,285.365
2024-03-26,Search,257.03
2024-03-27,Search,350.395
2024-03-28,Search,188.82
2024-03-29,Search,146.38
2024-03-30,Search,260.455
2024-03-31,Search,206.945
2024-04-01,Search,197.86
2024-04-02,Search,415.196666666667
2024-04-03,Search,166.1
2024-04-04,Search,291.47
2024-04-05,Search,231.266666666667
2024-04-06,Search,408.09
2024-04-07,Search,263.36
2024-04-08,Search,333.665
2024-04-09,Search,260.85
2024-04-10,Search,380.645
2024-04-11,Search,180.98
2024-04-12,Search,245.64
2024-04-14,Search,261.42
2024-04-15,Search,328.353333333333
2024-04-17,Search,745.69
2024-04-18,Search,344.393333333333
2024-04-19,Search,497.345
2024-04-21,Search,445.32
2024-04-22,Search,272.195
2024-04-23,Search,304.426666666667
2024-04-24,Search,205.22
2024-04-25,Search,236.52
2024-04-26,Search,421.14
2024-04-27,Search,333.22
2024-04-29,Search,574.66
2024-05-02,Search,242.39
2024-05-04,Search,168.29
2024-05-06,Search,381.44
2024-05-07,Search,416.84
2024-05-08,Search,211.756666666667
2024-05-09,Search,166.8
2024-05-10,Search,248.406666666667
2024-05-12,Search,200.45
2024-05-13,Search,159.85
2024-05-14,Search,325.695
2024-05-15,Search,299.555
2024-05-16,Search,242.91
2024-05-17,Search,206.99
2024-05-19,Search,307.155
2024-05-20,Search,184.71
2024-05-22,Search,346.06
2024-05-24,Search,141.58
2024-05-25,Search,539.56
2024-05-26,Search,109.65
2024-05-27,Search,228.84
2024-05-28,Search,164.23
2024-05-30,Search,142.32
2024-05-31,Search,373.53
2024-06-02,Search,312.045
2024-06-03,Search,245.85
2024-06-04,Search,600.82
2024-06-05,Search,207.61
2024-06-06,Search,359.45
2024-06-07,Search,354.21
2024-06-09,Search,205.2475
2024-06-10,Search,378.59
2024-06-12,Search,200.74
2024-06-13,Search,305.673333333333
2024-06-15,Search,256.47
2024-06-16,Search,226.176666666667
2024-06-20,Search,320.05
2024-06-21,Search,173.37
2024-06-23,Search,321.645
2024-06-24,Search,260.244
2024-06-25,Search,153.45
2024-06-26,Search,254.87
2024-06-27,Search,191.07
2024-06-28,Search,328.01
2024-06-30,Search,344.04
2024-07-01,Search,159.285
2024-07-02,Search,96.08
2024-07-04,Search,261.43
2024-07-05,Search,132.99
2024-07-06,Search,433.98
2024-07-07,Search,217.046666666667
2024-07-08,Search,191.86
2024-07-09,Search,164.625
2024-07-13,Search,288.163333333333
2024-07-15,Search,229.315
2024-07-16,Search,265.013333333333
2024-07-17,Search,294.58
2024-07-18,Search,243.252857142857
2024-07-19,Search,575.18
2024-07-21,Search,276.95
2024-07-22,Search,223.465
2024-07-23,Search,286.095
2024-07-25,Search,228.135
2024-07-26,Search,862.60893220564
2024-07-28,Search,127.31
2024-07-29,Search,282.57
2024-07-30,Search,372.48
2024-08-01,Search,182.21
2024-08-02,Search,278.86
2024-08-03,Search,224.476666666667
2024-08-04,Search,212.286666666667
2024-08-05,Search,157.7
2024-08-06,Search,442.95
2024-08-07,Search,173.128
2024-08-08,Search,237.86
2024-08-09,Search,120.35
2024-08-10,Search,160.17
2024-08-12,Search,370.185
2024-08-13,Search,163.98
2024-08-14,Search,191.64
2024-08-15,Search,453.07
2024-08-16,Search,2685.28235734334
2024-08-17,Search,264.805
2024-08-18,Search,192.72
2024-08-19,Search,129.515
2024-08-20,Search,193.48
2024-08-21,Search,170.94
2024-08-22,Search,159.6
2024-08-23,Search,212.326666666667
2024-08-24,Search,218.596666666667
2024-08-25,Search,206.895
2024-08-27,Search,312.79
2024-08-28,Search,205.54
2024-08-29,Search,292.63
2024-08-30,Search,552.63
2024-09-01,Search,229.9675
2024-09-02,Search,194.27
2024-09-03,Search,313.31
2024-09-04,Search,162.856
2024-09-06,Search,154.08
2024-09-07,Search,134.83
2024-09-08,Search,200.015
2024-09-09,Search,180.18
2024-09-10,Search,160.32
2024-09-11,Search,121.42
2024-09-12,Search,204.68
2024-09-13,Search,207.59
2024-09-15,Search,137.503333333333
2024-09-16,Search,91.235
2024-09-17,Search,180.19
2024-09-18,Search,123.8
2024-09-19,Search,138.59
2024-09-20,Search,265.2875
2024-09-21,Search,453.67
2024-09-22,Search,292.965
2024-09-23,Search,211.65
2024-09-26,Search,193.225
2024-09-27,Search,245.62
2024-09-28,Search,121.715
2024-09-29,Search,345.306666666667
2024-10-01,Search,182.283333333333
2024-10-03,Search,164.85
2024-10-05,Search,355.83
2024-10-06,Search,140.25
2024-10-08,Search,135.78
2024-10-09,Search,99.8
2024-10-11,Search,65.89
2024-10-12,Search,339.315
2024-10-14,Search,178.5425
2024-10-15,Search,219.95
2024-10-16,Search,1059.98526644482
2024-10-17,Search,95.99
2024-10-18,Search,195.95
2024-10-20,Search,429.24
2024-10-21,Search,170.255
2024-10-22,Search,303.57
2024-10-23,Search,237.2
2024-10-24,Search,234.97
2024-10-26,Search,305.28
2024-10-27,Search,342.77
2024-10-28,Search,260.845
2024-10-29,Search,120.31
2024-10-30,Search,230.045
2024-10-31,Search,126.64
2024-11-01,Search,311.83
2024-11-02,Search,170.99
2024-11-03,Search,304.333333333333
2024-11-05,Search,290.295
2024-11-06,Search,401.67
2024-11-07,Search,61.77
2024-11-08,Search,241.6
2024-11-09,Search,385.54
2024-11-10,Search,350.96
2024-11-11,Search,205
2024-11-12,Search,236.79
2024-11-13,Search,159.16
2024-11-15,Search,228.29
2024-11-17,Search,222.18
2024-11-18,Search,368.546666666667
2024-11-19,Search,924.31244055535
2024-11-20,Search,313.43
2024-11-22,Search,307.92
2024-11-23,Search,257.44
2024-11-24,Search,147.33
2024-11-25,Search,136.97
2024-11-26,Search,261.058333333333
2024-11-28,Search,157.51
2024-11-29,Search,203.703333333333
2024-12-01,Search,170.22
2024-12-06,Search,242.8925
2024-12-07,Search,169.58
2024-12-08,Search,265.37
2024-12-09,Search,311.3275
2024-12-10,Search,461.343333333333
2024-12-11,Search,265.73
2024-12-12,Search,111.82
2024-12-14,Search,130.21
2024-12-15,Search,364.515
2024-12-16,Search,150.36
2024-12-17,Search,184.48
2024-12-18,Search,354.576
2024-12-19,Search,462.78
2024-12-20,Search,336.595
2024-12-21,Search,287
2024-12-22,Search,326.73
2024-12-23,Search,365.32
2024-12-25,Search,164.815
2024-12-26,Search,212.563333333333
2024-12-27,Search,208.46
2024-12-28,Search,283.56
2024-12-29,Search,163.53
2024-12-30,Search,414.71
2024-12-31,Search,194.47
2025-01-01,Search,399.86
2025-01-02,Search,167.92
2025-01-03,Search,198.285
2025-01-06,Search,219.55
2025-01-07,Search,277.19
2025-01-08,Search,718.42
2025-01-10,Search,320.842
2025-01-11,Search,181.31
2025-01-12,Search,386.675
2025-01-14,Search,588.38
2025-01-16,Search,220.874
2025-01-17,Search,378.79
2025-01-18,Search,266.11
2025-01-19,Search,199.39
2025-01-20,Search,205.09
2025-01-21,Search,280.59
2025-01-22,Search,168.03
2025-01-23,Search,437.2275
2025-01-24,Search,278.05
2025-01-25,Search,279.07
2025-01-27,Search,211.42
2025-01-28,Search,337.33
2025-01-29,Search,389.235
2025-01-30,Search,231.905
2025-01-31,Search,176.535
2025-02-02,Search,241.12
2025-02-04,Search,323.205
2025-02-05,Search,315.08
2025-02-06,Search,569.16
2025-02-07,Search,322.325
2025-02-08,Search,296.64
2025-02-09,Search,156.96
2025-02-10,Search,295.74
2025-02-11,Search,176.48
2025-02-12,Search,296.56
2025-02-13,Search,248.55
2025-02-15,Search,244.07
2025-02-16,Search,198.283333333333
2025-02-17,Search,234.63
2025-02-18,Search,339.04
2025-02-19,Search,296.77
2025-02-20,Search,531.41
2025-02-21,Search,265.925
2025-02-22,Search,304.003333333333
2025-02-23,Search,290.64
2025-02-24,Search,427.16
2025-02-26,Search,308.89
2025-02-27,Search,241.603333333333
2025-03-01,Search,594.605
2025-03-02,Search,354.5
2025-03-04,Search,426.135
2025-03-05,Search,177.59
2025-03-06,Search,315.695
2025-03-08,Search,475.23
2025-03-09,Search,278.99
2025-03-11,Search,423.686666666667
2025-03-12,Search,718.45
2025-03-13,Search,416.39
2025-03-14,Search,323.96
2025-03-15,Search,325.1075
2025-03-16,Search,381.83
2025-03-18,Search,413.83
2025-03-19,Search,334.046666666667
2025-03-21,Search,304.32
2025-03-22,Search,255.67
2025-03-23,Search,327.525
2025-03-24,Search,331.38
2025-03-25,Search,401.02
2025-03-28,Search,329.22
2025-03-30,Search,200.73
2025-03-31,Search,241.2
2025-04-01,Search,296.42
2025-04-02,Search,257.86
2025-04-03,Search,340.975
2025-04-04,Search,183.29
2025-04-05,Search,192.19
2025-04-06,Search,323.203333333333
2025-04-07,Search,250.775
2025-04-08,Search,228.19
2025-04-09,Search,373.31
2025-04-10,Search,216.09
2025-04-11,Search,232.15
2025-04-12,Search,230.98
2025-04-13,Search,263.69
2025-04-14,Search,489.06
2025-04-15,Search,262.665
2025-04-16,Search,626.24
2025-04-17,Search,426.795
2025-04-19,Search,496.13
2025-04-20,Search,280.736666666667
2025-04-21,Search,311.51
2025-04-22,Search,791.115
2025-04-23,Search,267.01
2025-04-24,Search,518.19
2025-04-25,Search,388.344091121946
2025-04-26,Search,281.261666666667
2025-04-27,Search,413.505
2025-04-29,Search,408.8
2025-05-01,Search,242.08
2025-05-02,Search,683.76
2025-05-03,Search,350.3975
2025-05-05,Search,425.46
2025-05-06,Search,301.92
2025-05-07,Search,413.14
2025-05-08,Search,341.17
2025-05-09,Search,412.22
2025-05-10,Search,346.536666666667
2025-05-11,Search,245.97
2025-05-13,Search,282.565
2025-05-14,Search,271.97
2025-05-15,Search,385.41
2025-05-16,Search,355.98
2025-05-18,Search,217.686666666667
2025-05-19,Search,232.213333333333
2025-05-20,Search,292.45
2025-05-21,Search,572.43
2025-05-22,Search,276.8125
2025-05-23,Search,369.513333333333
2025-05-25,Search,150.2
2025-05-26,Search,177.81
2025-05-27,Search,300.963333333333
2025-05-29,Search,148.8
2025-05-30,Search,440.51
2025-05-31,Search,295.34
2025-06-01,Search,96.32
2025-06-02,Search,219.8
2025-06-04,Search,233.78
2025-06-05,Search,250.64
2025-06-06,Search,549.27
2025-06-07,Search,249.05
2025-06-08,Search,273.65
2025-06-10,Search,281.075
2025-06-12,Search,225.06
2025-06-13,Search,390.15
2025-06-16,Search,293.873333333333
2025-06-17,Search,231.375
2025-06-18,Search,388.395
2025-06-19,Search,279.9425
2025-06-20,Search,298.665
2025-06-21,Search,238.543333333333
2025-06-22,Search,209.815
2025-06-23,Search,365.0875
2025-06-24,Search,331.42
2025-06-25,Search,330.97
2025-06-26,Search,153.07
2025-06-27,Search,420.78
2025-06-28,Search,420.83
2025-06-30,Search,214.94
2025-07-01,Search,168.21
2025-07-02,Search,696.8470682903
2025-07-03,Search,152.89
2025-07-04,Search,98.825
2025-07-05,Search,246.84
2025-07-06,Search,50.12
2025-07-07,Search,180.975
2025-07-08,Search,217.573333333333
2025-07-10,Search,166.09
2025-07-12,Search,143.1
2025-07-13,Search,208.03
2025-07-14,Search,283.23
2025-07-15,Search,233.9
2025-07-16,Search,262.795
2025-07-17,Search,553.28
2025-07-18,Search,540.94
2025-07-19,Search,969.119915669787
2025-07-20,Search,288.35
2025-07-21,Search,208.66
2025-07-23,Search,501.79
2025-07-24,Search,481.86
2025-07-25,Search,254.556666666667
2025-07-26,Search,467.476666666667
2025-07-27,Search,173.14
2025-07-28,Search,268.615
2025-07-30,Search,211.478333333333
2025-07-31,Search,212.92
2025-08-01,Search,214.965
2025-08-02,Search,268.78
2025-08-03,Search,378.78
2025-08-04,Search,151.386666666667
2025-08-05,Search,236.82
2025-08-06,Search,220.003333333333
2025-08-07,Search,275.55
2025-08-08,Search,319.3825
2025-08-10,Search,222.47
2025-08-11,Search,405.31
2025-08-13,Search,78.22
2025-08-14,Search,196.66
2025-08-15,Search,254.095
2025-08-16,Search,278.64
2025-08-17,Search,137.81
2025-08-18,Search,145.54
2025-08-19,Search,232.14
2025-08-20,Search,270.25
2025-08-22,Search,156.83
2025-08-23,Search,165.68
2025-08-24,Search,163.02
2025-08-25,Search,258.93
2025-08-26,Search,237.25
2025-08-27,Search,456.976927583427
2025-08-29,Search,297.155
2025-08-30,Search,84.45
2025-09-01,Search,335.345
2025-09-03,Search,137.045
2025-09-04,Search,205.87
2025-09-05,Search,168.91
2025-09-06,Search,366.875
2025-09-07,Search,302.12
2025-09-08,Search,211.52
2025-09-09,Search,143.07
2025-09-10,Search,458.645
2025-09-11,Search,309.225
2025-09-12,Search,242.49
2025-09-13,Search,124.305
2025-09-14,Search,182.865
2025-09-16,Search,95.13
2025-09-17,Search,274.86
2025-09-19,Search,192.23
2025-09-20,Search,260.92
2025-09-22,Search,209.08
2025-09-23,Search,89.65
2025-09-24,Search,223.28
2025-09-26,Search,220.81
2025-09-27,Search,303.76
2025-09-28,Search,105.57
2025-10-01,Search,268.07
2025-10-02,Search,159.54
2025-10-04,Search,160.69
2025-10-05,Search,128.68
2025-10-06,Search,345.145
2025-10-08,Search,213.31
2025-10-09,Search,186.935
2025-10-10,Search,193.41
2025-10-11,Search,197.515
2025-10-12,Search,269.41
2025-10-13,Search,250.89
2025-10-14,Search,186.91
2025-10-15,Search,394.930943781388
2025-10-16,Search,188.752
2025-10-18,Search,132.6
2025-10-20,Search,325.3
2025-10-21,Search,550.08
2025-10-22,Search,186.88
2025-10-24,Search,206
2025-10-26,Search,211.98
2025-10-28,Search,221.3
2025-10-31,Search,174.23
2025-11-02,Search,223.753333333333
2025-11-04,Search,304.87
2025-11-05,Search,309.33
2025-11-06,Search,166.67
2025-11-07,Search,181.005
2025-11-09,Search,256.605
2025-11-10,Search,476.24
2025-11-11,Search,634.33994859114
2025-11-12,Search,354.67
2025-11-14,Search,284.861666666667
2025-11-15,Search,133.73
2025-11-16,Search,199.55
2025-11-17,Search,265.535
2025-11-18,Search,196.995
2025-11-19,Search,246.96
2025-11-20,Search,207.04
2025-11-21,Search,240.21
2025-11-22,Search,456.105
2025-11-23,Search,144.18
2025-11-24,Search,212.25
2025-11-25,Search,302.34
2025-11-26,Search,234.86
2025-11-27,Search,226.39
2025-11-28,Search,143.513333333333
2025-11-29,Search,188.35
2025-12-01,Search,341.06
2025-12-03,Search,320.575
2025-12-04,Search,227.12
2025-12-05,Search,198.76
2025-12-07,Search,183.27
2025-12-08,Search,263.255
2025-12-09,Search,296.27
2025-12-10,Search,362.003333333333
2025-12-11,Search,213.15
2025-12-12,Search,303.825
2025-12-13,Search,187.41
2025-12-15,Search,543.72
2025-12-17,Search,190.1
2025-12-18,Search,631.47
2025-12-19,Search,339.66
2025-12-21,Search,233.07
2025-12-22,Search,357.6
2025-12-23,Search,289.463333333333
2025-12-24,Search,167.8
2025-12-25,Search,473.91
2025-12-26,Search,307.183333333333
2025-12-27,Search,437.75
2025-12-28,Search,535.09
2025-12-29,Search,259.68
2025-12-30,Search,200.015
2025-12-31,Search,354.99
2023-01-01,Social,83.21
2023-01-02,Social,101.66
2023-01-04,Social,111.215
2023-01-05,Social,110.155
2023-01-06,Social,156.655
2023-01-08,Social,131.986666666667
2023-01-11,Social,84.92
2023-01-13,Social,95.05
2023-01-16,Social,358.95
2023-01-17,Social,123.133333333333
2023-01-18,Social,140.09
2023-01-20,Social,139.656666666667
2023-01-21,Social,142.485
2023-01-23,Social,79.31
2023-01-26,Social,148.45
2023-01-27,Social,96.72
2023-01-29,Social,158.61
2023-02-02,Social,115.45
2023-02-03,Social,144.405
2023-02-04,Social,178.16
2023-02-07,Social,116.97
2023-02-09,Social,142.87
2023-02-10,Social,181.61
2023-02-11,Social,140.245
2023-02-12,Social,177.995
2023-02-13,Social,194.45
2023-02-14,Social,97.61
2023-02-18,Social,80.89
2023-02-19,Social,71.27
2023-02-20,Social,190.68
2023-02-21,Social,68.22
2023-02-22,Social,171.71
2023-02-23,Social,201.83
2023-02-24,Social,285.54
2023-02-25,Social,93.5133333333333
2023-02-26,Social,57.64
2023-02-27,Social,128.28
2023-03-01,Social,137.86
2023-03-02,Social,60.83
2023-03-04,Social,159.356666666667
2023-03-06,Social,73.16
2023-03-07,Social,81.4
2023-03-08,Social,131.445
2023-03-09,Social,118.14
2023-03-10,Social,105.765
2023-03-11,Social,207.56
2023-03-12,Social,190.71
2023-03-13,Social,382.48
2023-03-14,Social,109.29
2023-03-16,Social,139.83
2023-03-18,Social,344.05
2023-03-19,Social,84.85
2023-03-20,Social,141.94
2023-03-21,Social,178.16
2023-03-22,Social,123.58
2023-03-24,Social,73.94
2023-03-25,Social,284.56
2023-03-26,Social,95.14
2023-03-27,Social,134.27
2023-03-28,Social,90.74
2023-03-29,Social,72.83
2023-03-30,Social,102.345
2023-03-31,Social,60.49
2023-04-02,Social,90.91
2023-04-03,Social,145.88
2023-04-04,Social,72.19
2023-04-07,Social,71.63
2023-04-08,Social,160.97
2023-04-10,Social,88.94
2023-04-11,Social,211.86
2023-04-13,Social,193.42
2023-04-14,Social,253.336375910109
2023-04-18,Social,287.66
2023-04-20,Social,124.995
2023-04-22,Social,191.12
2023-04-23,Social,115.826666666667
2023-04-24,Social,159.84
2023-04-26,Social,143.865
2023-04-28,Social,73.08
2023-04-29,Social,76.825
2023-04-30,Social,153.096666666667
2023-05-02,Social,63.46
2023-05-04,Social,148.255
2023-05-06,Social,77.39
2023-05-07,Social,298.06
2023-05-08,Social,134.67
2023-05-09,Social,95.12
2023-05-13,Social,114.84
2023-05-14,Social,148.66
2023-05-15,Social,127.145
2023-05-16,Social,94.42
2023-05-17,Social,204.815
2023-05-18,Social,83.83
2023-05-19,Social,108.67
2023-05-20,Social,120.325
2023-05-23,Social,141.46375
2023-05-25,Social,74.62
2023-05-26,Social,143.665
2023-05-27,Social,130.86
2023-05-29,Social,89.96
2023-05-31,Social,236.625
2023-06-02,Social,197.78
2023-06-04,Social,113.11
2023-06-05,Social,143.815
2023-06-06,Social,80.02
2023-06-07,Social,219.86
2023-06-09,Social,107.63
2023-06-10,Social,64.79
2023-06-11,Social,173.96
2023-06-12,Social,86.74
2023-06-13,Social,57.13
2023-06-14,Social,52.32
2023-06-16,Social,51.98
2023-06-18,Social,119.06
2023-06-19,Social,141.786666666667
2023-06-20,Social,232.79
2023-06-21,Social,152.58
2023-06-22,Social,125.77
2023-06-23,Social,106.75
2023-06-24,Social,133.95
2023-06-25,Social,177
2023-06-27,Social,100.2
2023-06-28,Social,99.01
2023-06-29,Social,437.801611783057
2023-06-30,Social,125.9
2023-07-01,Social,110.82
2023-07-02,Social,72.745
2023-07-03,Social,912.598862518795
2023-07-04,Social,126.16
2023-07-05,Social,67.135
2023-07-06,Social,42.75
2023-07-07,Social,77.415
2023-07-11,Social,95.14
2023-07-12,Social,64.2
2023-07-14,Social,118.58
2023-07-16,Social,253.76
2023-07-17,Social,85.69
2023-07-18,Social,171.65
2023-07-19,Social,109.87
2023-07-20,Social,126.275
2023-07-21,Social,36.57
2023-07-22,Social,55.63
2023-07-23,Social,43.12
2023-07-24,Social,66.29
2023-07-25,Social,45.6
2023-07-26,Social,106.423333333333
2023-07-27,Social,155.31
2023-07-31,Social,82.75
2023-08-01,Social,95.6466666666667
2023-08-04,Social,139.68
2023-08-05,Social,85.404
2023-08-06,Social,58.26
2023-08-07,Social,163.58
2023-08-08,Social,52.84
2023-08-09,Social,79.82
2023-08-11,Social,66.76
2023-08-12,Social,105.17
2023-08-14,Social,57.1
2023-08-17,Social,61.445
2023-08-18,Social,96.62
2023-08-19,Social,109.79
2023-08-21,Social,105.43
2023-08-22,Social,49.73
2023-08-23,Social,54.5
2023-08-24,Social,73.7775
2023-08-26,Social,93.04
2023-08-27,Social,169.62832277121
2023-08-28,Social,95.2633333333333
2023-08-29,Social,128.62
2023-08-31,Social,65.07
2023-09-01,Social,71.4675
2023-09-02,Social,32.02
2023-09-03,Social,126.216666666667
2023-09-07,Social,56.18
2023-09-09,Social,34.7
2023-09-11,Social,89.48
2023-09-12,Social,52.78
2023-09-13,Social,206.92
2023-09-15,Social,102.515
2023-09-16,Social,95.05
2023-09-17,Social,41.03
2023-09-18,Social,124.683333333333
2023-09-20,Social,83.45
2023-09-21,Social,159.863333333333
2023-09-22,Social,111.525
2023-09-23,Social,98.93
2023-09-24,Social,152.11
2023-09-26,Social,93.46
2023-09-27,Social,68.18
2023-09-30,Social,94.59
2023-10-01,Social,70.92
2023-10-02,Social,207.76
2023-10-04,Social,81.21
2023-10-05,Social,112.395
2023-10-06,Social,89.665
2023-10-07,Social,65.32
2023-10-09,Social,109.96
2023-10-11,Social,91.005
2023-10-13,Social,152.785
2023-10-14,Social,138.45
2023-10-15,Social,94.13
2023-10-17,Social,111.6275
2023-10-19,Social,157.475
2023-10-22,Social,161.12
2023-10-23,Social,56.12
2023-10-24,Social,85.04
2023-10-25,Social,77.4666666666667
2023-10-26,Social,69.97
2023-10-27,Social,65.84
2023-10-28,Social,73.12
2023-10-31,Social,75.8833333333333
2023-11-01,Social,111.82
2023-11-02,Social,314.64
2023-11-03,Social,86.15
2023-11-04,Social,80.325
2023-11-05,Social,78.56
2023-11-09,Social,54.15
2023-11-10,Social,70.015
2023-11-11,Social,154.84
2023-11-12,Social,122.09
2023-11-13,Social,92.8
2023-11-14,Social,138.77
2023-11-15,Social,123.715
2023-11-16,Social,199.96
2023-11-17,Social,133.135
2023-11-18,Social,53.77
2023-11-19,Social,92.41
2023-11-20,Social,158.67
2023-11-22,Social,73.29
2023-11-23,Social,231.27
2023-11-24,Social,50.68
2023-11-25,Social,107.42
2023-11-26,Social,124.655
2023-11-27,Social,130.31
2023-11-29,Social,110.57
2023-11-30,Social,121.495
2023-12-01,Social,106.9
2023-12-03,Social,101.436666666667
2023-12-04,Social,76.775
2023-12-05,Social,137.493333333333
2023-12-06,Social,140.42
2023-12-07,Social,181.17
2023-12-08,Social,118.47
2023-12-10,Social,56.44
2023-12-12,Social,92.11
2023-12-14,Social,169.83
2023-12-17,Social,242.04
2023-12-20,Social,128.97
2023-12-22,Social,106.45
2023-12-23,Social,153.63
2023-12-25,Social,157.58
2023-12-26,Social,59.14
2023-12-28,Social,183.96
2023-12-30,Social,105.185
2023-12-31,Social,50.77
2024-01-01,Social,87.63
2024-01-02,Social,107.126666666667
2024-01-04,Social,183.28
2024-01-07,Social,287.05
2024-01-08,Social,90.855
2024-01-11,Social,162.96
2024-01-13,Social,97.065
2024-01-15,Social,91.88
2024-01-17,Social,138.93
2024-01-18,Social,123.26
2024-01-19,Social,168.94
2024-01-20,Social,92.58
2024-01-23,Social,124.826666666667
2024-01-24,Social,109.42
2024-01-25,Social,110.98
2024-01-26,Social,73.89
2024-01-27,Social,120.93
2024-01-28,Social,44.49
2024-01-29,Social,133.54
2024-01-30,Social,210.42
2024-01-31,Social,155.97
2024-02-02,Social,270.195
2024-02-04,Social,212.89
2024-02-05,Social,141.29
2024-02-07,Social,143.42
2024-02-10,Social,170.46
2024-02-11,Social,296.58
2024-02-13,Social,213.59
2024-02-14,Social,128.63
2024-02-16,Social,142.81
2024-02-17,Social,141.585
2024-02-19,Social,287.745
2024-02-24,Social,76.82
2024-02-26,Social,122.22
2024-02-28,Social,151.78
2024-02-29,Social,128.09
2024-03-01,Social,126.5
2024-03-02,Social,171.07
2024-03-03,Social,183.58
2024-03-04,Social,275.15
2024-03-07,Social,84.72
2024-03-08,Social,198.28
2024-03-09,Social,72.55
2024-03-10,Social,125.49
2024-03-12,Social,161.365
2024-03-13,Social,93.31
2024-03-19,Social,144.18
2024-03-20,Social,168.22
2024-03-21,Social,192.21
2024-03-22,Social,228.35
2024-03-23,Social,121.236666666667
2024-03-24,Social,115.14
2024-03-25,Social,222.713333333333
2024-03-27,Social,216.06
2024-03-29,Social,252.585
2024-03-30,Social,96.84
2024-04-01,Social,276.17
2024-04-02,Social,140.633333333333
2024-04-03,Social,188.275
2024-04-04,Social,253.38
2024-04-06,Social,107.68
2024-04-07,Social,182.475
2024-04-09,Social,77.47
2024-04-10,Social,228.97
2024-04-11,Social,89.02
2024-04-12,Social,104.25
2024-04-13,Social,190.99
2024-04-14,Social,113.915
2024-04-15,Social,72.18
2024-04-16,Social,82.43
2024-04-18,Social,242.085
2024-04-19,Social,162.976666666667
2024-04-20,Social,338.24
2024-04-21,Social,87.48
2024-04-22,Social,108.45
2024-04-23,Social,115.89
2024-04-24,Social,192.88
2024-04-25,Social,119.44
2024-04-28,Social,106.34
2024-04-29,Social,108.74
2024-05-02,Social,147.92
2024-05-06,Social,140.42
2024-05-09,Social,97.795
2024-05-10,Social,96.95
2024-05-11,Social,194.64
2024-05-12,Social,182.36
2024-05-13,Social,270.53
2024-05-17,Social,104.79
2024-05-18,Social,75.01
2024-05-20,Social,180.08
2024-05-21,Social,206.09
2024-05-23,Social,119.46
2024-05-24,Social,201.84
2024-05-25,Social,177.73
2024-05-26,Social,243.52
2024-05-28,Social,163.37
2024-05-30,Social,132.8
2024-05-31,Social,81.73
2024-06-01,Social,121.09
2024-06-02,Social,134.095
2024-06-03,Social,99.745
2024-06-04,Social,171.695
2024-06-05,Social,171.3
2024-06-06,Social,113.98
2024-06-08,Social,68.74
2024-06-13,Social,142.195
2024-06-16,Social,190.6
2024-06-19,Social,55.32
2024-06-23,Social,112.98
2024-06-24,Social,68.2766666666667
2024-06-25,Social,52.04
2024-06-26,Social,144
2024-06-27,Social,217.66909161226
2024-06-28,Social,189.99
2024-06-29,Social,44.28
2024-06-30,Social,126.94
2024-07-01,Social,138.82
2024-07-03,Social,174.94
2024-07-05,Social,188.385
2024-07-06,Social,92.7266666666667
2024-07-07,Social,79.31
2024-07-08,Social,35.93
2024-07-10,Social,78.38
2024-07-12,Social,53.02
2024-07-13,Social,103.105
2024-07-15,Social,66.54
2024-07-16,Social,143.98
2024-07-17,Social,90.73
2024-07-18,Social,81.98
2024-07-19,Social,120.165
2024-07-21,Social,145.57
2024-07-22,Social,144.3
2024-07-23,Social,86.29
2024-07-24,Social,69.56
2024-07-25,Social,102.26
2024-07-26,Social,130.16
2024-07-30,Social,146.953333333333
2024-07-31,Social,116.53
2024-08-01,Social,143.16
2024-08-02,Social,168
2024-08-05,Social,122.43
2024-08-06,Social,65.18
2024-08-07,Social,127.27
2024-08-09,Social,122.49
2024-08-10,Social,121.69
2024-08-13,Social,181.56
2024-08-14,Social,225.55
2024-08-15,Social,122.69
2024-08-17,Social,141.52
2024-08-18,Social,78.56
2024-08-19,Social,183.37
2024-08-20,Social,103.84
2024-08-21,Social,55.9
2024-08-22,Social,112.605
2024-08-23,Social,117.27
2024-08-24,Social,182.09
2024-08-26,Social,147.72
2024-08-28,Social,110.465
2024-08-29,Social,122.085
2024-09-03,Social,46.93
2024-09-04,Social,101.31
2024-09-05,Social,75.42
2024-09-06,Social,131.15
2024-09-07,Social,47.26
2024-09-08,Social,115.78
2024-09-09,Social,123.805
2024-09-11,Social,86.31
2024-09-14,Social,108.28
2024-09-15,Social,84.55
2024-09-16,Social,45.24
2024-09-17,Social,840.90259943262
2024-09-19,Social,86.17
2024-09-21,Social,128.965
2024-09-22,Social,182.7
2024-09-23,Social,83.62
2024-09-24,Social,152.19
2024-09-25,Social,96.02
2024-09-26,Social,146.345
2024-09-27,Social,101.86
2024-09-28,Social,61.49
2024-10-01,Social,269.02
2024-10-03,Social,50.55
2024-10-04,Social,157.765
2024-10-05,Social,109.745
2024-10-08,Social,151.59
2024-10-09,Social,81.355
2024-10-10,Social,47.63
2024-10-13,Social,82.365
2024-10-14,Social,111.52
2024-10-15,Social,65.06
2024-10-19,Social,103.64
2024-10-20,Social,127.515
2024-10-21,Social,97.9
2024-10-23,Social,135.66
2024-10-25,Social,129.86
2024-10-27,Social,97.805
2024-10-28,Social,126.845
2024-10-29,Social,107.853333333333
2024-10-31,Social,94.5966666666667
2024-11-02,Social,142.285
2024-11-03,Social,139.12
2024-11-04,Social,35.35
2024-11-05,Social,156.905
2024-11-06,Social,88.495
2024-11-07,Social,179.435
2024-11-08,Social,155.896666666667
2024-11-09,Social,71.93
2024-11-10,Social,151.37
2024-11-11,Social,125.125
2024-11-12,Social,111.15
2024-11-14,Social,121.12
2024-11-15,Social,45.8
2024-11-16,Social,58.65
2024-11-17,Social,182.85
2024-11-18,Social,92.34
2024-11-19,Social,139.48
2024-11-20,Social,213.67
2024-11-21,Social,133.67
2024-11-22,Social,108.443333333333
2024-11-24,Social,59.59
2024-11-26,Social,76.85
2024-11-27,Social,122.81
2024-11-28,Social,140.71
2024-11-30,Social,122.22
2024-12-01,Social,200.125
2024-12-02,Social,112.51
2024-12-03,Social,112.92
2024-12-04,Social,162.86
2024-12-06,Social,112.226666666667
2024-12-07,Social,42.68
2024-12-08,Social,142.22
2024-12-09,Social,114.265
2024-12-10,Social,103.835
2024-12-11,Social,207.655
2024-12-13,Social,178.405
2024-12-14,Social,140.096666666667
2024-12-15,Social,103.82
2024-12-16,Social,183.33
2024-12-17,Social,88.15
2024-12-19,Social,118.37
2024-12-20,Social,266.16
2024-12-23,Social,190.236666666667
2024-12-24,Social,138.553333333333
2024-12-26,Social,126.83
2024-12-27,Social,79.93
2024-12-28,Social,87.76
2024-12-29,Social,59.97
2024-12-30,Social,112.215
2024-12-31,Social,179.415
2025-01-02,Social,61.36
2025-01-04,Social,67.79
2025-01-05,Social,60.51
2025-01-06,Social,63.24
2025-01-07,Social,167.3
2025-01-08,Social,90.16
2025-01-10,Social,150.375
2025-01-15,Social,228.075
2025-01-16,Social,207.16
2025-01-17,Social,183.685
2025-01-18,Social,110.41
2025-01-19,Social,118.313333333333
2025-01-20,Social,167.565
2025-01-21,Social,328.44
2025-01-22,Social,148.41
2025-01-23,Social,83.73
2025-01-26,Social,145.02
2025-01-27,Social,259.13
2025-01-28,Social,147.94
2025-01-30,Social,103.76
2025-02-02,Social,173.46
2025-02-03,Social,125.81
2025-02-05,Social,113.79
2025-02-08,Social,225.283333333333
2025-02-09,Social,245
2025-02-10,Social,113.195
2025-02-11,Social,351.34
2025-02-12,Social,75.19
2025-02-13,Social,100.48
2025-02-15,Social,135.61
2025-02-16,Social,181.08
2025-02-17,Social,121.07
2025-02-18,Social,251.73
2025-02-19,Social,454.57
2025-02-20,Social,265.58
2025-02-21,Social,885.744246674553
2025-02-22,Social,176.39
2025-02-23,Social,236.686
2025-02-25,Social,163.29
2025-02-28,Social,170.47
2025-03-03,Social,148.02
2025-03-05,Social,164.3
2025-03-06,Social,90.55
2025-03-07,Social,253.01
2025-03-08,Social,170.475
2025-03-10,Social,92.71
2025-03-12,Social,104.375
2025-03-14,Social,87.49
2025-03-16,Social,244.99
2025-03-17,Social,141.185
2025-03-19,Social,271.48
2025-03-20,Social,120.32
2025-03-21,Social,295.93
2025-03-23,Social,170.115
2025-03-25,Social,166.37
2025-03-26,Social,263.55
2025-03-27,Social,116.775
2025-03-28,Social,128.79
2025-03-29,Social,241.655
2025-03-31,Social,186.84
2025-04-01,Social,586.261189618537
2025-04-02,Social,223.19
2025-04-03,Social,178.87
2025-04-04,Social,140.245
2025-04-06,Social,142.65
2025-04-07,Social,177.49
2025-04-09,Social,215.995
2025-04-10,Social,191.8
2025-04-11,Social,130.97
2025-04-13,Social,166.93
2025-04-14,Social,70.09
2025-04-15,Social,146.746666666667
2025-04-16,Social,131.7
2025-04-17,Social,199.323333333333
2025-04-19,Social,98.51
2025-04-20,Social,150.55
2025-04-21,Social,314.93
2025-04-22,Social,171.95
2025-04-23,Social,144.71
2025-04-24,Social,158.205
2025-04-25,Social,173.26
2025-04-26,Social,42.51
2025-04-27,Social,254.65
2025-04-28,Social,83.05
2025-05-02,Social,159.47
2025-05-03,Social,73.38
2025-05-04,Social,135
2025-05-05,Social,85.2875
2025-05-06,Social,83.77
2025-05-08,Social,178.97
2025-05-09,Social,126.52
2025-05-10,Social,172.84
2025-05-12,Social,45.8
2025-05-14,Social,244.77
2025-05-15,Social,71.64
2025-05-16,Social,60.255
2025-05-18,Social,135.58
2025-05-20,Social,136.95
2025-05-21,Social,168.116666666667
2025-05-22,Social,160.48
2025-05-23,Social,122.24
2025-05-24,Social,333.51
2025-05-25,Social,196.24
2025-05-26,Social,145.59
2025-05-27,Social,145.475
2025-05-28,Social,161.04
2025-05-29,Social,78.965
2025-05-30,Social,96.62
2025-06-02,Social,79.43
2025-06-03,Social,207.566666666667
2025-06-04,Social,125.16
2025-06-06,Social,195.94
2025-06-07,Social,140.26
2025-06-08,Social,117.6
2025-06-09,Social,213.84
2025-06-10,Social,125.4
2025-06-11,Social,213.005
2025-06-13,Social,119.11
2025-06-14,Social,181.42
2025-06-16,Social,136.49
2025-06-17,Social,187.89
2025-06-18,Social,70.97
2025-06-19,Social,184.315
2025-06-21,Social,171.785
2025-06-22,Social,205.07
2025-06-23,Social,129.33
2025-06-24,Social,164.665
2025-06-26,Social,187.39
2025-06-27,Social,156.736666666667
2025-06-29,Social,103.35
2025-06-30,Social,107.66
2025-07-05,Social,142.045
2025-07-07,Social,66.16
2025-07-08,Social,229.69
2025-07-09,Social,105.525
2025-07-10,Social,126.325
2025-07-12,Social,120.19
2025-07-13,Social,76.875
2025-07-15,Social,136.85
2025-07-22,Social,76.13
2025-07-23,Social,130
2025-07-24,Social,56.365
2025-07-27,Social,127.585
2025-07-28,Social,79.69
2025-07-31,Social,84.57
2025-08-01,Social,60.11
2025-08-02,Social,136.87
2025-08-05,Social,123.83
2025-08-06,Social,71.01
2025-08-08,Social,218.34
2025-08-09,Social,121.463333333333
2025-08-12,Social,78.9066666666667
2025-08-13,Social,115.98
2025-08-14,Social,105.01
2025-08-15,Social,86.665
2025-08-16,Social,178.156666666667
2025-08-17,Social,58.57
2025-08-18,Social,75.41
2025-08-19,Social,59
2025-08-21,Social,86.51
2025-08-22,Social,63.51
2025-08-26,Social,154.74
2025-08-28,Social,142.524
2025-09-02,Social,121.785
2025-09-03,Social,152.585
2025-09-04,Social,170.45
2025-09-05,Social,70.08
2025-09-06,Social,39.73
2025-09-07,Social,115.31
2025-09-08,Social,62.63
2025-09-10,Social,50.76
2025-09-11,Social,173.33
2025-09-12,Social,110.915
2025-09-14,Social,83.0966666666667
2025-09-15,Social,128.58
2025-09-16,Social,125.77
2025-09-17,Social,93.22
2025-09-18,Social,204.495
2025-09-19,Social,64.54
2025-09-20,Social,120.05
2025-09-22,Social,54.58
2025-09-24,Social,126.64
2025-09-28,Social,81.28
2025-09-29,Social,131.975
2025-10-01,Social,111.885
2025-10-03,Social,122.25
2025-10-04,Social,134.62
2025-10-07,Social,84.325
2025-10-08,Social,85.88
2025-10-10,Social,86.13
2025-10-11,Social,46.77
2025-10-12,Social,106.76
2025-10-13,Social,63.48
2025-10-15,Social,141.79
2025-10-16,Social,155.8
2025-10-17,Social,81.33
2025-10-18,Social,85.9
2025-10-19,Social,72.945
2025-10-21,Social,69.73
2025-10-22,Social,140.905
2025-10-23,Social,181.53
2025-10-25,Social,103.78
2025-10-26,Social,126.34
2025-10-27,Social,50.055
2025-10-28,Social,140.53
2025-10-29,Social,121.75
2025-10-30,Social,145.765
2025-10-31,Social,67.85
2025-11-02,Social,163.66
2025-11-03,Social,138.745
2025-11-04,Social,93.78
2025-11-06,Social,140.86
2025-11-08,Social,149.26
2025-11-10,Social,149.64
2025-11-11,Social,114.69
2025-11-13,Social,119.56
2025-11-14,Social,191.56
2025-11-16,Social,91.91
2025-11-18,Social,118.395
2025-11-19,Social,158.32
2025-11-20,Social,259.95
2025-11-22,Social,121.43
2025-11-24,Social,85.57
2025-11-25,Social,192.303333333333
2025-11-26,Social,75.21
2025-11-27,Social,113.465
2025-11-28,Social,115.755
2025-11-29,Social,120.68
2025-11-30,Social,161.44
2025-12-01,Social,170.59
2025-12-02,Social,223.46
2025-12-03,Social,195.55
2025-12-04,Social,221.44
2025-12-05,Social,211.5
2025-12-06,Social,166.26
2025-12-08,Social,269.58
2025-12-10,Social,203.46
2025-12-12,Social,143.773333333333
2025-12-13,Social,177.55
2025-12-14,Social,220.93
2025-12-17,Social,131.665
2025-12-20,Social,68.15
2025-12-22,Social,192.535
2025-12-23,Social,72.5
2025-12-24,Social,169.96
2025-12-25,Social,214.3
2025-12-26,Social,104.69
2025-12-27,Social,210.36
2025-12-28,Social,107.51
2025-12-29,Social,90.58
2025-12-30,Social,141.74
2025-12-31,Social,75.13
