event_date,channel,clicks
2023-01-01,Affiliate,500
2023-01-06,Affiliate,85
2023-01-09,Affiliate,213
2023-01-10,Affiliate,368
2023-01-17,Affiliate,170
2023-01-22,Affiliate,92
2023-01-28,Affiliate,691
2023-02-02,Affiliate,303
2023-02-04,Affiliate,199.5
2023-02-07,Affiliate,329.5
2023-02-08,Affiliate,341
2023-02-09,Affiliate,221
2023-02-10,Affiliate,134
2023-02-13,Affiliate,187
2023-02-16,Affiliate,108
2023-02-18,Affiliate,411
2023-02-20,Affiliate,273.5
2023-02-22,Affiliate,365
2023-03-09,Affiliate,493
2023-03-10,Affiliate,487
2023-03-11,Affiliate,161
2023-03-13,Affiliate,445
2023-03-18,Affiliate,218
2023-03-24,Affiliate,144
2023-03-25,Affiliate,162
2023-03-29,Affiliate,362
2023-03-30,Affiliate,102
2023-04-03,Affiliate,201
2023-04-07,Affiliate,779
2023-04-08,Affiliate,172
2023-04-09,Affiliate,148
2023-04-14,Affiliate,274
2023-04-16,Affiliate,449.5
2023-04-21,Affiliate,479.5
2023-04-28,Affiliate,216
2023-05-05,Affiliate,250
2023-05-06,Affiliate,217
2023-05-09,Affiliate,239
2023-05-11,Affiliate,278.5
2023-05-12,Affiliate,341
2023-05-14,Affiliate,245
2023-05-19,Affiliate,294
2023-05-21,Affiliate,238.5
2023-05-24,Affiliate,61
2023-05-25,Affiliate,204
2023-06-02,Affiliate,162
2023-06-16,Affiliate,377
2023-06-21,Affiliate,93
2023-06-23,Affiliate,210
2023-06-26,Affiliate,520
2023-07-03,Affiliate,169
2023-07-04,Affiliate,161.5
2023-07-10,Affiliate,149
2023-07-12,Affiliate,221.666666666667
2023-07-14,Affiliate,259.5
2023-07-15,Affiliate,538
2023-07-16,Affiliate,252
2023-07-17,Affiliate,91
2023-07-24,Affiliate,118
2023-07-31,Affiliate,193
2023-08-03,Affiliate,153
2023-08-04,Affiliate,95
2023-08-11,Affiliate,123
2023-08-14,Affiliate,117
2023-08-18,Affiliate,213
2023-08-19,Affiliate,277.5
2023-08-22,Affiliate,177
2023-08-24,Affiliate,260
2023-08-26,Affiliate,167
2023-08-27,Affiliate,133
2023-08-31,Affiliate,197
2023-09-01,Affiliate,140
2023-09-10,Affiliate,248.5
2023-09-15,Affiliate,296
2023-09-19,Affiliate,114
2023-09-23,Affiliate,112
2023-09-24,Affiliate,118
2023-09-26,Affiliate,228
2023-09-28,Affiliate,223
2023-09-30,Affiliate,42
2023-10-02,Affiliate,122
2023-10-10,Affiliate,222
2023-10-19,Affiliate,134
2023-10-22,Affiliate,120.5
2023-10-23,Affiliate,125
2023-10-24,Affiliate,148
2023-10-27,Affiliate,106
2023-10-28,Affiliate,113
2023-10-30,Affiliate,97
2023-11-02,Affiliate,125
2023-11-03,Affiliate,111
2023-11-04,Affiliate,97.5
2023-11-07,Affiliate,241
2023-11-08,Affiliate,265.666666666667
2023-11-10,Affiliate,165
2023-11-13,Affiliate,203
2023-11-21,Affiliate,136
2023-11-22,Affiliate,193
2023-11-23,Affiliate,148
2023-11-24,Affiliate,151
2023-11-26,Affiliate,160
2023-12-04,Affiliate,326
2023-12-10,Affiliate,471
2023-12-16,Affiliate,530
2023-12-18,Affiliate,134
2023-12-20,Affiliate,283
2023-12-23,Affiliate,401
2023-12-25,Affiliate,239.5
2023-12-26,Affiliate,191.5
2023-12-28,Affiliate,246
2023-12-31,Affiliate,320
2024-01-03,Affiliate,238
2024-01-04,Affiliate,151
2024-01-08,Affiliate,409
2024-01-15,Affiliate,228
2024-01-16,Affiliate,168
2024-01-18,Affiliate,169
2024-01-19,Affiliate,290
2024-01-29,Affiliate,230
2024-01-30,Affiliate,380
2024-02-01,Affiliate,430
2024-02-04,Affiliate,337
2024-02-05,Affiliate,380
2024-02-15,Affiliate,472
2024-02-18,Affiliate,467
2024-02-19,Affiliate,194
2024-02-21,Affiliate,287
2024-02-24,Affiliate,214
2024-02-27,Affiliate,281
2024-03-01,Affiliate,219
2024-03-11,Affiliate,104
2024-03-13,Affiliate,90
2024-03-16,Affiliate,265
2024-03-18,Affiliate,113
2024-03-21,Affiliate,327.333333333333
2024-03-23,Affiliate,189
2024-03-29,Affiliate,468
2024-03-30,Affiliate,193
2024-04-01,Affiliate,324
2024-04-03,Affiliate,270
2024-04-06,Affiliate,553
2024-04-07,Affiliate,479
2024-04-16,Affiliate,117
2024-04-23,Affiliate,133
2024-04-24,Affiliate,376
2024-04-25,Affiliate,326
2024-04-26,Affiliate,216.5
2024-04-27,Affiliate,149
2024-04-29,Affiliate,235
2024-04-30,Affiliate,119
2024-05-04,Affiliate,219.666666666667
2024-05-06,Affiliate,284
2024-05-07,Affiliate,190
2024-05-08,Affiliate,334
2024-05-12,Affiliate,90
2024-05-13,Affiliate,193
2024-05-18,Affiliate,157
2024-05-21,Affiliate,208
2024-05-22,Affiliate,334
2024-05-23,Affiliate,722
2024-05-25,Affiliate,377
2024-06-04,Affiliate,332
2024-06-05,Affiliate,341
2024-06-06,Affiliate,104
2024-06-07,Affiliate,477
2024-06-08,Affiliate,332
2024-06-09,Affiliate,192
2024-06-11,Affiliate,98
2024-06-13,Affiliate,371
2024-06-19,Affiliate,188
2024-06-20,Affiliate,230.5
2024-06-23,Affiliate,236
2024-06-27,Affiliate,329
2024-06-30,Affiliate,152
2024-07-05,Affiliate,314
2024-07-10,Affiliate,425
2024-07-15,Affiliate,155
2024-07-17,Affiliate,407.5
2024-07-18,Affiliate,70
2024-07-20,Affiliate,260.5
2024-07-26,Affiliate,329
2024-07-27,Affiliate,149
2024-08-02,Affiliate,342
2024-08-05,Affiliate,390
2024-08-08,Affiliate,179.5
2024-08-10,Affiliate,244
2024-08-11,Affiliate,84
2024-08-14,Affiliate,134
2024-08-15,Affiliate,222
2024-08-25,Affiliate,81
2024-08-29,Affiliate,264
2024-08-30,Affiliate,196
2024-09-15,Affiliate,150
2024-09-16,Affiliate,116
2024-09-17,Affiliate,154
2024-09-21,Affiliate,50
2024-09-23,Affiliate,131
2024-09-24,Affiliate,260
2024-09-29,Affiliate,128
2024-09-30,Affiliate,172
2024-10-03,Affiliate,346
2024-10-08,Affiliate,198
2024-10-09,Affiliate,184
2024-10-12,Affiliate,343
2024-10-14,Affiliate,68
2024-10-18,Affiliate,284
2024-10-21,Affiliate,163.333333333333
2024-10-22,Affiliate,142
2024-10-25,Affiliate,94
2024-10-27,Affiliate,186
2024-11-01,Affiliate,237
2024-11-04,Affiliate,263
2024-11-11,Affiliate,210
2024-11-12,Affiliate,95
2024-11-13,Affiliate,453
2024-11-19,Affiliate,122
2024-11-23,Affiliate,180.25
2024-12-04,Affiliate,163
2024-12-06,Affiliate,281
2024-12-12,Affiliate,73
2024-12-17,Affiliate,325.5
2024-12-19,Affiliate,192
2024-12-20,Affiliate,354
2024-12-22,Affiliate,480
2024-12-24,Affiliate,249
2024-12-29,Affiliate,376
2025-01-05,Affiliate,75
2025-01-21,Affiliate,495
2025-01-24,Affiliate,340
2025-01-26,Affiliate,382
2025-02-01,Affiliate,182
2025-02-10,Affiliate,637
2025-02-17,Affiliate,430
2025-02-18,Affiliate,766
2025-02-19,Affiliate,318
2025-02-22,Affiliate,99
2025-02-25,Affiliate,303
2025-02-27,Affiliate,132
2025-03-01,Affiliate,262
2025-03-04,Affiliate,630
2025-03-05,Affiliate,355
2025-03-09,Affiliate,349
2025-03-10,Affiliate,314
2025-03-12,Affiliate,429
2025-03-13,Affiliate,108
2025-03-14,Affiliate,317
2025-03-19,Affiliate,542
2025-03-20,Affiliate,351
2025-03-22,Affiliate,191
2025-03-29,Affiliate,567
2025-03-30,Affiliate,226
2025-04-01,Affiliate,391
2025-04-06,Affiliate,1010
2025-04-13,Affiliate,381
2025-04-15,Affiliate,683
2025-04-17,Affiliate,266
2025-04-21,Affiliate,292
2025-04-22,Affiliate,604
2025-04-25,Affiliate,116
2025-04-27,Affiliate,303
2025-05-02,Affiliate,147
2025-05-04,Affiliate,276
2025-05-08,Affiliate,251
2025-05-09,Affiliate,159
2025-05-12,Affiliate,383
2025-05-13,Affiliate,220
2025-05-14,Affiliate,241.333333333333
2025-05-15,Affiliate,509
2025-05-20,Affiliate,245
2025-05-23,Affiliate,441
2025-05-27,Affiliate,216
2025-05-28,Affiliate,695
2025-05-30,Affiliate,719
2025-06-01,Affiliate,204
2025-06-02,Affiliate,131
2025-06-05,Affiliate,128
2025-06-07,Affiliate,243.5
2025-06-08,Affiliate,256
2025-06-14,Affiliate,312
2025-06-25,Affiliate,246
2025-06-26,Affiliate,128
2025-06-27,Affiliate,214.5
2025-06-29,Affiliate,53
2025-06-30,Affiliate,170
2025-07-02,Affiliate,154
2025-07-11,Affiliate,342
2025-07-13,Affiliate,297
2025-07-16,Affiliate,242
2025-07-19,Affiliate,225
2025-07-21,Affiliate,205.5
2025-07-27,Affiliate,272
2025-07-28,Affiliate,278.5
2025-07-30,Affiliate,213
2025-08-05,Affiliate,33
2025-08-07,Affiliate,110
2025-08-08,Affiliate,258
2025-08-11,Affiliate,242
2025-08-14,Affiliate,169
2025-08-16,Affiliate,203
2025-08-17,Affiliate,416
2025-08-20,Affiliate,275.5
2025-08-21,Affiliate,540
2025-08-23,Affiliate,288
2025-08-27,Affiliate,172
2025-08-30,Affiliate,204
2025-08-31,Affiliate,184
2025-09-01,Affiliate,439
2025-09-05,Affiliate,282.5
2025-09-06,Affiliate,226.5
2025-09-10,Affiliate,355
2025-09-13,Affiliate,49
2025-09-17,Affiliate,403
2025-09-18,Affiliate,328
2025-09-22,Affiliate,151
2025-09-25,Affiliate,154
2025-09-29,Affiliate,152
2025-09-30,Affiliate,191
2025-10-01,Affiliate,329
2025-10-03,Affiliate,266
2025-10-04,Affiliate,282.5
2025-10-07,Affiliate,264
2025-10-10,Affiliate,242
2025-10-15,Affiliate,366.5
2025-10-20,Affiliate,341
2025-10-22,Affiliate,240
2025-10-25,Affiliate,213.5
2025-10-31,Affiliate,225
2025-11-08,Affiliate,355
2025-11-10,Affiliate,207.5
2025-11-12,Affiliate,435
2025-11-13,Affiliate,257
2025-11-14,Affiliate,213
2025-11-18,Affiliate,401
2025-11-27,Affiliate,240
2025-11-28,Affiliate,425
2025-11-30,Affiliate,248
2025-12-03,Affiliate,218
2025-12-08,Affiliate,365
2025-12-13,Affiliate,254
2025-12-14,Affiliate,295
2025-12-15,Affiliate,538
2025-12-16,Affiliate,328
2025-12-23,Affiliate,223
2025-12-24,Affiliate,142
2025-12-26,Affiliate,292
2025-12-30,Affiliate,405
2025-12-31,Affiliate,248
2023-01-01,Direct,432
2023-01-04,Direct,425
2023-01-05,Direct,83
2023-01-06,Direct,317
2023-01-09,Direct,443
2023-01-10,Direct,839
2023-01-12,Direct,294
2023-01-15,Direct,337.5
2023-01-16,Direct,284.666666666667
2023-01-17,Direct,715
2023-01-19,Direct,240.5
2023-01-21,Direct,625.5
2023-01-24,Direct,468
2023-01-25,Direct,429
2023-01-27,Direct,341
2023-01-28,Direct,389
2023-01-29,Direct,174
2023-02-05,Direct,629
2023-02-06,Direct,385
2023-02-07,Direct,85
2023-02-09,Direct,404
2023-02-10,Direct,840
2023-02-11,Direct,199
2023-02-12,Direct,283
2023-02-13,Direct,363
2023-02-16,Direct,420
2023-02-17,Direct,545.5
2023-02-18,Direct,532
2023-02-21,Direct,474
2023-02-25,Direct,341.5
2023-02-26,Direct,229
2023-03-02,Direct,287.5
2023-03-03,Direct,687
2023-03-07,Direct,391
2023-03-08,Direct,385
2023-03-09,Direct,396.5
2023-03-10,Direct,277
2023-03-11,Direct,365.333333333333
2023-03-13,Direct,456
2023-03-14,Direct,241
2023-03-18,Direct,445
2023-03-23,Direct,334.5
2023-03-24,Direct,428
2023-03-26,Direct,263.25
2023-03-27,Direct,142
2023-03-28,Direct,614
2023-03-29,Direct,786
2023-03-30,Direct,570
2023-03-31,Direct,241
2023-04-01,Direct,403.5
2023-04-02,Direct,181
2023-04-03,Direct,379
2023-04-05,Direct,307
2023-04-06,Direct,401.5
2023-04-08,Direct,196.5
2023-04-17,Direct,402
2023-04-20,Direct,295
2023-04-21,Direct,771.5
2023-04-22,Direct,300.5
2023-05-01,Direct,95
2023-05-02,Direct,240
2023-05-05,Direct,497
2023-05-06,Direct,629
2023-05-09,Direct,749
2023-05-13,Direct,399.5
2023-05-14,Direct,759
2023-05-15,Direct,180
2023-05-17,Direct,282
2023-05-19,Direct,439
2023-05-20,Direct,423
2023-05-21,Direct,217
2023-05-24,Direct,552.5
2023-05-25,Direct,392
2023-05-26,Direct,183
2023-05-28,Direct,357
2023-05-29,Direct,853
2023-05-31,Direct,246.5
2023-06-01,Direct,526
2023-06-02,Direct,248
2023-06-03,Direct,293
2023-06-04,Direct,252
2023-06-05,Direct,273
2023-06-06,Direct,248.333333333333
2023-06-07,Direct,282.333333333333
2023-06-08,Direct,267
2023-06-10,Direct,558
2023-06-14,Direct,149
2023-06-15,Direct,310
2023-06-18,Direct,406
2023-06-20,Direct,242.5
2023-06-21,Direct,317.666666666667
2023-06-23,Direct,605
2023-06-24,Direct,187
2023-06-26,Direct,259
2023-06-27,Direct,389
2023-06-28,Direct,503
2023-06-30,Direct,372
2023-07-01,Direct,276.333333333333
2023-07-02,Direct,303
2023-07-06,Direct,350
2023-07-07,Direct,150
2023-07-08,Direct,220.5
2023-07-09,Direct,324
2023-07-10,Direct,268
2023-07-13,Direct,87
2023-07-14,Direct,501
2023-07-15,Direct,249
2023-07-16,Direct,339
2023-07-17,Direct,262
2023-07-19,Direct,154
2023-07-20,Direct,298
2023-07-22,Direct,399
2023-07-23,Direct,145
2023-07-24,Direct,327.333333333333
2023-07-25,Direct,317
2023-07-27,Direct,193
2023-07-29,Direct,107
2023-07-30,Direct,323.5
2023-07-31,Direct,310
2023-08-01,Direct,274
2023-08-03,Direct,354
2023-08-07,Direct,218
2023-08-08,Direct,441
2023-08-15,Direct,231
2023-08-17,Direct,620
2023-08-18,Direct,385
2023-08-19,Direct,291.5
2023-08-20,Direct,351.5
2023-08-21,Direct,260
2023-08-23,Direct,240
2023-08-27,Direct,273
2023-08-28,Direct,65
2023-08-31,Direct,286
2023-09-02,Direct,140.333333333333
2023-09-05,Direct,564
2023-09-06,Direct,137
2023-09-10,Direct,41
2023-09-11,Direct,323
2023-09-12,Direct,137
2023-09-14,Direct,327
2023-09-17,Direct,231
2023-09-18,Direct,23
2023-09-20,Direct,268
2023-09-21,Direct,104
2023-09-26,Direct,401
2023-09-30,Direct,236
2023-10-02,Direct,323
2023-10-03,Direct,196
2023-10-04,Direct,671
2023-10-06,Direct,710
2023-10-07,Direct,377
2023-10-08,Direct,278.666666666667
2023-10-10,Direct,300
2023-10-12,Direct,365
2023-10-15,Direct,313
2023-10-18,Direct,344
2023-10-19,Direct,151
2023-10-21,Direct,145
2023-10-22,Direct,274
2023-10-24,Direct,440.5
2023-10-25,Direct,42
2023-10-26,Direct,429.5
2023-10-28,Direct,269.666666666667
2023-10-30,Direct,279
2023-11-01,Direct,645
2023-11-03,Direct,656.5
2023-11-05,Direct,270.5
2023-11-06,Direct,304
2023-11-07,Direct,580
2023-11-10,Direct,470
2023-11-13,Direct,493
2023-11-15,Direct,254
2023-11-21,Direct,438
2023-11-22,Direct,274
2023-11-25,Direct,258
2023-11-27,Direct,393.5
2023-11-28,Direct,324
2023-11-29,Direct,371
2023-11-30,Direct,309
2023-12-01,Direct,401
2023-12-03,Direct,221
2023-12-04,Direct,235
2023-12-05,Direct,311
2023-12-06,Direct,244
2023-12-08,Direct,198
2023-12-09,Direct,199.5
2023-12-10,Direct,536.5
2023-12-11,Direct,289
2023-12-12,Direct,110
2023-12-15,Direct,471
2023-12-18,Direct,600
2023-12-19,Direct,449.5
2023-12-20,Direct,293.5
2023-12-21,Direct,488.5
2023-12-22,Direct,225
2023-12-23,Direct,457.5
2023-12-27,Direct,483
2023-12-29,Direct,385
2023-12-30,Direct,198
2024-01-01,Direct,711
2024-01-02,Direct,323.75
2024-01-07,Direct,348
2024-01-09,Direct,351.5
2024-01-10,Direct,68
2024-01-14,Direct,64
2024-01-15,Direct,614
2024-01-16,Direct,333
2024-01-17,Direct,465
2024-01-18,Direct,506
2024-01-20,Direct,700
2024-01-21,Direct,317
2024-01-23,Direct,470
2024-01-25,Direct,272
2024-01-26,Direct,128
2024-01-27,Direct,380
2024-01-31,Direct,451
2024-02-01,Direct,817
2024-02-03,Direct,677
2024-02-04,Direct,653
2024-02-05,Direct,403
2024-02-09,Direct,608
2024-02-10,Direct,370
2024-02-13,Direct,989
2024-02-16,Direct,320
2024-02-17,Direct,496
2024-02-18,Direct,360
2024-02-19,Direct,242
2024-02-20,Direct,452
2024-02-23,Direct,597.333333333333
2024-02-28,Direct,263
2024-03-01,Direct,494
2024-03-02,Direct,379
2024-03-03,Direct,357
2024-03-06,Direct,370
2024-03-07,Direct,226
2024-03-08,Direct,343.5
2024-03-09,Direct,238
2024-03-11,Direct,631.5
2024-03-12,Direct,730
2024-03-14,Direct,790
2024-03-15,Direct,407
2024-03-16,Direct,243
2024-03-19,Direct,309
2024-03-20,Direct,363
2024-03-21,Direct,276.5
2024-03-23,Direct,678.5
2024-03-25,Direct,169
2024-03-28,Direct,829
2024-03-29,Direct,867
2024-03-30,Direct,568
2024-03-31,Direct,385
2024-04-01,Direct,568.5
2024-04-07,Direct,334
2024-04-09,Direct,775
2024-04-13,Direct,243
2024-04-14,Direct,476
2024-04-15,Direct,253
2024-04-16,Direct,377
2024-04-17,Direct,875
2024-04-18,Direct,437
2024-04-22,Direct,102
2024-04-23,Direct,309.5
2024-04-24,Direct,585
2024-04-26,Direct,520
2024-04-27,Direct,341
2024-04-29,Direct,355
2024-05-01,Direct,630.666666666667
2024-05-03,Direct,570
2024-05-04,Direct,238
2024-05-05,Direct,539
2024-05-06,Direct,284.5
2024-05-11,Direct,214
2024-05-14,Direct,335
2024-05-16,Direct,455.5
2024-05-17,Direct,232
2024-05-19,Direct,382.5
2024-05-21,Direct,385
2024-05-24,Direct,580
2024-05-25,Direct,319
2024-05-30,Direct,423
2024-06-01,Direct,548
2024-06-03,Direct,289.666666666667
2024-06-04,Direct,662
2024-06-05,Direct,339
2024-06-08,Direct,130
2024-06-09,Direct,329
2024-06-10,Direct,392
2024-06-13,Direct,390
2024-06-15,Direct,644
2024-06-16,Direct,294.666666666667
2024-06-17,Direct,366
2024-06-18,Direct,303
2024-06-21,Direct,550.5
2024-06-22,Direct,276.666666666667
2024-06-23,Direct,418
2024-06-24,Direct,109
2024-06-26,Direct,487
2024-06-28,Direct,203
2024-06-29,Direct,576
2024-06-30,Direct,663
2024-07-04,Direct,323
2024-07-08,Direct,241
2024-07-09,Direct,160
2024-07-11,Direct,501
2024-07-13,Direct,263
2024-07-15,Direct,500
2024-07-16,Direct,770
2024-07-19,Direct,113
2024-07-20,Direct,603.333333333333
2024-07-21,Direct,189
2024-07-24,Direct,42
2024-07-25,Direct,357.5
2024-07-30,Direct,78
2024-08-01,Direct,671
2024-08-02,Direct,295
2024-08-04,Direct,242
2024-08-07,Direct,213
2024-08-08,Direct,362
2024-08-10,Direct,169
2024-08-11,Direct,333
2024-08-12,Direct,324
2024-08-13,Direct,403
2024-08-16,Direct,312.5
2024-08-18,Direct,459
2024-08-20,Direct,180
2024-08-21,Direct,265
2024-08-22,Direct,357
2024-08-24,Direct,391
2024-08-26,Direct,175.5
2024-08-27,Direct,311.5
2024-08-28,Direct,426
2024-09-02,Direct,136
2024-09-05,Direct,345
2024-09-06,Direct,220
2024-09-07,Direct,252
2024-09-09,Direct,321
2024-09-12,Direct,269
2024-09-13,Direct,288.5
2024-09-15,Direct,215
2024-09-16,Direct,279.333333333333
2024-09-17,Direct,220.5
2024-09-19,Direct,363
2024-09-20,Direct,335
2024-09-25,Direct,229
2024-09-28,Direct,158
2024-09-30,Direct,91
2024-10-01,Direct,381
2024-10-02,Direct,421.5
2024-10-03,Direct,230
2024-10-05,Direct,381
2024-10-06,Direct,183
2024-10-07,Direct,288
2024-10-08,Direct,254.5
2024-10-10,Direct,202.5
2024-10-19,Direct,148
2024-10-21,Direct,298
2024-10-25,Direct,255
2024-10-27,Direct,416.666666666667
2024-10-28,Direct,223
2024-10-29,Direct,203
2024-10-30,Direct,193
2024-11-03,Direct,486
2024-11-06,Direct,90
2024-11-07,Direct,633
2024-11-08,Direct,268.5
2024-11-09,Direct,421
2024-11-11,Direct,357
2024-11-16,Direct,665
2024-11-17,Direct,414
2024-11-19,Direct,511
2024-11-20,Direct,466
2024-11-24,Direct,298.5
2024-11-28,Direct,570
2024-12-03,Direct,385
2024-12-07,Direct,614
2024-12-08,Direct,276
2024-12-09,Direct,857
2024-12-14,Direct,285.5
2024-12-15,Direct,277
2024-12-16,Direct,389
2024-12-17,Direct,430.6
2024-12-18,Direct,447
2024-12-19,Direct,359
2024-12-22,Direct,400
2024-12-23,Direct,662.5
2024-12-24,Direct,398
2024-12-29,Direct,337
2025-01-03,Direct,667
2025-01-04,Direct,571
2025-01-07,Direct,346
2025-01-08,Direct,345
2025-01-10,Direct,192
2025-01-12,Direct,316
2025-01-14,Direct,192
2025-01-15,Direct,426.5
2025-01-16,Direct,195
2025-01-18,Direct,512
2025-01-19,Direct,388
2025-01-20,Direct,568
2025-01-26,Direct,724
2025-01-27,Direct,349
2025-01-29,Direct,325
2025-01-30,Direct,534
2025-02-01,Direct,422
2025-02-02,Direct,616
2025-02-03,Direct,1143
2025-02-08,Direct,1468
2025-02-10,Direct,183
2025-02-11,Direct,363.5
2025-02-12,Direct,532
2025-02-15,Direct,691
2025-02-16,Direct,251
2025-02-20,Direct,907
2025-02-22,Direct,651
2025-02-23,Direct,391
2025-02-24,Direct,110
2025-02-27,Direct,483
2025-02-28,Direct,161
2025-03-01,Direct,609
2025-03-02,Direct,500
2025-03-03,Direct,478.25
2025-03-04,Direct,535
2025-03-05,Direct,925
2025-03-08,Direct,776.333333333333
2025-03-09,Direct,322.5
2025-03-10,Direct,418
2025-03-11,Direct,175
2025-03-13,Direct,220.5
2025-03-15,Direct,435.333333333333
2025-03-16,Direct,511.5
2025-03-17,Direct,442
2025-03-21,Direct,711
2025-03-23,Direct,823
2025-03-25,Direct,288
2025-03-26,Direct,332.5
2025-03-30,Direct,330.5
2025-04-02,Direct,442
2025-04-04,Direct,451
2025-04-05,Direct,404.5
2025-04-06,Direct,794
2025-04-07,Direct,359.5
2025-04-09,Direct,127
2025-04-10,Direct,804
2025-04-12,Direct,676.666666666667
2025-04-14,Direct,550
2025-04-15,Direct,125
2025-04-16,Direct,552
2025-04-17,Direct,441
2025-04-19,Direct,175
2025-04-20,Direct,434
2025-04-21,Direct,281.5
2025-04-23,Direct,335
2025-04-24,Direct,562.5
2025-04-25,Direct,407.5
2025-04-27,Direct,255
2025-05-01,Direct,330.666666666667
2025-05-02,Direct,141
2025-05-03,Direct,390
2025-05-04,Direct,131
2025-05-06,Direct,560.666666666667
2025-05-10,Direct,768
2025-05-11,Direct,579.5
2025-05-15,Direct,438.5
2025-05-16,Direct,532
2025-05-19,Direct,1140
2025-05-21,Direct,198
2025-05-23,Direct,319
2025-05-24,Direct,189
2025-05-25,Direct,292
2025-05-26,Direct,307
2025-05-27,Direct,352.5
2025-05-28,Direct,597.5
2025-05-29,Direct,654
2025-05-30,Direct,412
2025-05-31,Direct,946.5
2025-06-01,Direct,284
2025-06-03,Direct,422.5
2025-06-04,Direct,438.5
2025-06-09,Direct,772.5
2025-06-11,Direct,848
2025-06-12,Direct,659
2025-06-13,Direct,203
2025-06-14,Direct,154.5
2025-06-15,Direct,358.5
2025-06-16,Direct,263
2025-06-17,Direct,532.5
2025-06-18,Direct,452.5
2025-06-19,Direct,506.5
2025-06-22,Direct,332.5
2025-06-24,Direct,387.25
2025-06-26,Direct,648
2025-06-27,Direct,189
2025-06-30,Direct,579.5
2025-07-04,Direct,279
2025-07-05,Direct,162
2025-07-07,Direct,639
2025-07-08,Direct,247.5
2025-07-09,Direct,481
2025-07-10,Direct,115
2025-07-11,Direct,199
2025-07-12,Direct,980
2025-07-13,Direct,243
2025-07-17,Direct,410.25
2025-07-20,Direct,263.5
2025-07-26,Direct,254
2025-07-27,Direct,565
2025-07-29,Direct,549.5
2025-07-30,Direct,405.75
2025-08-02,Direct,631
2025-08-03,Direct,156
2025-08-07,Direct,548
2025-08-08,Direct,530
2025-08-11,Direct,262.5
2025-08-13,Direct,326
2025-08-14,Direct,309
2025-08-15,Direct,632.5
2025-08-16,Direct,230.5
2025-08-18,Direct,263
2025-08-19,Direct,195.5
2025-08-25,Direct,725.5
2025-08-26,Direct,485
2025-08-28,Direct,960
2025-09-01,Direct,403
2025-09-02,Direct,242
2025-09-03,Direct,334
2025-09-04,Direct,260.5
2025-09-08,Direct,282.5
2025-09-10,Direct,341
2025-09-11,Direct,437
2025-09-16,Direct,139
2025-09-21,Direct,195
2025-09-23,Direct,322.5
2025-09-25,Direct,323
2025-09-28,Direct,355
2025-09-29,Direct,400
2025-09-30,Direct,190
2025-10-01,Direct,303.5
2025-10-02,Direct,367.5
2025-10-03,Direct,612
2025-10-06,Direct,435
2025-10-07,Direct,274
2025-10-08,Direct,340
2025-10-11,Direct,221
2025-10-14,Direct,353
2025-10-15,Direct,457.5
2025-10-16,Direct,379
2025-10-20,Direct,559
2025-10-21,Direct,220
2025-10-22,Direct,455
2025-10-23,Direct,228
2025-10-24,Direct,455
2025-10-25,Direct,244
2025-10-26,Direct,230
2025-10-30,Direct,83
2025-11-01,Direct,402
2025-11-05,Direct,625
2025-11-08,Direct,236
2025-11-09,Direct,616
2025-11-11,Direct,274
2025-11-12,Direct,294.333333333333
2025-11-13,Direct,384
2025-11-15,Direct,218
2025-11-16,Direct,342
2025-11-17,Direct,670
2025-11-18,Direct,394
2025-11-20,Direct,182
2025-11-21,Direct,231
2025-11-23,Direct,630
2025-11-24,Direct,592
2025-11-26,Direct,435.5
2025-11-29,Direct,397
2025-12-03,Direct,316
2025-12-04,Direct,255.5
2025-12-06,Direct,621
2025-12-07,Direct,546
2025-12-09,Direct,907
2025-12-11,Direct,394
2025-12-14,Direct,799.5
2025-12-16,Direct,171
2025-12-17,Direct,329
2025-12-18,Direct,483
2025-12-19,Direct,656
2025-12-20,Direct,390
2025-12-21,Direct,943
2025-12-22,Direct,359.5
2025-12-24,Direct,163
2025-12-25,Direct,394
2025-12-27,Direct,536
2025-12-28,Direct,442
2025-12-29,Direct,1220
2025-12-31,Direct,380
2023-01-01,Email,305
2023-01-05,Email,308
2023-01-06,Email,659
2023-01-07,Email,408
2023-01-10,Email,481
2023-01-11,Email,222
2023-01-12,Email,358
2023-01-16,Email,509.5
2023-01-22,Email,339
2023-01-24,Email,642
2023-01-25,Email,348.5
2023-01-28,Email,650.5
2023-01-29,Email,418
2023-01-30,Email,225
2023-02-02,Email,350
2023-02-03,Email,525
2023-02-05,Email,568
2023-02-08,Email,671.333333333333
2023-02-10,Email,621
2023-02-12,Email,990
2023-02-13,Email,401
2023-02-14,Email,541
2023-02-17,Email,379
2023-02-21,Email,45
2023-02-23,Email,1304
2023-03-02,Email,461
2023-03-03,Email,1110
2023-03-04,Email,410
2023-03-05,Email,226
2023-03-06,Email,616.5
2023-03-09,Email,507
2023-03-11,Email,321
2023-03-13,Email,907
2023-03-20,Email,288.5
2023-03-22,Email,327
2023-03-23,Email,434
2023-03-24,Email,753.5
2023-03-25,Email,550
2023-03-27,Email,454
2023-03-30,Email,521.5
2023-04-01,Email,752
2023-04-03,Email,886
2023-04-04,Email,382.666666666667
2023-04-05,Email,665
2023-04-07,Email,489
2023-04-09,Email,523.5
2023-04-10,Email,1044.5
2023-04-11,Email,489
2023-04-12,Email,529.5
2023-04-13,Email,972
2023-04-18,Email,879
2023-04-19,Email,797
2023-04-21,Email,876
2023-04-23,Email,329
2023-05-01,Email,442
2023-05-04,Email,476.666666666667
2023-05-05,Email,334
2023-05-06,Email,506
2023-05-08,Email,292.5
2023-05-10,Email,258.5
2023-05-11,Email,256
2023-05-13,Email,339
2023-05-15,Email,1062
2023-05-16,Email,524
2023-05-17,Email,673
2023-05-18,Email,697.5
2023-05-19,Email,303
2023-05-21,Email,333.5
2023-05-23,Email,617.5
2023-05-24,Email,458
2023-05-26,Email,165
2023-05-28,Email,267
2023-05-30,Email,773
2023-05-31,Email,365
2023-06-01,Email,581
2023-06-02,Email,257
2023-06-03,Email,289
2023-06-04,Email,346
2023-06-05,Email,267
2023-06-06,Email,367
2023-06-07,Email,509
2023-06-08,Email,804
2023-06-10,Email,102
2023-06-11,Email,1190
2023-06-12,Email,918
2023-06-14,Email,558
2023-06-15,Email,280
2023-06-16,Email,277
2023-06-18,Email,467
2023-06-19,Email,257
2023-06-20,Email,607.666666666667
2023-06-25,Email,585.5
2023-06-26,Email,806.5
2023-06-27,Email,391
2023-06-28,Email,254
2023-06-30,Email,513
2023-07-01,Email,235
2023-07-02,Email,535
2023-07-03,Email,241
2023-07-06,Email,610.333333333333
2023-07-07,Email,359
2023-07-08,Email,478
2023-07-09,Email,421
2023-07-13,Email,629
2023-07-14,Email,344
2023-07-16,Email,160
2023-07-17,Email,357
2023-07-19,Email,439.5
2023-07-23,Email,286
2023-07-24,Email,245
2023-07-25,Email,235
2023-07-26,Email,304
2023-07-27,Email,729
2023-07-29,Email,324
2023-07-30,Email,679
2023-07-31,Email,453
2023-08-01,Email,259
2023-08-03,Email,644
2023-08-05,Email,229
2023-08-10,Email,618
2023-08-12,Email,123
2023-08-13,Email,374.5
2023-08-14,Email,462
2023-08-16,Email,619
2023-08-17,Email,779
2023-08-18,Email,257
2023-08-20,Email,320
2023-08-21,Email,550
2023-08-22,Email,550
2023-08-24,Email,419.5
2023-08-28,Email,344
2023-08-29,Email,379
2023-09-02,Email,316
2023-09-06,Email,208
2023-09-13,Email,620
2023-09-14,Email,421
2023-09-15,Email,467.5
2023-09-16,Email,204
2023-09-17,Email,407
2023-09-18,Email,377
2023-09-19,Email,570
2023-09-20,Email,687
2023-09-21,Email,485
2023-09-23,Email,243
2023-09-27,Email,461
2023-09-28,Email,218
2023-09-29,Email,426
2023-09-30,Email,296
2023-10-01,Email,567
2023-10-04,Email,124
2023-10-06,Email,352
2023-10-08,Email,220
2023-10-10,Email,413
2023-10-11,Email,279
2023-10-12,Email,659
2023-10-13,Email,149
2023-10-17,Email,349
2023-10-19,Email,583.5
2023-10-20,Email,534
2023-10-21,Email,620
2023-10-24,Email,333
2023-10-25,Email,96
2023-10-26,Email,364.5
2023-10-27,Email,335
2023-10-31,Email,318
2023-11-03,Email,329
2023-11-04,Email,760
2023-11-06,Email,184
2023-11-07,Email,276
2023-11-09,Email,177
2023-11-10,Email,829
2023-11-16,Email,514
2023-11-17,Email,340
2023-11-18,Email,1767
2023-11-19,Email,254
2023-11-22,Email,533
2023-11-23,Email,497
2023-11-26,Email,330
2023-11-28,Email,470
2023-11-30,Email,405
2023-12-02,Email,271
2023-12-06,Email,466
2023-12-08,Email,198
2023-12-12,Email,606
2023-12-15,Email,531
2023-12-20,Email,426.5
2023-12-21,Email,464
2023-12-22,Email,609
2023-12-24,Email,255
2023-12-25,Email,316.5
2023-12-26,Email,582
2023-12-27,Email,279
2023-12-29,Email,323
2023-12-30,Email,387
2024-01-01,Email,825
2024-01-03,Email,749
2024-01-04,Email,598
2024-01-06,Email,315
2024-01-08,Email,115
2024-01-09,Email,470
2024-01-11,Email,491.5
2024-01-12,Email,1151
2024-01-14,Email,299
2024-01-16,Email,868.5
2024-01-19,Email,575
2024-01-26,Email,384
2024-01-27,Email,672
2024-01-28,Email,762
2024-02-01,Email,850
2024-02-02,Email,237
2024-02-04,Email,570
2024-02-05,Email,499
2024-02-06,Email,514
2024-02-08,Email,710
2024-02-09,Email,248
2024-02-10,Email,352
2024-02-11,Email,140
2024-02-12,Email,240
2024-02-13,Email,939
2024-02-14,Email,612
2024-02-15,Email,922
2024-02-17,Email,1608
2024-02-19,Email,677
2024-02-24,Email,762
2024-02-25,Email,321.5
2024-02-26,Email,876.5
2024-03-03,Email,812
2024-03-05,Email,555.5
2024-03-06,Email,599
2024-03-08,Email,815
2024-03-12,Email,436.5
2024-03-13,Email,368
2024-03-14,Email,708
2024-03-16,Email,569
2024-03-17,Email,1378
2024-03-18,Email,599
2024-03-19,Email,468
2024-03-20,Email,520
2024-03-22,Email,654.5
2024-03-23,Email,279
2024-03-24,Email,276
2024-03-26,Email,544
2024-03-28,Email,796
2024-04-02,Email,800
2024-04-03,Email,524
2024-04-05,Email,460.5
2024-04-06,Email,647.5
2024-04-07,Email,436
2024-04-10,Email,74
2024-04-14,Email,835
2024-04-15,Email,1530
2024-04-16,Email,735.75
2024-04-17,Email,212
2024-04-19,Email,613
2024-04-24,Email,299
2024-04-26,Email,795
2024-04-29,Email,540
2024-04-30,Email,343
2024-05-01,Email,352
2024-05-02,Email,603
2024-05-05,Email,468
2024-05-06,Email,659
2024-05-08,Email,470
2024-05-13,Email,324
2024-05-15,Email,217
2024-05-19,Email,563.5
2024-05-21,Email,440
2024-05-22,Email,317.5
2024-05-23,Email,695.5
2024-05-26,Email,485
2024-05-29,Email,810
2024-05-30,Email,253
2024-06-02,Email,619
2024-06-03,Email,338
2024-06-05,Email,405
2024-06-08,Email,490.5
2024-06-09,Email,273
2024-06-10,Email,468
2024-06-11,Email,344
2024-06-13,Email,716
2024-06-16,Email,441
2024-06-17,Email,528.5
2024-06-18,Email,801.5
2024-06-19,Email,1028
2024-06-21,Email,827
2024-06-25,Email,367
2024-06-26,Email,211
2024-06-28,Email,315
2024-07-03,Email,262
2024-07-04,Email,449
2024-07-06,Email,499
2024-07-07,Email,556
2024-07-09,Email,583
2024-07-10,Email,181
2024-07-13,Email,484
2024-07-14,Email,854
2024-07-15,Email,475
2024-07-16,Email,267
2024-07-19,Email,326
2024-07-20,Email,409.666666666667
2024-07-25,Email,311
2024-07-26,Email,240
2024-07-27,Email,417
2024-07-28,Email,572.5
2024-07-30,Email,655
2024-08-02,Email,475
2024-08-04,Email,143
2024-08-08,Email,620.5
2024-08-10,Email,426
2024-08-12,Email,445
2024-08-13,Email,161
2024-08-14,Email,382
2024-08-21,Email,267
2024-08-23,Email,437
2024-08-28,Email,416.5
2024-08-29,Email,380
2024-08-31,Email,421
2024-09-02,Email,190
2024-09-03,Email,423
2024-09-06,Email,566.5
2024-09-09,Email,463
2024-09-10,Email,593
2024-09-12,Email,698
2024-09-14,Email,590
2024-09-15,Email,324.5
2024-09-18,Email,541
2024-09-19,Email,314
2024-09-21,Email,410
2024-09-23,Email,643
2024-09-24,Email,846
2024-09-25,Email,358
2024-09-29,Email,224
2024-10-01,Email,395
2024-10-04,Email,437
2024-10-06,Email,534
2024-10-07,Email,1053
2024-10-08,Email,453.5
2024-10-09,Email,808
2024-10-13,Email,189
2024-10-17,Email,669
2024-10-19,Email,475
2024-10-20,Email,324
2024-10-21,Email,504
2024-10-26,Email,269
2024-10-28,Email,484
2024-10-30,Email,311
2024-11-01,Email,210
2024-11-02,Email,658
2024-11-03,Email,403
2024-11-05,Email,431
2024-11-06,Email,1013
2024-11-07,Email,368
2024-11-09,Email,392
2024-11-11,Email,422
2024-11-12,Email,380
2024-11-14,Email,240
2024-11-15,Email,666
2024-11-16,Email,562.5
2024-11-17,Email,362
2024-11-20,Email,325.5
2024-11-21,Email,712
2024-11-22,Email,329
2024-11-23,Email,343
2024-11-24,Email,139
2024-11-26,Email,624
2024-11-28,Email,702
2024-11-30,Email,246.333333333333
2024-12-01,Email,377
2024-12-03,Email,530
2024-12-04,Email,429
2024-12-06,Email,754.5
2024-12-10,Email,458.5
2024-12-12,Email,398.5
2024-12-13,Email,680.5
2024-12-18,Email,1068
2024-12-19,Email,429
2024-12-20,Email,310.333333333333
2024-12-21,Email,218
2024-12-24,Email,553
2024-12-25,Email,724
2024-12-28,Email,470
2024-12-30,Email,510
2025-01-01,Email,886
2025-01-04,Email,447
2025-01-05,Email,880
2025-01-06,Email,690
2025-01-11,Email,200
2025-01-13,Email,539
2025-01-14,Email,390
2025-01-15,Email,849.5
2025-01-18,Email,806
2025-01-20,Email,838
2025-01-21,Email,262
2025-01-25,Email,613
2025-01-26,Email,648
2025-01-27,Email,599.5
2025-01-28,Email,622
2025-01-29,Email,769
2025-01-30,Email,433
2025-01-31,Email,482
2025-02-03,Email,682
2025-02-05,Email,1037
2025-02-09,Email,586
2025-02-12,Email,663
2025-02-16,Email,551
2025-02-18,Email,897
2025-02-19,Email,432
2025-02-23,Email,1196
2025-02-24,Email,388
2025-02-25,Email,207
2025-03-03,Email,998
2025-03-06,Email,597
2025-03-07,Email,526.5
2025-03-08,Email,1282
2025-03-09,Email,2013
2025-03-10,Email,415
2025-03-12,Email,1348
2025-03-14,Email,1925
2025-03-15,Email,760
2025-03-16,Email,618
2025-03-19,Email,771.333333333333
2025-03-21,Email,734
2025-03-22,Email,734
2025-03-24,Email,432.5
2025-03-25,Email,864.666666666667
2025-03-27,Email,745
2025-03-28,Email,795.5
2025-04-01,Email,323.5
2025-04-02,Email,674
2025-04-04,Email,1093.5
2025-04-05,Email,895
2025-04-08,Email,585.75
2025-04-10,Email,51
2025-04-13,Email,889.5
2025-04-14,Email,1018
2025-04-15,Email,797
2025-04-16,Email,489
2025-04-17,Email,307
2025-04-18,Email,600
2025-04-20,Email,970
2025-04-21,Email,1370
2025-04-22,Email,508
2025-04-23,Email,866
2025-04-25,Email,677
2025-04-28,Email,639
2025-04-29,Email,484
2025-04-30,Email,843
2025-05-03,Email,262
2025-05-04,Email,402.5
2025-05-08,Email,765
2025-05-09,Email,225
2025-05-10,Email,888
2025-05-12,Email,929
2025-05-14,Email,684
2025-05-19,Email,483
2025-05-20,Email,736
2025-05-23,Email,709
2025-05-24,Email,656
2025-05-25,Email,487
2025-05-26,Email,824.5
2025-05-27,Email,324
2025-05-28,Email,595
2025-05-29,Email,694
2025-05-30,Email,1306
2025-06-02,Email,774
2025-06-04,Email,1467
2025-06-05,Email,235
2025-06-09,Email,634.666666666667
2025-06-10,Email,539
2025-06-11,Email,558
2025-06-12,Email,937.5
2025-06-13,Email,702
2025-06-15,Email,949
2025-06-16,Email,775.5
2025-06-17,Email,931
2025-06-18,Email,787
2025-06-19,Email,286
2025-06-21,Email,294
2025-06-22,Email,565.5
2025-06-23,Email,832
2025-06-24,Email,707.5
2025-06-26,Email,315.333333333333
2025-06-28,Email,366
2025-06-29,Email,716
2025-06-30,Email,505
2025-07-03,Email,442
2025-07-05,Email,428
2025-07-12,Email,681
2025-07-14,Email,653
2025-07-15,Email,1644
2025-07-16,Email,1018
2025-07-21,Email,439
2025-07-23,Email,483.333333333333
2025-07-25,Email,435
2025-07-26,Email,615
2025-07-27,Email,522
2025-07-28,Email,828
2025-07-29,Email,484
2025-07-31,Email,125
2025-08-01,Email,342.5
2025-08-02,Email,236
2025-08-03,Email,685
2025-08-04,Email,356
2025-08-05,Email,374
2025-08-06,Email,511.5
2025-08-10,Email,334
2025-08-12,Email,669
2025-08-13,Email,297
2025-08-14,Email,421
2025-08-16,Email,729
2025-08-18,Email,454
2025-08-20,Email,471.5
2025-08-21,Email,149
2025-08-22,Email,666
2025-08-24,Email,313.5
2025-08-25,Email,361
2025-08-27,Email,274
2025-08-28,Email,200
2025-08-29,Email,324
2025-08-31,Email,714
2025-09-01,Email,263
2025-09-03,Email,415
2025-09-04,Email,434.5
2025-09-05,Email,508.25
2025-09-08,Email,369.5
2025-09-10,Email,396
2025-09-11,Email,346.666666666667
2025-09-12,Email,412.666666666667
2025-09-15,Email,1359
2025-09-20,Email,474
2025-09-24,Email,260
2025-09-25,Email,738.5
2025-09-26,Email,401
2025-09-27,Email,709
2025-09-28,Email,741
2025-09-29,Email,444
2025-10-02,Email,266
2025-10-03,Email,369
2025-10-07,Email,937
2025-10-09,Email,429
2025-10-10,Email,736
2025-10-11,Email,324
2025-10-12,Email,315.5
2025-10-13,Email,392
2025-10-15,Email,1201
2025-10-16,Email,265.5
2025-10-18,Email,377
2025-10-20,Email,272
2025-10-22,Email,537.333333333333
2025-10-24,Email,953
2025-10-25,Email,275
2025-10-26,Email,515
2025-10-28,Email,1033.5
2025-10-29,Email,255
2025-10-31,Email,595
2025-11-01,Email,535
2025-11-02,Email,286
2025-11-05,Email,410.5
2025-11-06,Email,469
2025-11-07,Email,241
2025-11-11,Email,301.333333333333
2025-11-12,Email,488.5
2025-11-14,Email,819
2025-11-15,Email,634
2025-11-17,Email,501
2025-11-18,Email,1029
2025-11-19,Email,297.5
2025-11-20,Email,301
2025-11-21,Email,457
2025-11-22,Email,302
2025-11-30,Email,464
2025-12-01,Email,462
2025-12-04,Email,616
2025-12-05,Email,286
2025-12-10,Email,972
2025-12-11,Email,356
2025-12-12,Email,305
2025-12-15,Email,1160
2025-12-18,Email,675
2025-12-19,Email,722
2025-12-23,Email,321
2025-12-24,Email,943
2025-12-27,Email,501
2023-01-01,Search,839
2023-01-02,Search,427.5
2023-01-04,Search,550.5
2023-01-05,Search,596
2023-01-06,Search,364.5
2023-01-07,Search,566
2023-01-08,Search,351.5
2023-01-09,Search,398
2023-01-10,Search,408
2023-01-11,Search,230
2023-01-12,Search,212
2023-01-13,Search,1042
2023-01-14,Search,330
2023-01-15,Search,664.5
2023-01-16,Search,539
2023-01-18,Search,371.6
2023-01-21,Search,438
2023-01-22,Search,674
2023-01-23,Search,318
2023-01-24,Search,712
2023-01-26,Search,568.5
2023-01-27,Search,582.5
2023-01-28,Search,637.2
2023-01-29,Search,597.5
2023-01-31,Search,620
2023-02-01,Search,475
2023-02-02,Search,245
2023-02-03,Search,490
2023-02-06,Search,643.5
2023-02-07,Search,535.333333333333
2023-02-08,Search,466
2023-02-09,Search,426
2023-02-10,Search,490
2023-02-11,Search,704
2023-02-12,Search,671
2023-02-13,Search,395
2023-02-14,Search,249
2023-02-15,Search,607
2023-02-16,Search,350
2023-02-18,Search,339
2023-02-20,Search,244.5
2023-02-21,Search,737
2023-02-22,Search,271
2023-02-23,Search,640.75
2023-02-24,Search,423
2023-02-25,Search,606
2023-02-27,Search,357
2023-02-28,Search,638
2023-03-03,Search,800.5
2023-03-04,Search,229
2023-03-05,Search,394
2023-03-07,Search,590
2023-03-08,Search,313
2023-03-11,Search,560.8
2023-03-12,Search,420
2023-03-13,Search,563
2023-03-16,Search,621
2023-03-17,Search,601
2023-03-18,Search,354.5
2023-03-19,Search,378
2023-03-20,Search,766.666666666667
2023-03-21,Search,467.5
2023-03-23,Search,710
2023-03-25,Search,615.75
2023-03-26,Search,293.5
2023-03-28,Search,1173
2023-03-29,Search,645.333333333333
2023-03-30,Search,405
2023-03-31,Search,703.666666666667
2023-04-01,Search,443
2023-04-02,Search,398.333333333333
2023-04-03,Search,491.666666666667
2023-04-04,Search,558
2023-04-05,Search,357
2023-04-06,Search,515
2023-04-07,Search,806
2023-04-08,Search,359
2023-04-09,Search,424
2023-04-10,Search,252
2023-04-11,Search,393.666666666667
2023-04-12,Search,384
2023-04-13,Search,690
2023-04-14,Search,318
2023-04-15,Search,415.333333333333
2023-04-16,Search,331
2023-04-17,Search,615
2023-04-18,Search,230
2023-04-19,Search,599.25
2023-04-21,Search,593
2023-04-23,Search,402
2023-04-24,Search,652.5
2023-04-26,Search,381.5
2023-04-27,Search,1041
2023-04-28,Search,647
2023-04-29,Search,646.333333333333
2023-04-30,Search,379
2023-05-01,Search,563
2023-05-02,Search,808
2023-05-03,Search,408.333333333333
2023-05-05,Search,437
2023-05-06,Search,838
2023-05-07,Search,925
2023-05-08,Search,302.25
2023-05-09,Search,370.5
2023-05-11,Search,350.5
2023-05-12,Search,653
2023-05-13,Search,172
2023-05-16,Search,418
2023-05-17,Search,591.333333333333
2023-05-18,Search,182
2023-05-19,Search,917.333333333333
2023-05-20,Search,1027
2023-05-21,Search,398.25
2023-05-22,Search,726
2023-05-23,Search,66
2023-05-24,Search,509
2023-05-25,Search,190
2023-05-26,Search,581.75
2023-05-27,Search,466
2023-05-28,Search,714
2023-05-29,Search,577
2023-05-30,Search,665.666666666667
2023-05-31,Search,455
2023-06-01,Search,696
2023-06-02,Search,533
2023-06-03,Search,265
2023-06-04,Search,426
2023-06-05,Search,347.25
2023-06-06,Search,600
2023-06-07,Search,711
2023-06-08,Search,394
2023-06-09,Search,422.666666666667
2023-06-10,Search,225.5
2023-06-12,Search,285
2023-06-13,Search,472
2023-06-14,Search,887
2023-06-15,Search,449
2023-06-16,Search,404
2023-06-17,Search,301
2023-06-18,Search,557.666666666667
2023-06-19,Search,73
2023-06-20,Search,257
2023-06-21,Search,595
2023-06-22,Search,477
2023-06-24,Search,204
2023-06-26,Search,312
2023-06-29,Search,162
2023-06-30,Search,401
2023-07-01,Search,456.5
2023-07-02,Search,338.5
2023-07-03,Search,399
2023-07-04,Search,799
2023-07-05,Search,278
2023-07-06,Search,265
2023-07-07,Search,734
2023-07-08,Search,457
2023-07-11,Search,318
2023-07-12,Search,196.666666666667
2023-07-13,Search,631
2023-07-14,Search,285
2023-07-15,Search,530.5
2023-07-16,Search,406.5
2023-07-17,Search,251
2023-07-18,Search,360.5
2023-07-19,Search,310
2023-07-20,Search,317
2023-07-21,Search,368
2023-07-22,Search,571
2023-07-23,Search,209
2023-07-24,Search,248.5
2023-07-27,Search,375
2023-07-28,Search,249.5
2023-07-29,Search,649
2023-07-30,Search,418
2023-07-31,Search,347.5
2023-08-01,Search,178
2023-08-02,Search,321
2023-08-03,Search,249.5
2023-08-04,Search,217.333333333333
2023-08-06,Search,336
2023-08-07,Search,347
2023-08-08,Search,261
2023-08-09,Search,373.5
2023-08-10,Search,247
2023-08-12,Search,434.5
2023-08-13,Search,343
2023-08-14,Search,413
2023-08-16,Search,317
2023-08-17,Search,256.666666666667
2023-08-18,Search,145
2023-08-20,Search,470
2023-08-21,Search,280
2023-08-22,Search,161
2023-08-25,Search,380
2023-08-26,Search,445.666666666667
2023-08-27,Search,345.5
2023-08-28,Search,295.5
2023-08-29,Search,225
2023-08-30,Search,246
2023-09-02,Search,395.8
2023-09-03,Search,285
2023-09-04,Search,464
2023-09-05,Search,521
2023-09-06,Search,210
2023-09-07,Search,137
2023-09-08,Search,260.333333333333
2023-09-09,Search,386
2023-09-10,Search,121
2023-09-11,Search,342.5
2023-09-12,Search,262.5
2023-09-14,Search,331
2023-09-15,Search,171
2023-09-16,Search,151
2023-09-17,Search,109
2023-09-18,Search,153
2023-09-19,Search,312
2023-09-21,Search,282
2023-09-23,Search,393
2023-09-24,Search,209.666666666667
2023-09-25,Search,287.5
2023-09-26,Search,395
2023-09-27,Search,376
2023-09-28,Search,670.5
2023-09-29,Search,178
2023-09-30,Search,474
2023-10-02,Search,269
2023-10-03,Search,291
2023-10-04,Search,244
2023-10-06,Search,197
2023-10-07,Search,345
2023-10-10,Search,226
2023-10-11,Search,336.5
2023-10-12,Search,279.333333333333
2023-10-13,Search,256
2023-10-14,Search,261
2023-10-15,Search,374.333333333333
2023-10-16,Search,401
2023-10-17,Search,308.5
2023-10-18,Search,436.5
2023-10-19,Search,316.75
2023-10-20,Search,277
2023-10-21,Search,289
2023-10-23,Search,538
2023-10-24,Search,118
2023-10-26,Search,477
2023-10-28,Search,545
2023-10-29,Search,307
2023-10-30,Search,188
2023-10-31,Search,505
2023-11-01,Search,208.333333333333
2023-11-02,Search,688
2023-11-03,Search,250.5
2023-11-04,Search,352
2023-11-05,Search,254
2023-11-06,Search,332
2023-11-07,Search,226
2023-11-08,Search,352
2023-11-09,Search,320.666666666667
2023-11-10,Search,367
2023-11-12,Search,90
2023-11-13,Search,667.5
2023-11-14,Search,473
2023-11-15,Search,94
2023-11-16,Search,483
2023-11-18,Search,257
2023-11-19,Search,322
2023-11-20,Search,376
2023-11-21,Search,178
2023-11-22,Search,529.5
2023-11-23,Search,257
2023-11-24,Search,817
2023-11-25,Search,268
2023-11-29,Search,333.5
2023-11-30,Search,406
2023-12-01,Search,377
2023-12-02,Search,541
2023-12-03,Search,533
2023-12-04,Search,573.666666666667
2023-12-07,Search,418
2023-12-08,Search,155
2023-12-12,Search,511.666666666667
2023-12-13,Search,380.333333333333
2023-12-14,Search,570
2023-12-15,Search,543
2023-12-16,Search,557.5
2023-12-17,Search,420.5
2023-12-18,Search,461.5
2023-12-19,Search,839
2023-12-20,Search,706
2023-12-21,Search,585
2023-12-22,Search,706
2023-12-23,Search,320
2023-12-26,Search,449.75
2023-12-27,Search,455.666666666667
2023-12-28,Search,752.333333333333
2023-12-29,Search,409
2023-12-31,Search,217.5
2024-01-01,Search,856
2024-01-03,Search,583
2024-01-06,Search,609.2
2024-01-09,Search,539
2024-01-10,Search,403
2024-01-12,Search,303
2024-01-13,Search,312.5
2024-01-14,Search,636
2024-01-17,Search,575
2024-01-19,Search,632
2024-01-20,Search,281.5
2024-01-21,Search,424
2024-01-22,Search,212
2024-01-23,Search,586
2024-01-24,Search,391
2024-01-25,Search,316.5
2024-01-26,Search,813
2024-01-27,Search,834
2024-01-28,Search,463
2024-01-29,Search,497
2024-01-31,Search,365
2024-02-01,Search,445
2024-02-02,Search,384.5
2024-02-03,Search,539
2024-02-04,Search,582.5
2024-02-05,Search,586.666666666667
2024-02-06,Search,394
2024-02-08,Search,410
2024-02-09,Search,658
2024-02-10,Search,538
2024-02-11,Search,488
2024-02-14,Search,352
2024-02-15,Search,463
2024-02-16,Search,535
2024-02-17,Search,1162
2024-02-19,Search,287
2024-02-20,Search,828
2024-02-21,Search,650.4
2024-02-22,Search,1128
2024-02-23,Search,798.666666666667
2024-02-24,Search,407
2024-02-25,Search,543.5
2024-02-27,Search,579
2024-02-28,Search,486.333333333333
2024-03-01,Search,845
2024-03-02,Search,381
2024-03-03,Search,705
2024-03-05,Search,621
2024-03-07,Search,512
2024-03-08,Search,682.5
2024-03-09,Search,1004.66666666667
2024-03-10,Search,688
2024-03-11,Search,457.333333333333
2024-03-12,Search,561.333333333333
2024-03-13,Search,836.666666666667
2024-03-14,Search,901
2024-03-16,Search,481.5
2024-03-17,Search,491
2024-03-18,Search,597
2024-03-20,Search,734
2024-03-21,Search,645.666666666667
2024-03-22,Search,564.5
2024-03-23,Search,493.333333333333
2024-03-24,Search,429
2024-03-26,Search,503
2024-03-27,Search,661.75
2024-03-28,Search,853
2024-03-29,Search,680
2024-03-30,Search,406
2024-03-31,Search,157.5
2024-04-01,Search,357.5
2024-04-02,Search,514
2024-04-03,Search,424
2024-04-04,Search,170
2024-04-05,Search,266
2024-04-06,Search,445
2024-04-07,Search,730
2024-04-08,Search,582.5
2024-04-09,Search,233
2024-04-10,Search,354
2024-04-11,Search,237
2024-04-12,Search,699
2024-04-14,Search,533
2024-04-15,Search,515
2024-04-17,Search,677
2024-04-18,Search,674
2024-04-19,Search,650
2024-04-21,Search,623
2024-04-22,Search,589
2024-04-23,Search,739.333333333333
2024-04-24,Search,389
2024-04-25,Search,601
2024-04-26,Search,454
2024-04-27,Search,625
2024-04-29,Search,1013
2024-05-02,Search,700
2024-05-04,Search,389
2024-05-06,Search,431.5
2024-05-07,Search,492.5
2024-05-08,Search,916.333333333333
2024-05-09,Search,270
2024-05-10,Search,413.666666666667
2024-05-12,Search,338
2024-05-13,Search,403
2024-05-14,Search,514
2024-05-15,Search,455.5
2024-05-16,Search,429
2024-05-17,Search,599
2024-05-19,Search,668
2024-05-20,Search,637
2024-05-22,Search,461
2024-05-24,Search,205
2024-05-25,Search,700
2024-05-26,Search,147
2024-05-27,Search,501
2024-05-28,Search,518
2024-05-30,Search,266
2024-05-31,Search,993
2024-06-02,Search,531.25
2024-06-03,Search,317
2024-06-04,Search,389
2024-06-05,Search,673
2024-06-06,Search,504
2024-06-07,Search,462
2024-06-09,Search,393
2024-06-10,Search,670
2024-06-12,Search,330
2024-06-13,Search,575.333333333333
2024-06-15,Search,357
2024-06-16,Search,444.666666666667
2024-06-20,Search,580.5
2024-06-21,Search,378.666666666667
2024-06-23,Search,383.5
2024-06-24,Search,533.6
2024-06-25,Search,327
2024-06-26,Search,433
2024-06-27,Search,477
2024-06-28,Search,709
2024-06-30,Search,644.5
2024-07-01,Search,226.5
2024-07-02,Search,337.5
2024-07-04,Search,291
2024-07-05,Search,236
2024-07-06,Search,596
2024-07-07,Search,433.333333333333
2024-07-08,Search,307
2024-07-09,Search,510
2024-07-13,Search,460.333333333333
2024-07-15,Search,550.5
2024-07-16,Search,350.333333333333
2024-07-17,Search,363
2024-07-18,Search,400.857142857143
2024-07-19,Search,961
2024-07-21,Search,262
2024-07-22,Search,355
2024-07-23,Search,441.75
2024-07-25,Search,307
2024-07-26,Search,469
2024-07-28,Search,485
2024-07-29,Search,404
2024-07-30,Search,195
2024-08-01,Search,198
2024-08-02,Search,230
2024-08-03,Search,427.333333333333
2024-08-04,Search,526
2024-08-05,Search,291.333333333333
2024-08-06,Search,652
2024-08-07,Search,326.2
2024-08-08,Search,270
2024-08-09,Search,244
2024-08-10,Search,489
2024-08-12,Search,696
2024-08-13,Search,680
2024-08-14,Search,314
2024-08-15,Search,436
2024-08-16,Search,1072
2024-08-17,Search,449.5
2024-08-18,Search,253
2024-08-19,Search,336.5
2024-08-20,Search,408.5
2024-08-21,Search,177
2024-08-22,Search,281
2024-08-23,Search,277.666666666667
2024-08-24,Search,467.666666666667
2024-08-25,Search,180
2024-08-27,Search,420.5
2024-08-28,Search,833
2024-08-29,Search,401
2024-08-30,Search,305.5
2024-09-01,Search,278.75
2024-09-02,Search,492
2024-09-03,Search,307
2024-09-04,Search,284.6
2024-09-06,Search,306
2024-09-07,Search,110
2024-09-08,Search,380.75
2024-09-09,Search,148
2024-09-10,Search,462
2024-09-11,Search,195
2024-09-12,Search,281
2024-09-13,Search,233
2024-09-15,Search,206
2024-09-16,Search,264.5
2024-09-17,Search,382
2024-09-18,Search,288.5
2024-09-19,Search,380
2024-09-20,Search,494.5
2024-09-21,Search,1058
2024-09-22,Search,374
2024-09-23,Search,284
2024-09-26,Search,586
2024-09-27,Search,816
2024-09-28,Search,235
2024-09-29,Search,466.666666666667
2024-10-01,Search,311.666666666667
2024-10-03,Search,311
2024-10-05,Search,359
2024-10-06,Search,545
2024-10-08,Search,347
2024-10-09,Search,148
2024-10-11,Search,193
2024-10-12,Search,342
2024-10-14,Search,536.5
2024-10-15,Search,474.5
2024-10-16,Search,215
2024-10-17,Search,351
2024-10-18,Search,355
2024-10-20,Search,1041
2024-10-21,Search,302.5
2024-10-22,Search,445
2024-10-23,Search,242.5
2024-10-24,Search,902
2024-10-26,Search,262
2024-10-27,Search,278
2024-10-28,Search,209
2024-10-29,Search,239
2024-10-30,Search,253.5
2024-10-31,Search,603
2024-11-01,Search,339.5
2024-11-02,Search,217.5
2024-11-03,Search,691.333333333333
2024-11-05,Search,549.5
2024-11-06,Search,677
2024-11-07,Search,249
2024-11-08,Search,464
2024-11-09,Search,383
2024-11-10,Search,319
2024-11-11,Search,150
2024-11-12,Search,546
2024-11-13,Search,236
2024-11-15,Search,524
2024-11-17,Search,482.333333333333
2024-11-18,Search,521.333333333333
2024-11-19,Search,305
2024-11-20,Search,811.5
2024-11-22,Search,551
2024-11-23,Search,595
2024-11-24,Search,345
2024-11-25,Search,468
2024-11-26,Search,423.5
2024-11-28,Search,249
2024-11-29,Search,568.333333333333
2024-12-01,Search,351
2024-12-06,Search,345.5
2024-12-07,Search,443
2024-12-08,Search,263.666666666667
2024-12-09,Search,464
2024-12-10,Search,675.666666666667
2024-12-11,Search,539
2024-12-12,Search,246.666666666667
2024-12-14,Search,694
2024-12-15,Search,796.5
2024-12-16,Search,193
2024-12-17,Search,463
2024-12-18,Search,381.4
2024-12-19,Search,434
2024-12-20,Search,713
2024-12-21,Search,586
2024-12-22,Search,642
2024-12-23,Search,632
2024-12-25,Search,255
2024-12-26,Search,379.666666666667
2024-12-27,Search,503
2024-12-28,Search,467
2024-12-29,Search,706
2024-12-30,Search,440
2024-12-31,Search,368
2025-01-01,Search,1548
2025-01-02,Search,381.666666666667
2025-01-03,Search,379
2025-01-06,Search,493
2025-01-07,Search,786
2025-01-08,Search,603
2025-01-10,Search,595.6
2025-01-11,Search,464
2025-01-12,Search,621
2025-01-14,Search,390
2025-01-16,Search,516.2
2025-01-17,Search,264
2025-01-18,Search,357
2025-01-19,Search,889
2025-01-20,Search,205
2025-01-21,Search,635.5
2025-01-22,Search,572
2025-01-23,Search,509.75
2025-01-24,Search,275
2025-01-25,Search,293.4
2025-01-27,Search,454
2025-01-28,Search,861
2025-01-29,Search,908.5
2025-01-30,Search,327.5
2025-01-31,Search,404.5
2025-02-02,Search,356
2025-02-04,Search,672
2025-02-05,Search,1508
2025-02-06,Search,710
2025-02-07,Search,364.5
2025-02-08,Search,480.4
2025-02-09,Search,335
2025-02-10,Search,618.5
2025-02-11,Search,392
2025-02-12,Search,1637
2025-02-13,Search,295
2025-02-15,Search,531.5
2025-02-16,Search,417
2025-02-17,Search,838
2025-02-18,Search,513
2025-02-19,Search,750
2025-02-20,Search,878.5
2025-02-21,Search,826
2025-02-22,Search,766
2025-02-23,Search,595
2025-02-24,Search,308
2025-02-26,Search,720
2025-02-27,Search,526.333333333333
2025-03-01,Search,961
2025-03-02,Search,595
2025-03-04,Search,902
2025-03-05,Search,886
2025-03-06,Search,551.5
2025-03-08,Search,436.333333333333
2025-03-09,Search,431.5
2025-03-11,Search,770.666666666667
2025-03-12,Search,725
2025-03-13,Search,123
2025-03-14,Search,604
2025-03-15,Search,899.25
2025-03-16,Search,467
2025-03-18,Search,800
2025-03-19,Search,708
2025-03-21,Search,754
2025-03-22,Search,307
2025-03-23,Search,482
2025-03-24,Search,493
2025-03-25,Search,462
2025-03-28,Search,416
2025-03-30,Search,382
2025-03-31,Search,722
2025-04-01,Search,968.5
2025-04-02,Search,351
2025-04-03,Search,536.5
2025-04-04,Search,275
2025-04-05,Search,547
2025-04-06,Search,544.666666666667
2025-04-07,Search,622
2025-04-08,Search,433
2025-04-09,Search,748
2025-04-10,Search,223
2025-04-11,Search,474
2025-04-12,Search,562.5
2025-04-13,Search,403
2025-04-14,Search,897
2025-04-15,Search,602
2025-04-16,Search,1548
2025-04-17,Search,506
2025-04-19,Search,648
2025-04-20,Search,515.333333333333
2025-04-21,Search,527
2025-04-22,Search,1167.5
2025-04-23,Search,263
2025-04-24,Search,1275
2025-04-25,Search,560.2
2025-04-26,Search,611.833333333333
2025-04-27,Search,696.5
2025-04-29,Search,544
2025-05-01,Search,443
2025-05-02,Search,709
2025-05-03,Search,558.25
2025-05-05,Search,513
2025-05-06,Search,281
2025-05-07,Search,428
2025-05-08,Search,631
2025-05-09,Search,721.5
2025-05-10,Search,685
2025-05-11,Search,212
2025-05-13,Search,647
2025-05-14,Search,594
2025-05-15,Search,777.5
2025-05-16,Search,586.25
2025-05-18,Search,583.666666666667
2025-05-19,Search,649.666666666667
2025-05-20,Search,330.5
2025-05-21,Search,1039
2025-05-22,Search,475
2025-05-23,Search,325.333333333333
2025-05-25,Search,187
2025-05-26,Search,344
2025-05-27,Search,551
2025-05-29,Search,462
2025-05-30,Search,560
2025-05-31,Search,396
2025-06-01,Search,201
2025-06-02,Search,433.5
2025-06-04,Search,841
2025-06-05,Search,508.75
2025-06-06,Search,848
2025-06-07,Search,548
2025-06-08,Search,568
2025-06-10,Search,410
2025-06-12,Search,401
2025-06-13,Search,731
2025-06-16,Search,537
2025-06-17,Search,526.5
2025-06-18,Search,632
2025-06-19,Search,331.25
2025-06-20,Search,321
2025-06-21,Search,444.333333333333
2025-06-22,Search,692.5
2025-06-23,Search,606.5
2025-06-24,Search,649.333333333333
2025-06-25,Search,505
2025-06-26,Search,495
2025-06-27,Search,374
2025-06-28,Search,296
2025-06-30,Search,409
2025-07-01,Search,452
2025-07-02,Search,309.5
2025-07-03,Search,333.5
2025-07-04,Search,129
2025-07-05,Search,161
2025-07-06,Search,175
2025-07-07,Search,370.5
2025-07-08,Search,441.666666666667
2025-07-10,Search,231
2025-07-12,Search,587
2025-07-13,Search,529
2025-07-14,Search,368
2025-07-15,Search,510
2025-07-16,Search,414.5
2025-07-17,Search,881
2025-07-18,Search,716
2025-07-19,Search,747.666666666667
2025-07-20,Search,339
2025-07-21,Search,200
2025-07-23,Search,765
2025-07-24,Search,834
2025-07-25,Search,532
2025-07-26,Search,980
2025-07-27,Search,402
2025-07-28,Search,434.5
2025-07-30,Search,406.666666666667
2025-07-31,Search,600
2025-08-01,Search,503.5
2025-08-02,Search,171
2025-08-03,Search,694
2025-08-04,Search,355
2025-08-05,Search,413.666666666667
2025-08-06,Search,508.333333333333
2025-08-07,Search,431
2025-08-08,Search,371
2025-08-10,Search,265
2025-08-11,Search,401.5
2025-08-13,Search,257
2025-08-14,Search,455
2025-08-15,Search,451.75
2025-08-16,Search,629
2025-08-17,Search,322
2025-08-18,Search,203
2025-08-19,Search,575
2025-08-20,Search,379
2025-08-22,Search,571
2025-08-23,Search,334
2025-08-24,Search,602.5
2025-08-25,Search,553
2025-08-26,Search,111
2025-08-27,Search,302.5
2025-08-29,Search,351.5
2025-08-30,Search,171
2025-09-01,Search,479.5
2025-09-03,Search,404.5
2025-09-04,Search,363.333333333333
2025-09-05,Search,300
2025-09-06,Search,410
2025-09-07,Search,409
2025-09-08,Search,408.5
2025-09-09,Search,227
2025-09-10,Search,578.5
2025-09-11,Search,440
2025-09-12,Search,350
2025-09-13,Search,364.5
2025-09-14,Search,389.5
2025-09-16,Search,179
2025-09-17,Search,200
2025-09-19,Search,359
2025-09-20,Search,220
2025-09-22,Search,335
2025-09-23,Search,173
2025-09-24,Search,514.333333333333
2025-09-26,Search,330
2025-09-27,Search,437
2025-09-28,Search,221
2025-10-01,Search,290
2025-10-02,Search,304
2025-10-04,Search,279
2025-10-05,Search,175
2025-10-06,Search,660.5
2025-10-08,Search,791
2025-10-09,Search,312
2025-10-10,Search,481
2025-10-11,Search,261
2025-10-12,Search,569
2025-10-13,Search,303.5
2025-10-14,Search,753
2025-10-15,Search,477.4
2025-10-16,Search,410.4
2025-10-18,Search,558
2025-10-20,Search,756.5
2025-10-21,Search,921
2025-10-22,Search,245.333333333333
2025-10-24,Search,370
2025-10-26,Search,289
2025-10-28,Search,367.666666666667
2025-10-31,Search,378
2025-11-02,Search,553.666666666667
2025-11-04,Search,703
2025-11-05,Search,490
2025-11-06,Search,313
2025-11-07,Search,462.5
2025-11-09,Search,492
2025-11-10,Search,824.5
2025-11-11,Search,512
2025-11-12,Search,524.5
2025-11-14,Search,457
2025-11-15,Search,152.5
2025-11-16,Search,509
2025-11-17,Search,477
2025-11-18,Search,237
2025-11-19,Search,654
2025-11-20,Search,727
2025-11-21,Search,635
2025-11-22,Search,366.5
2025-11-23,Search,475
2025-11-24,Search,472
2025-11-25,Search,498
2025-11-26,Search,657.666666666667
2025-11-27,Search,398
2025-11-28,Search,461.666666666667
2025-11-29,Search,389
2025-12-01,Search,450
2025-12-03,Search,428.5
2025-12-04,Search,612.5
2025-12-05,Search,269.5
2025-12-07,Search,554
2025-12-08,Search,118.5
2025-12-09,Search,423
2025-12-10,Search,388.333333333333
2025-12-11,Search,343.666666666667
2025-12-12,Search,352
2025-12-13,Search,399
2025-12-15,Search,631.333333333333
2025-12-17,Search,308
2025-12-18,Search,561.5
2025-12-19,Search,606
2025-12-21,Search,854.5
2025-12-22,Search,432
2025-12-23,Search,631
2025-12-24,Search,257
2025-12-25,Search,1704
2025-12-26,Search,516.666666666667
2025-12-27,Search,525
2025-12-28,Search,1081
2025-12-29,Search,651
2025-12-30,Search,612
2025-12-31,Search,416
2023-01-01,Social,436
2023-01-02,Social,484
2023-01-04,Social,236
2023-01-05,Social,258
2023-01-06,Social,423
2023-01-08,Social,310.333333333333
2023-01-11,Social,363
2023-01-13,Social,350
2023-01-16,Social,758
2023-01-17,Social,329.666666666667
2023-01-18,Social,204
2023-01-20,Social,441.333333333333
2023-01-21,Social,328.5
2023-01-23,Social,273
2023-01-26,Social,478
2023-01-27,Social,435
2023-01-29,Social,433.5
2023-02-02,Social,270
2023-02-03,Social,378.5
2023-02-04,Social,464.666666666667
2023-02-07,Social,339.5
2023-02-09,Social,561
2023-02-10,Social,446
2023-02-11,Social,576.5
2023-02-12,Social,391.5
2023-02-13,Social,301.5
2023-02-14,Social,356
2023-02-18,Social,269
2023-02-19,Social,104
2023-02-20,Social,285
2023-02-21,Social,107
2023-02-22,Social,583.666666666667
2023-02-23,Social,382
2023-02-24,Social,720
2023-02-25,Social,374
2023-02-26,Social,381
2023-02-27,Social,548
2023-03-01,Social,286
2023-03-02,Social,422
2023-03-04,Social,517.666666666667
2023-03-06,Social,231
2023-03-07,Social,457
2023-03-08,Social,157.5
2023-03-09,Social,245.8
2023-03-10,Social,368.5
2023-03-11,Social,492
2023-03-12,Social,588
2023-03-13,Social,1057
2023-03-14,Social,180
2023-03-16,Social,246.666666666667
2023-03-18,Social,809
2023-03-19,Social,535
2023-03-20,Social,352.5
2023-03-21,Social,403
2023-03-22,Social,518.75
2023-03-24,Social,356
2023-03-25,Social,746
2023-03-26,Social,295
2023-03-27,Social,650
2023-03-28,Social,306
2023-03-29,Social,432
2023-03-30,Social,322.5
2023-03-31,Social,136
2023-04-02,Social,98
2023-04-03,Social,224
2023-04-04,Social,232
2023-04-07,Social,456
2023-04-08,Social,419
2023-04-10,Social,206.5
2023-04-11,Social,293
2023-04-13,Social,293.5
2023-04-14,Social,316
2023-04-18,Social,407
2023-04-20,Social,469.5
2023-04-22,Social,254
2023-04-23,Social,324.666666666667
2023-04-24,Social,337
2023-04-26,Social,319.5
2023-04-28,Social,282.5
2023-04-29,Social,406
2023-04-30,Social,488.666666666667
2023-05-02,Social,174.5
2023-05-04,Social,182.5
2023-05-06,Social,237
2023-05-07,Social,418
2023-05-08,Social,172
2023-05-09,Social,125
2023-05-13,Social,224
2023-05-14,Social,398
2023-05-15,Social,211
2023-05-16,Social,267
2023-05-17,Social,375.5
2023-05-18,Social,192
2023-05-19,Social,233
2023-05-20,Social,212.75
2023-05-23,Social,385.5
2023-05-25,Social,362
2023-05-26,Social,316
2023-05-27,Social,243
2023-05-29,Social,403.5
2023-05-31,Social,424
2023-06-02,Social,131
2023-06-04,Social,191
2023-06-05,Social,284.5
2023-06-06,Social,156
2023-06-07,Social,394
2023-06-09,Social,247.5
2023-06-10,Social,89
2023-06-11,Social,314.333333333333
2023-06-12,Social,162
2023-06-13,Social,337.5
2023-06-14,Social,112
2023-06-16,Social,187
2023-06-18,Social,223
2023-06-19,Social,313
2023-06-20,Social,311
2023-06-21,Social,302.666666666667
2023-06-22,Social,278
2023-06-23,Social,253
2023-06-24,Social,404
2023-06-25,Social,188
2023-06-27,Social,227
2023-06-28,Social,229
2023-06-29,Social,278
2023-06-30,Social,193
2023-07-01,Social,398
2023-07-02,Social,245.5
2023-07-03,Social,183.5
2023-07-04,Social,302
2023-07-05,Social,250.5
2023-07-06,Social,166
2023-07-07,Social,374
2023-07-11,Social,268
2023-07-12,Social,172
2023-07-14,Social,435.5
2023-07-16,Social,692
2023-07-17,Social,162
2023-07-18,Social,141
2023-07-19,Social,201
2023-07-20,Social,377.5
2023-07-21,Social,169
2023-07-22,Social,129
2023-07-23,Social,144
2023-07-24,Social,261
2023-07-25,Social,80
2023-07-26,Social,200.333333333333
2023-07-27,Social,373
2023-07-31,Social,301
2023-08-01,Social,303.666666666667
2023-08-04,Social,320
2023-08-05,Social,201.4
2023-08-06,Social,161
2023-08-07,Social,497
2023-08-08,Social,243
2023-08-09,Social,295
2023-08-11,Social,292
2023-08-12,Social,444
2023-08-14,Social,205
2023-08-17,Social,115.5
2023-08-18,Social,282
2023-08-19,Social,180.333333333333
2023-08-21,Social,303
2023-08-22,Social,137.4
2023-08-23,Social,182
2023-08-24,Social,160
2023-08-26,Social,349
2023-08-27,Social,261.75
2023-08-28,Social,260.666666666667
2023-08-29,Social,212.5
2023-08-31,Social,178.5
2023-09-01,Social,189.5
2023-09-02,Social,143
2023-09-03,Social,330
2023-09-07,Social,211
2023-09-09,Social,205
2023-09-11,Social,97
2023-09-12,Social,210
2023-09-13,Social,439
2023-09-15,Social,241
2023-09-16,Social,658
2023-09-17,Social,208
2023-09-18,Social,146.666666666667
2023-09-20,Social,452
2023-09-21,Social,294.333333333333
2023-09-22,Social,220
2023-09-23,Social,102
2023-09-24,Social,360
2023-09-26,Social,160
2023-09-27,Social,181
2023-09-30,Social,440
2023-10-01,Social,125
2023-10-02,Social,397
2023-10-04,Social,160
2023-10-05,Social,355.5
2023-10-06,Social,195
2023-10-07,Social,205.5
2023-10-09,Social,291
2023-10-11,Social,193.5
2023-10-13,Social,247.5
2023-10-14,Social,183
2023-10-15,Social,188.5
2023-10-17,Social,300
2023-10-19,Social,274.5
2023-10-22,Social,419
2023-10-23,Social,193
2023-10-24,Social,184
2023-10-25,Social,174.333333333333
2023-10-26,Social,392
2023-10-27,Social,144
2023-10-28,Social,125.5
2023-10-31,Social,123.666666666667
2023-11-01,Social,340
2023-11-02,Social,243
2023-11-03,Social,87
2023-11-04,Social,448
2023-11-05,Social,340
2023-11-09,Social,198
2023-11-10,Social,211
2023-11-11,Social,560
2023-11-12,Social,115
2023-11-13,Social,606
2023-11-14,Social,206
2023-11-15,Social,403.5
2023-11-16,Social,196
2023-11-17,Social,371
2023-11-18,Social,354
2023-11-19,Social,184
2023-11-20,Social,347
2023-11-22,Social,340
2023-11-23,Social,548
2023-11-24,Social,27
2023-11-25,Social,297
2023-11-26,Social,370.5
2023-11-27,Social,292
2023-11-29,Social,228.666666666667
2023-11-30,Social,259
2023-12-01,Social,313
2023-12-03,Social,197.333333333333
2023-12-04,Social,185.5
2023-12-05,Social,267.666666666667
2023-12-06,Social,236
2023-12-07,Social,22
2023-12-08,Social,266
2023-12-10,Social,220
2023-12-12,Social,355
2023-12-14,Social,277
2023-12-17,Social,612
2023-12-20,Social,92
2023-12-22,Social,184
2023-12-23,Social,328
2023-12-25,Social,187
2023-12-26,Social,122
2023-12-28,Social,420
2023-12-30,Social,226.5
2023-12-31,Social,240
2024-01-01,Social,442
2024-01-02,Social,291.666666666667
2024-01-04,Social,413
2024-01-07,Social,670
2024-01-08,Social,205.5
2024-01-11,Social,503
2024-01-13,Social,374
2024-01-15,Social,237
2024-01-17,Social,538
2024-01-18,Social,265
2024-01-19,Social,238
2024-01-20,Social,247
2024-01-23,Social,248.666666666667
2024-01-24,Social,183.5
2024-01-25,Social,240
2024-01-26,Social,373
2024-01-27,Social,583
2024-01-28,Social,232
2024-01-29,Social,377
2024-01-30,Social,156
2024-01-31,Social,400
2024-02-02,Social,766.5
2024-02-04,Social,388
2024-02-05,Social,489
2024-02-07,Social,515
2024-02-10,Social,379
2024-02-11,Social,907
2024-02-13,Social,382
2024-02-14,Social,370
2024-02-16,Social,332
2024-02-17,Social,306.5
2024-02-19,Social,588.5
2024-02-24,Social,228
2024-02-26,Social,257
2024-02-28,Social,269
2024-02-29,Social,610.5
2024-03-01,Social,391.333333333333
2024-03-02,Social,503
2024-03-03,Social,192
2024-03-04,Social,47
2024-03-07,Social,232.5
2024-03-08,Social,371.333333333333
2024-03-09,Social,545
2024-03-10,Social,391
2024-03-12,Social,347.5
2024-03-13,Social,518
2024-03-19,Social,324
2024-03-20,Social,455
2024-03-21,Social,270
2024-03-22,Social,539
2024-03-23,Social,264.666666666667
2024-03-24,Social,430
2024-03-25,Social,483
2024-03-27,Social,455
2024-03-29,Social,530
2024-03-30,Social,268
2024-04-01,Social,544
2024-04-02,Social,439.333333333333
2024-04-03,Social,107.5
2024-04-04,Social,549
2024-04-06,Social,376
2024-04-07,Social,296.5
2024-04-09,Social,329
2024-04-10,Social,422
2024-04-11,Social,420
2024-04-12,Social,300
2024-04-13,Social,446
2024-04-14,Social,277
2024-04-15,Social,402
2024-04-16,Social,126
2024-04-18,Social,513.5
2024-04-19,Social,494
2024-04-20,Social,519
2024-04-21,Social,410
2024-04-22,Social,323
2024-04-23,Social,276
2024-04-24,Social,193
2024-04-25,Social,335
2024-04-28,Social,53
2024-04-29,Social,317.5
2024-05-02,Social,743
2024-05-06,Social,304
2024-05-09,Social,218.5
2024-05-10,Social,116
2024-05-11,Social,398
2024-05-12,Social,399
2024-05-13,Social,618
2024-05-17,Social,183
2024-05-18,Social,220
2024-05-20,Social,422
2024-05-21,Social,332.5
2024-05-23,Social,257
2024-05-24,Social,184
2024-05-25,Social,309
2024-05-26,Social,497
2024-05-28,Social,428.75
2024-05-30,Social,354
2024-05-31,Social,292
2024-06-01,Social,221
2024-06-02,Social,343.5
2024-06-03,Social,175.5
2024-06-04,Social,508
2024-06-05,Social,500
2024-06-06,Social,439
2024-06-08,Social,151
2024-06-13,Social,513.5
2024-06-16,Social,383
2024-06-19,Social,107
2024-06-23,Social,487
2024-06-24,Social,194.666666666667
2024-06-25,Social,264
2024-06-26,Social,431
2024-06-27,Social,312.2
2024-06-28,Social,232
2024-06-29,Social,98
2024-06-30,Social,289
2024-07-01,Social,396
2024-07-03,Social,457
2024-07-05,Social,398.5
2024-07-06,Social,248
2024-07-07,Social,387
2024-07-08,Social,122
2024-07-10,Social,336
2024-07-12,Social,143
2024-07-13,Social,320
2024-07-15,Social,261
2024-07-16,Social,375.5
2024-07-17,Social,220.666666666667
2024-07-18,Social,194.5
2024-07-19,Social,449.5
2024-07-21,Social,249
2024-07-22,Social,236
2024-07-23,Social,182.5
2024-07-24,Social,118
2024-07-25,Social,247
2024-07-26,Social,234
2024-07-30,Social,265
2024-07-31,Social,206
2024-08-01,Social,333
2024-08-02,Social,366.666666666667
2024-08-05,Social,136
2024-08-06,Social,83
2024-08-07,Social,270
2024-08-09,Social,470
2024-08-10,Social,330
2024-08-13,Social,510
2024-08-14,Social,584
2024-08-15,Social,283
2024-08-17,Social,278.5
2024-08-18,Social,107
2024-08-19,Social,375
2024-08-20,Social,130
2024-08-21,Social,161
2024-08-22,Social,299.5
2024-08-23,Social,194
2024-08-24,Social,343
2024-08-26,Social,346
2024-08-28,Social,298.5
2024-08-29,Social,306.5
2024-09-03,Social,135
2024-09-04,Social,390
2024-09-05,Social,383
2024-09-06,Social,278.666666666667
2024-09-07,Social,289
2024-09-08,Social,224
2024-09-09,Social,224
2024-09-11,Social,20
2024-09-14,Social,180
2024-09-15,Social,130
2024-09-16,Social,47
2024-09-17,Social,272.5
2024-09-19,Social,199.666666666667
2024-09-21,Social,248.5
2024-09-22,Social,341
2024-09-23,Social,240
2024-09-24,Social,246.5
2024-09-25,Social,279
2024-09-26,Social,136
2024-09-27,Social,191
2024-09-28,Social,178
2024-10-01,Social,488
2024-10-03,Social,208
2024-10-04,Social,326.5
2024-10-05,Social,280.5
2024-10-08,Social,628.5
2024-10-09,Social,90
2024-10-10,Social,11
2024-10-13,Social,220
2024-10-14,Social,453
2024-10-15,Social,215.5
2024-10-19,Social,328
2024-10-20,Social,314
2024-10-21,Social,413
2024-10-23,Social,226.333333333333
2024-10-25,Social,260
2024-10-27,Social,291
2024-10-28,Social,408.5
2024-10-29,Social,367.333333333333
2024-10-31,Social,310
2024-11-02,Social,370.5
2024-11-03,Social,359.5
2024-11-04,Social,150
2024-11-05,Social,350
2024-11-06,Social,155.5
2024-11-07,Social,284
2024-11-08,Social,409.333333333333
2024-11-09,Social,133
2024-11-10,Social,382
2024-11-11,Social,324.5
2024-11-12,Social,327
2024-11-14,Social,376
2024-11-15,Social,221
2024-11-16,Social,307
2024-11-17,Social,196
2024-11-18,Social,249
2024-11-19,Social,333.5
2024-11-20,Social,509
2024-11-21,Social,186.5
2024-11-22,Social,385.333333333333
2024-11-24,Social,217
2024-11-26,Social,234
2024-11-27,Social,61
2024-11-28,Social,60
2024-11-30,Social,100
2024-12-01,Social,440
2024-12-02,Social,199
2024-12-03,Social,233
2024-12-04,Social,834
2024-12-06,Social,325.666666666667
2024-12-07,Social,334
2024-12-08,Social,368
2024-12-09,Social,358.5
2024-12-10,Social,241
2024-12-11,Social,266
2024-12-13,Social,344.5
2024-12-14,Social,455.333333333333
2024-12-15,Social,366
2024-12-16,Social,372.5
2024-12-17,Social,173.5
2024-12-19,Social,242
2024-12-20,Social,618
2024-12-23,Social,278
2024-12-24,Social,178
2024-12-26,Social,522
2024-12-27,Social,369
2024-12-28,Social,308.5
2024-12-29,Social,502
2024-12-30,Social,281.5
2024-12-31,Social,317.5
2025-01-02,Social,298
2025-01-04,Social,97
2025-01-05,Social,146
2025-01-06,Social,266
2025-01-07,Social,462.666666666667
2025-01-08,Social,435
2025-01-10,Social,368.5
2025-01-15,Social,302
2025-01-16,Social,331
2025-01-17,Social,336.5
2025-01-18,Social,221
2025-01-19,Social,345
2025-01-20,Social,387.5
2025-01-21,Social,919
2025-01-22,Social,179
2025-01-23,Social,215
2025-01-26,Social,506
2025-01-27,Social,834
2025-01-28,Social,253.333333333333
2025-01-30,Social,214
2025-02-02,Social,549
2025-02-03,Social,221
2025-02-05,Social,124
2025-02-08,Social,584.333333333333
2025-02-09,Social,406.333333333333
2025-02-10,Social,403.5
2025-02-11,Social,645
2025-02-12,Social,289
2025-02-13,Social,281.5
2025-02-15,Social,547
2025-02-16,Social,395
2025-02-17,Social,390
2025-02-18,Social,756
2025-02-19,Social,588
2025-02-20,Social,732
2025-02-21,Social,219
2025-02-22,Social,495
2025-02-23,Social,465.4
2025-02-25,Social,236
2025-02-28,Social,448
2025-03-03,Social,634
2025-03-05,Social,331
2025-03-06,Social,285
2025-03-07,Social,477.333333333333
2025-03-08,Social,662.5
2025-03-10,Social,175
2025-03-12,Social,199.5
2025-03-14,Social,422
2025-03-16,Social,415
2025-03-17,Social,454.5
2025-03-19,Social,891
2025-03-20,Social,275
2025-03-21,Social,746
2025-03-23,Social,383.5
2025-03-25,Social,434
2025-03-26,Social,300
2025-03-27,Social,342.5
2025-03-28,Social,341
2025-03-29,Social,479
2025-03-31,Social,421
2025-04-01,Social,415.333333333333
2025-04-02,Social,437
2025-04-03,Social,259
2025-04-04,Social,321.5
2025-04-06,Social,460
2025-04-07,Social,529
2025-04-09,Social,580
2025-04-10,Social,445
2025-04-11,Social,292
2025-04-13,Social,432
2025-04-14,Social,148
2025-04-15,Social,706
2025-04-16,Social,691.5
2025-04-17,Social,513
2025-04-19,Social,209
2025-04-20,Social,893
2025-04-21,Social,203
2025-04-22,Social,549
2025-04-23,Social,765
2025-04-24,Social,574
2025-04-25,Social,462
2025-04-26,Social,190
2025-04-27,Social,449.6
2025-04-28,Social,226
2025-05-02,Social,429.5
2025-05-03,Social,334
2025-05-04,Social,505
2025-05-05,Social,243.25
2025-05-06,Social,282
2025-05-08,Social,611
2025-05-09,Social,551
2025-05-10,Social,271.5
2025-05-12,Social,191
2025-05-14,Social,449
2025-05-15,Social,199
2025-05-16,Social,199.5
2025-05-18,Social,261
2025-05-20,Social,693
2025-05-21,Social,490.666666666667
2025-05-22,Social,614
2025-05-23,Social,230
2025-05-24,Social,1083
2025-05-25,Social,481
2025-05-26,Social,516
2025-05-27,Social,596
2025-05-28,Social,808
2025-05-29,Social,229
2025-05-30,Social,289.666666666667
2025-06-02,Social,146
2025-06-03,Social,401.333333333333
2025-06-04,Social,403.5
2025-06-06,Social,507
2025-06-07,Social,204
2025-06-08,Social,860
2025-06-09,Social,331
2025-06-10,Social,221
2025-06-11,Social,328
2025-06-13,Social,643
2025-06-14,Social,331
2025-06-16,Social,520.5
2025-06-17,Social,418
2025-06-18,Social,160
2025-06-19,Social,378
2025-06-21,Social,424
2025-06-22,Social,569.5
2025-06-23,Social,865
2025-06-24,Social,589
2025-06-26,Social,196
2025-06-27,Social,353.333333333333
2025-06-29,Social,232
2025-06-30,Social,247
2025-07-05,Social,484.5
2025-07-07,Social,259
2025-07-08,Social,917
2025-07-09,Social,118
2025-07-10,Social,188.5
2025-07-12,Social,91
2025-07-13,Social,260
2025-07-15,Social,98
2025-07-22,Social,142
2025-07-23,Social,526
2025-07-24,Social,115
2025-07-27,Social,305
2025-07-28,Social,245
2025-07-31,Social,210
2025-08-01,Social,298
2025-08-02,Social,262
2025-08-05,Social,219
2025-08-06,Social,309
2025-08-08,Social,617
2025-08-09,Social,272.333333333333
2025-08-12,Social,174.666666666667
2025-08-13,Social,180
2025-08-14,Social,524
2025-08-15,Social,214
2025-08-16,Social,402.666666666667
2025-08-17,Social,214
2025-08-18,Social,439
2025-08-19,Social,231
2025-08-21,Social,320
2025-08-22,Social,171
2025-08-26,Social,380
2025-08-28,Social,358
2025-09-02,Social,280.5
2025-09-03,Social,94.5
2025-09-04,Social,518
2025-09-05,Social,395
2025-09-06,Social,226
2025-09-07,Social,240
2025-09-08,Social,59
2025-09-10,Social,170
2025-09-11,Social,399
2025-09-12,Social,189.5
2025-09-14,Social,237.666666666667
2025-09-15,Social,523
2025-09-16,Social,309
2025-09-17,Social,273
2025-09-18,Social,427
2025-09-19,Social,298
2025-09-20,Social,409.5
2025-09-22,Social,235
2025-09-24,Social,319
2025-09-28,Social,221
2025-09-29,Social,331.5
2025-10-01,Social,236.5
2025-10-03,Social,381
2025-10-04,Social,304
2025-10-07,Social,197.5
2025-10-08,Social,223.5
2025-10-10,Social,223.5
2025-10-11,Social,140
2025-10-12,Social,250.5
2025-10-13,Social,72
2025-10-15,Social,270.666666666667
2025-10-16,Social,235
2025-10-17,Social,215
2025-10-18,Social,144
2025-10-19,Social,156
2025-10-21,Social,159
2025-10-22,Social,217.5
2025-10-23,Social,328
2025-10-25,Social,273
2025-10-26,Social,488.5
2025-10-27,Social,130.5
2025-10-28,Social,209
2025-10-29,Social,358
2025-10-30,Social,243
2025-10-31,Social,281
2025-11-02,Social,284
2025-11-03,Social,396
2025-11-04,Social,692
2025-11-06,Social,348
2025-11-08,Social,287
2025-11-10,Social,418
2025-11-11,Social,436
2025-11-13,Social,163
2025-11-14,Social,392
2025-11-16,Social,207.5
2025-11-18,Social,225
2025-11-19,Social,442
2025-11-20,Social,293
2025-11-22,Social,307.333333333333
2025-11-24,Social,527.5
2025-11-25,Social,352.333333333333
2025-11-26,Social,375
2025-11-27,Social,397
2025-11-28,Social,213
2025-11-29,Social,463
2025-11-30,Social,261
2025-12-01,Social,447.5
2025-12-02,Social,325.5
2025-12-03,Social,707
2025-12-04,Social,312
2025-12-05,Social,301
2025-12-06,Social,321
2025-12-08,Social,695
2025-12-10,Social,395
2025-12-12,Social,295
2025-12-13,Social,598
2025-12-14,Social,424
2025-12-17,Social,378
2025-12-20,Social,175
2025-12-22,Social,266.5
2025-12-23,Social,443
2025-12-24,Social,212
2025-12-25,Social,296
2025-12-26,Social,226
2025-12-27,Social,659
2025-12-28,Social,162
2025-12-29,Social,247
2025-12-30,Social,307
2025-12-31,Social,209
